[
  {
    "type": "palette",
    "id": "BL9_castleunderground_palette",
    "terrain": {
      "?": [ "t_door_metal_c", "t_door_metal_c", "t_door_metal_c", "t_door_metal_c", "t_door_metal_o" ],
      "%": "t_rock_wall",
      "#": "t_BL9_rockred",
      "`": "t_BL9_hole",
      "J": "t_pit_corpsed",
      "H": "t_pit_spiked",
      "$": "t_floor_noroof",
      "a": "t_guardrail_bg_dp",
      "o": [ "t_door_bar_o", "t_door_bar_o", "t_door_bar_c" ],
      "+": [ "t_door_bar_c", "t_door_bar_c", "t_door_bar_o" ],
      "=": "t_bars",
      ".": "t_floor_resin",
      "j": "t_wall_resin",
      "i": "t_card_industrial",
      "L": "t_door_metal_locked",
      ">": "t_stairs_down",
      "<": "t_stairs_up",
      "C": "t_fence_wire",
      "0": "t_metal_floor",
      "1": "t_rock_floor",
      "2": "t_wall_wood",
      "3": "t_sh_bridge",
      "4": "t_uniqmazing_fl_red",
      "5": "t_conveyor",
      "w": "t_sewage",
      "s": "t_sand_underground",
      "!": "t_column",
      "h": "t_little_column"
    },
    "furniture": {
      "v": "f_chair",
      "d": "f_displaycase",
      "z": "f_bed",
      "t": "f_BL9_long_torch",
      "e": "f_crate_c",
      "p": "f_shackle",
      "R": "f_BL9_lava",
      "g": "f_machinery_light",
      "m": "f_machinery_heavy",
      "q": "f_machinery_old",
      "G": "f_generator_broken",
      "b": "f_alien_pod",
      "c": "f_alien_pod_organ",
      "f": "f_BL9_glowing_tendril",
      "l": "f_statue"
    }
  }
]
