[
  {
    "id": "mon_BL9_cultist_bash",
    "looks_like": "mon_dementia",
    "type": "MONSTER",
    "name": "Armed BL9-Cultist - Flail",
    "description": "A zealot infected by the BL9. It appears to be sentient, having all characteristics of a normal person except for strangely solemn gaze, deathly pale skin and bloodshot eyes indicating the BL9 presence,  their motive is to kill those that didn't accept the blessing of their \"dios\", this one is armed with a flail and it seems to know how to use it well.",
    "default_faction": "BL9_cultists",
    "species": [ "ZOMBIE", "HUMAN" ],
    "volume": "62500 ml",
    "weight": "81500 g",
    "hp": 143,
    "speed": 100,
    "material": [ "hflesh" ],
    "symbol": "@",
    "color": "brown",
    "aggression": 100,
    "morale": 100,
    "melee_skill": 5,
    "melee_dice": 1,
    "harvest": "zombie",
    "melee_dice_sides": 1,
    "melee_cut": 1,
    "attack_effs": [ { "id": "BL9_bleed_immun", "duration": 15, "bp": "torso" } ],
    "melee_damage": [ { "damage_type": "bash", "amount": 3, "armor_penetration": 9 } ],
    "dodge": 3,
    "armor_bash": 7,
    "armor_cut": 7,
    "special_attacks": [ [ "PARROT", 11 ] ],
    "death_function": [ "NORMAL" ],
    "death_drops": "BL9_Drops_Cult",
    "flags": [ "SEES", "HEARS", "SMELLS", "WARM", "BASHES", "GROUP_BASH", "POISON", "NO_BREATHE", "BONES", "GRABS", "PUSH_MON" ]
  },
  {
    "id": "mon_BL9_cultist_stab",
    "looks_like": "mon_zombie_master",
    "type": "MONSTER",
    "name": "Armed BL9-Cultist - Spear",
    "description": "A zealot infected by the BL9. It appears to be sentient, having all characteristics of a normal person except for strangely solemn gaze, deathly pale skin and bloodshot eyes indicating the BL9 presence,  their motive is to kill those that didn't accept the blessing of their \"dios\", this one is armed with a spear and it seems to know how to use it well.",
    "default_faction": "BL9_cultists",
    "species": [ "ZOMBIE", "HUMAN" ],
    "volume": "62500 ml",
    "weight": "81500 g",
    "hp": 143,
    "speed": 100,
    "material": [ "hflesh" ],
    "symbol": "@",
    "color": "brown",
    "aggression": 100,
    "morale": 100,
    "melee_skill": 5,
    "melee_dice": 1,
    "harvest": "zombie",
    "melee_dice_sides": 1,
    "melee_cut": 1,
    "attack_effs": [ { "id": "BL9_bleed_immun", "duration": 15, "bp": "torso" } ],
    "melee_damage": [ { "damage_type": "stab", "amount": 3, "armor_penetration": 9 } ],
    "dodge": 3,
    "armor_bash": 7,
    "armor_cut": 7,
    "special_attacks": [ [ "PARROT", 11 ] ],
    "death_function": [ "NORMAL" ],
    "death_drops": "BL9_Drops_Cult",
    "flags": [ "SEES", "HEARS", "SMELLS", "WARM", "BASHES", "GROUP_BASH", "POISON", "NO_BREATHE", "BONES", "GRABS", "PUSH_MON" ]
  },
  {
    "id": "mon_BL9_patrolcultist_stab",
    "looks_like": "mon_zombie_master",
    "type": "MONSTER",
    "name": "Armed Patrolling BL9-Cultist - Spear",
    "description": "A zealot infected by the BL9. It appears to be sentient, having all characteristics of a normal person except for strangely solemn gaze, deathly pale skin and bloodshot eyes indicating the BL9 presence,  their motive is to kill those that didn't accept the blessing of their \"dios\", this one is armed with a spear and it seems to know how to use it well.",
    "default_faction": "BL9_cultists",
    "species": [ "ZOMBIE", "HUMAN" ],
    "volume": "62500 ml",
    "weight": "81500 g",
    "hp": 143,
    "speed": 75,
    "material": [ "hflesh" ],
    "symbol": "@",
    "color": "brown",
    "aggression": 100,
    "morale": 100,
    "melee_skill": 5,
    "melee_dice": 1,
    "harvest": "zombie",
    "melee_dice_sides": 1,
    "melee_cut": 1,
    "attack_effs": [ { "id": "BL9_bleed_immun", "duration": 15, "bp": "torso" } ],
    "melee_damage": [ { "damage_type": "stab", "amount": 3, "armor_penetration": 9 } ],
    "dodge": 3,
    "armor_bash": 1,
    "armor_cut": 1,
    "special_attacks": [ [ "PARROT", 11 ] ],
    "death_function": [ "NORMAL" ],
    "death_drops": "BL9_Drops_Cultistpatrolgrunt",
    "flags": [ "SEES", "HEARS", "SMELLS", "WARM", "BASHES", "GROUP_BASH", "POISON", "NO_BREATHE", "BONES", "GRABS", "PUSH_MON" ]
  },
  {
    "id": "mon_BL9_mutant_1",
    "looks_like": "mon_zombie_gasbag_impaler",
    "type": "MONSTER",
    "name": "BL9 Mutant - Type i ",
    "description": "A BL9-infused human with its head ruptured, revealing a slender, tendril-like whip. This whip is tipped with a sharp and flexible blade.",
    "default_faction": "BL9_cultists",
    "species": [ "ZOMBIE", "HUMAN" ],
    "volume": "62500 ml",
    "weight": "81500 g",
    "hp": 196,
    "speed": 70,
    "material": [ "hflesh" ],
    "symbol": "@",
    "color": "brown",
    "aggression": 100,
    "morale": 100,
    "melee_skill": 5,
    "melee_dice": 1,
    "harvest": "zombie",
    "melee_dice_sides": 2,
    "melee_cut": 1,
    "attack_effs": [ { "id": "BL9_bleed_immun", "duration": 15, "bp": "torso" } ],
    "melee_damage": [ { "damage_type": "cut", "amount": 4, "armor_penetration": 10 } ],
    "dodge": 3,
    "armor_bash": 8,
    "armor_cut": 8,
    "death_function": [ "NORMAL" ],
    "death_drops": "BL9_Drops_Cult",
    "special_attacks": [
      {
        "type": "monster_attack",
        "attack_type": "melee",
        "cooldown": 8,
        "move_cost": 140,
        "damage_max_instance": [ { "damage_type": "cut", "amount": 7, "armor_penetration": 13 } ],
        "hit_dmg_u": "The %1$s swings its blade-like whip at you!",
        "hit_dmg_npc": "The %1$s swings its blade-like whip at <npcname>!",
        "no_dmg_msg_u": "The %1$s tries to swing its blade-like whip at you, but fails to penetrate your armor!",
        "no_dmg_msg_npc": "The %1$s tries to swings its blade-like whip at <npcname>, but fails to penetrate their armor!",
        "miss_msg_u": "The %s swings its blade-like whip at you, but you dodge!",
        "miss_msg_npc": "The %s swings its blade-like whip at <npcname>, but they dodge!"
      },
      {
        "type": "spell",
        "spell_data": { "id": "BL9_1_horizontalslash" },
        "cooldown": 10,
        "monster_message": "<color_light_red>%1$s sweeps its bladed tendril at %3$s!\nThe tendril writhes wildly!</color>"
      }
    ],
    "flags": [ "SEES", "HEARS", "SMELLS", "WARM", "BASHES", "GROUP_BASH", "POISON", "NO_BREATHE", "BONES", "GRABS", "PUSH_MON" ]
  },
  {
    "id": "mon_BL9_cultist_cut",
    "looks_like": "mon_zombie_necro",
    "type": "MONSTER",
    "name": "Armed BL9-Cultist - Sword",
    "description": "A zealot infected by the BL9. It appears to be sentient, having all characteristics of a normal person except for strangely solemn gaze, deathly pale skin and bloodshot eyes indicating the BL9 presence,  their motive is to kill those that didn't accept the blessing of their \"dios\", this one is armed with a sword and it seems to know how to use it well.",
    "default_faction": "BL9_cultists",
    "species": [ "ZOMBIE", "HUMAN" ],
    "volume": "62500 ml",
    "weight": "81500 g",
    "hp": 143,
    "speed": 100,
    "material": [ "hflesh" ],
    "symbol": "@",
    "color": "brown",
    "aggression": 100,
    "morale": 100,
    "melee_skill": 5,
    "melee_dice": 1,
    "harvest": "zombie",
    "melee_dice_sides": 2,
    "melee_cut": 1,
    "attack_effs": [ { "id": "BL9_bleed_immun", "duration": 15, "bp": "torso" } ],
    "melee_damage": [ { "damage_type": "cut", "amount": 3, "armor_penetration": 9 } ],
    "dodge": 3,
    "armor_bash": 7,
    "armor_cut": 7,
    "special_attacks": [ [ "PARROT", 11 ] ],
    "death_function": [ "NORMAL" ],
    "death_drops": "BL9_Drops_Cult",
    "flags": [ "SEES", "HEARS", "SMELLS", "WARM", "BASHES", "GROUP_BASH", "POISON", "NO_BREATHE", "BONES", "GRABS", "PUSH_MON" ]
  },
  {
    "id": "mon_BL9_patrolcultist_cut",
    "looks_like": "mon_zombie_necro",
    "type": "MONSTER",
    "name": "Armed Patrolling BL9-Cultist - Sword",
    "description": "A zealot infected by the BL9. It appears to be sentient, having all characteristics of a normal person except for strangely solemn gaze, deathly pale skin and bloodshot eyes indicating the BL9 presence,  their motive is to kill those that didn't accept the blessing of their \"dios\", this one is armed with a sword and it seems to know how to use it well.",
    "default_faction": "BL9_cultists",
    "species": [ "ZOMBIE", "HUMAN" ],
    "volume": "62500 ml",
    "weight": "81500 g",
    "hp": 143,
    "speed": 75,
    "material": [ "hflesh" ],
    "symbol": "@",
    "color": "brown",
    "aggression": 100,
    "morale": 100,
    "melee_skill": 5,
    "melee_dice": 1,
    "harvest": "zombie",
    "melee_dice_sides": 2,
    "melee_cut": 1,
    "attack_effs": [ { "id": "BL9_bleed_immun", "duration": 15, "bp": "torso" } ],
    "melee_damage": [ { "damage_type": "cut", "amount": 3, "armor_penetration": 9 } ],
    "dodge": 3,
    "armor_bash": 1,
    "armor_cut": 1,
    "special_attacks": [ [ "PARROT", 11 ] ],
    "death_function": [ "NORMAL" ],
    "death_drops": "BL9_Drops_Cultistpatrolgrunt",
    "flags": [ "SEES", "HEARS", "SMELLS", "WARM", "BASHES", "GROUP_BASH", "POISON", "NO_BREATHE", "BONES", "GRABS", "PUSH_MON" ]
  },
  {
    "id": "mon_BL9_mutant_2",
    "looks_like": "mon_dark_wyrm",
    "type": "MONSTER",
    "name": "BL9 Mutant - type ii",
    "description": "A BL9-induced human with its head ruptured, revealing a large and slender segmented worm-like parasite. With its wide-gaping mouth, it can be deadly when it comes to biting.",
    "default_faction": "BL9_cultists",
    "species": [ "ZOMBIE", "HUMAN" ],
    "volume": "62500 ml",
    "weight": "81500 g",
    "hp": 196,
    "speed": 65,
    "material": [ "hflesh" ],
    "symbol": "@",
    "color": "brown",
    "aggression": 100,
    "morale": 100,
    "melee_skill": 5,
    "melee_dice": 1,
    "harvest": "zombie",
    "melee_dice_sides": 2,
    "melee_cut": 1,
    "attack_effs": [ { "id": "BL9_bleed_immun", "duration": 15, "bp": "torso" } ],
    "melee_damage": [ { "damage_type": "bash", "amount": 4, "armor_penetration": 10 } ],
    "dodge": 3,
    "armor_bash": 8,
    "armor_cut": 8,
    "death_function": [ "NORMAL" ],
    "death_drops": "BL9_Drops_Cult",
    "special_attacks": [
      {
        "type": "monster_attack",
        "attack_type": "melee",
        "cooldown": 8,
        "move_cost": 140,
        "damage_max_instance": [ { "damage_type": "bash", "amount": 7, "armor_penetration": 13 } ],
        "hit_dmg_u": "The %1$s stretches out its worm-like body swinging at you with it wildly!",
        "hit_dmg_npc": "The %1$s stretches out its worm-like body swinging at <npcname> with it wildly!",
        "no_dmg_msg_u": "The %1$s stretches out its worm-like body trying to swing at you with it wildly, but fails to damage your armor!",
        "no_dmg_msg_npc": "The %1$s stretches out its worm-like body trying to swing at <npcname> with it wildly, but fails to damage their armor!",
        "miss_msg_u": "The %s streches out its worm-like body trying to swing at you with it wildly, but you dodge!",
        "miss_msg_npc": "The %s stretches out its worm-like body trying to swing at <npcname> with it wildly, but they dodge!"
      },
      {
        "type": "monster_attack",
        "attack_type": "melee",
        "cooldown": 12,
        "move_cost": 215,
        "accuracy": 12,
        "damage_max_instance": [ { "damage_type": "stab", "amount": 10, "armor_penetration": 16 } ],
        "hit_dmg_u": "The %1$s devours you!",
        "hit_dmg_npc": "The %1$s devours <npcname>!",
        "no_dmg_msg_u": "The %1$s tries to devour you, but fails to penetrate your armor!",
        "no_dmg_msg_npc": "The %1$s tries to devour <npcname>, but fails to penetrate their armor!",
        "miss_msg_u": "The %s devours you, but you step aside!",
        "miss_msg_npc": "The %s devours <npcname>, but they dodge!"
      }
    ],
    "flags": [ "SEES", "HEARS", "SMELLS", "WARM", "BASHES", "GROUP_BASH", "POISON", "NO_BREATHE", "BONES", "GRABS", "PUSH_MON" ]
  },
  {
    "id": "mon_BL9_cultist_crossbow",
    "looks_like": "mon_dementia",
    "type": "MONSTER",
    "name": "Armed BL9-Cultist - Crossbow",
    "description": "A zealot infected by the BL9. It appears to be sentient, having all characteristics of a normal person except for strangely solemn gaze, deathly pale skin and bloodshot eyes indicating the BL9 presence,  their motive is to kill those that didn't accept the blessing of their \"dios\", this one is armed with a crossbow and it seems to know how to use it well.",
    "default_faction": "BL9_cultists",
    "species": [ "ZOMBIE", "HUMAN" ],
    "volume": "62500 ml",
    "weight": "81500 g",
    "hp": 143,
    "speed": 100,
    "material": [ "hflesh" ],
    "symbol": "@",
    "color": "brown",
    "aggression": 100,
    "morale": 100,
    "melee_skill": 5,
    "melee_dice": 1,
    "harvest": "zombie",
    "melee_dice_sides": 2,
    "melee_cut": 1,
    "attack_effs": [ { "id": "BL9_bleed_immun", "duration": 15, "bp": "torso" } ],
    "dodge": 3,
    "armor_bash": 7,
    "armor_cut": 7,
    "death_function": [ "NORMAL" ],
    "special_attacks": [
      [ "PARROT", 11 ],
      {
        "type": "gun",
        "cooldown": 8,
        "move_cost": 1100,
        "gun_type": "mongun_BL9_crossbow",
        "fake_skills": [ [ "gun", 8 ], [ "rifle", 8 ] ],
        "fake_dex": 8,
        "fake_per": 8,
        "require_targeting_player": false,
        "description": "The ganados fires its crossbow!",
        "ranges": [ [ 3, 14, "DEFAULT" ] ]
      }
    ],
    "death_drops": "BL9_Drops_Cult",
    "flags": [ "SEES", "HEARS", "SMELLS", "WARM", "BASHES", "GROUP_BASH", "POISON", "NO_BREATHE", "BONES", "GRABS", "PUSH_MON" ]
  },
  {
    "id": "mon_BL9_patrolcultist_crossbow",
    "looks_like": "mon_dementia",
    "type": "MONSTER",
    "name": "Armed Patrolling BL9-Cultist - Crossbow",
    "description": "A zealot infected by the BL9. It appears to be sentient, having all characteristics of a normal person except for strangely solemn gaze, deathly pale skin and bloodshot eyes indicating the BL9 presence,  their motive is to kill those that didn't accept the blessing of their \"dios\", this one is armed with a crossbow and it seems to know how to use it well.",
    "default_faction": "BL9_cultists",
    "species": [ "ZOMBIE", "HUMAN" ],
    "volume": "62500 ml",
    "weight": "81500 g",
    "hp": 143,
    "speed": 75,
    "material": [ "hflesh" ],
    "symbol": "@",
    "color": "brown",
    "aggression": 100,
    "morale": 100,
    "melee_skill": 5,
    "melee_dice": 1,
    "harvest": "zombie",
    "melee_dice_sides": 2,
    "melee_cut": 1,
    "attack_effs": [ { "id": "BL9_bleed_immun", "duration": 15, "bp": "torso" } ],
    "dodge": 3,
    "armor_bash": 1,
    "armor_cut": 1,
    "death_function": [ "NORMAL" ],
    "special_attacks": [
      [ "PARROT", 11 ],
      {
        "type": "gun",
        "cooldown": 8,
        "move_cost": 1100,
        "gun_type": "mongun_BL9_crossbow",
        "fake_skills": [ [ "gun", 8 ], [ "rifle", 8 ] ],
        "fake_dex": 8,
        "fake_per": 8,
        "require_targeting_player": false,
        "description": "The ganados fires its crossbow!",
        "ranges": [ [ 3, 14, "DEFAULT" ] ]
      }
    ],
    "death_drops": "BL9_Drops_Cultistpatrolgrunt",
    "flags": [ "SEES", "HEARS", "SMELLS", "WARM", "BASHES", "GROUP_BASH", "POISON", "NO_BREATHE", "BONES", "GRABS", "PUSH_MON" ]
  },
  {
    "id": "mon_BL9_mutant_3",
    "looks_like": "mon_mi_go_scout",
    "type": "MONSTER",
    "name": "BL9 Mutant - type iii",
    "description": "A BL9-induced human with its head ruptured, protruding from it is a parasite with several spindly spiky limbs and an acid-drooling orifice.",
    "default_faction": "BL9_cultists",
    "species": [ "ZOMBIE", "HUMAN" ],
    "volume": "62500 ml",
    "weight": "81500 g",
    "hp": 196,
    "speed": 75,
    "material": [ "hflesh" ],
    "symbol": "@",
    "color": "brown",
    "aggression": 100,
    "morale": 100,
    "melee_skill": 6,
    "melee_dice": 1,
    "harvest": "zombie",
    "melee_dice_sides": 2,
    "melee_cut": 1,
    "attack_effs": [ { "id": "BL9_bleed_immun", "duration": 15, "bp": "torso" } ],
    "melee_damage": [ { "damage_type": "stab", "amount": 4, "armor_penetration": 10 } ],
    "dodge": 3,
    "armor_bash": 8,
    "armor_cut": 8,
    "death_function": [ "NORMAL" ],
    "special_attacks": [
      { "type": "bite", "cooldown": 9, "armor_penetration": 15 },
      {
        "type": "monster_attack",
        "attack_type": "melee",
        "cooldown": 8,
        "move_cost": 235,
        "accuracy": 12,
        "damage_max_instance": [ { "damage_type": "cut", "amount": 7, "armor_penetration": 13 } ],
        "hit_dmg_u": "The %1$s swirls it's spiky body you!",
        "hit_dmg_npc": "The %1$s swrils it's spiky body at <npcname>!",
        "no_dmg_msg_u": "The %1$s tries to swirl it's spiky body at you, but fails to penetrate your armor!",
        "no_dmg_msg_npc": "The %1$s tries to swirl it's spiky body at <npcname>, but fails to penetrate their armor!",
        "miss_msg_u": "The %s swirls it's spiky body at you, but you step aside!",
        "miss_msg_npc": "The %s swirls it's spiky body at <npcname>, but they dodge!"
      },
      {
        "type": "spell",
        "spell_data": { "id": "BL9_3_acidbarf" },
        "cooldown": 10,
        "monster_message": "<color_light_red>%1$s vomits a stream of acid at %3$s!</color>"
      }
    ],
    "death_drops": "BL9_Drops_Cult",
    "flags": [ "SEES", "HEARS", "SMELLS", "WARM", "BASHES", "GROUP_BASH", "POISON", "NO_BREATHE", "BONES", "GRABS", "PUSH_MON" ]
  },
  {
    "id": "mon_BL9_cultist_patrolleader",
    "looks_like": "mon_zombie_necro",
    "type": "MONSTER",
    "name": "Armed BL9-Cultist - Patrol Leader",
    "description": "A zealot in long red robes wearing a strange skull mask infected by the BL9. It appears to be sentient, having all characteristics of a normal person except for strangely solemn gaze, deathly pale skin and bloodshot eyes indicating the BL9 presence,  their motive is to kill those that didn't accept the blessing of their \"dios\", this one is armed with a sword and it seems to know how to use it well.",
    "default_faction": "BL9_Drops_Cultistpatrol",
    "species": [ "ZOMBIE", "HUMAN" ],
    "volume": "62500 ml",
    "weight": "81500 g",
    "hp": 190,
    "speed": 75,
    "material": [ "hflesh" ],
    "symbol": "@",
    "color": "brown",
    "aggression": 100,
    "morale": 100,
    "melee_skill": 6,
    "melee_dice": 1,
    "harvest": "zombie",
    "melee_dice_sides": 2,
    "melee_cut": 1,
    "attack_effs": [ { "id": "BL9_bleed_immun", "duration": 15, "bp": "torso" } ],
    "melee_damage": [ { "damage_type": "cut", "amount": 3, "armor_penetration": 9 } ],
    "dodge": 4,
    "armor_bash": 5,
    "armor_cut": 5,
    "special_attacks": [ [ "PARROT", 11 ] ],
    "death_function": [ "NORMAL" ],
    "death_drops": "BL9_Drops_Cultistpatrollead",
    "flags": [ "SEES", "HEARS", "SMELLS", "WARM", "BASHES", "GROUP_BASH", "POISON", "NO_BREATHE", "BONES", "GRABS", "PUSH_MON" ]
  },
  {
    "id": "mon_BL9_military_bash",
	"looks_like": "mon_zombie_soldier",
    "type": "MONSTER",
    "name": "Armed BL9-Mercenary - Hammer",
    "description": "An armored mercenary infected by the BL9. It appears to be sentient, having all characteristics of a normal person except for strangely aggressive and bothered look on it's face, seemingly faster reflexes and bloodshot eyes indicating the BL9 presence,  they will do their best to stop any intruder that managed to infiltrate their compound, this one is armed with a hammer and it seems to know how to use it well.",
    "default_faction": "BL9_military",
    "species": [ "ZOMBIE", "HUMAN" ],
    "volume": "62500 ml",
    "weight": "81500 g",
    "hp": 236,
    "speed": 100,
    "material": [ "hflesh" ],
    "symbol": "@",
    "color": "brown",
    "aggression": 100,
    "morale": 100,
    "melee_skill": 5,
    "melee_dice": 1,
    "harvest": "zombie",
    "melee_dice_sides": 2,
    "melee_cut": 1,
    "attack_effs": [ { "id": "BL9_bleed_immun", "duration": 15, "bp": "torso" } ],
    "melee_damage": [ { "damage_type": "bash", "amount": 6, "armor_penetration": 18 } ],
    "dodge": 3,
    "armor_bash": 12,
    "armor_cut": 12,
    "special_attacks": [ [ "PARROT", 11 ] ],
    "death_function": [ "NORMAL" ],
    "death_drops": "BL9_Drops_Military",
    "flags": [ "SEES", "HEARS", "SMELLS", "WARM", "BASHES", "GROUP_BASH", "POISON", "NO_BREATHE", "BONES", "GRABS", "PUSH_MON" ]
  },
  {
    "id": "mon_BL9_military_stab",
	"looks_like": "mon_zombie_soldier",
    "type": "MONSTER",
    "name": "Armed BL9-Mercenary - Bayonet",
    "description": "An armored mercenary infected by the BL9. It appears to be sentient, having all characteristics of a normal person except for strangely aggressive and bothered look on it's face, seemingly faster reflexes and bloodshot eyes indicating the BL9 presence,  they will do their best to stop any intruder that managed to infiltrate their compound, this one is armed with a bayonet and it obviously knows how to use it well",
    "default_faction": "BL9_military",
    "species": [ "ZOMBIE", "HUMAN" ],
    "volume": "62500 ml",
    "weight": "81500 g",
    "hp": 236,
    "speed": 100,
    "material": [ "hflesh" ],
    "symbol": "@",
    "color": "brown",
    "aggression": 100,
    "morale": 100,
    "melee_skill": 5,
    "melee_dice": 1,
    "harvest": "zombie",
    "melee_dice_sides": 2,
    "melee_cut": 1,
    "attack_effs": [ { "id": "BL9_bleed_immun", "duration": 15, "bp": "torso" } ],
    "melee_damage": [ { "damage_type": "stab", "amount": 6, "armor_penetration": 18 } ],
    "dodge": 3,
    "armor_bash": 12,
    "armor_cut": 12,
    "special_attacks": [ [ "PARROT", 11 ] ],
    "death_function": [ "NORMAL" ],
    "death_drops": "BL9_Drops_Military",
    "flags": [ "SEES", "HEARS", "SMELLS", "WARM", "BASHES", "GROUP_BASH", "POISON", "NO_BREATHE", "BONES", "GRABS", "PUSH_MON" ]
  },
  {
    "id": "mon_BL9_patrolmilitary_stab",
	"looks_like": "mon_zombie_soldier",
    "type": "MONSTER",
    "name": "Armed BL9-Patrolling Mercenary - Bayonet",
    "description": "An armored mercenary infected by the BL9. It appears to be sentient, having all characteristics of a normal person except for strangely aggressive and bothered look on it's face, seemingly faster reflexes and bloodshot eyes indicating the BL9 presence,  they will do their best to stop any intruder that managed to infiltrate their compound, this one is armed with a bayonet and it obviously knows how to use it well",
    "default_faction": "BL9_military",
    "species": [ "ZOMBIE", "HUMAN" ],
    "volume": "62500 ml",
    "weight": "81500 g",
    "hp": 236,
    "speed": 75,
    "material": [ "hflesh" ],
    "symbol": "@",
    "color": "brown",
    "aggression": 100,
    "morale": 100,
    "melee_skill": 5,
    "melee_dice": 1,
    "harvest": "zombie",
    "melee_dice_sides": 2,
    "melee_cut": 1,
    "attack_effs": [ { "id": "BL9_bleed_immun", "duration": 15, "bp": "torso" } ],
    "melee_damage": [ { "damage_type": "stab", "amount": 6, "armor_penetration": 18 } ],
    "dodge": 3,
    "armor_bash": 2,
    "armor_cut": 2,
    "special_attacks": [ [ "PARROT", 11 ] ],
    "death_function": [ "NORMAL" ],
    "death_drops": "BL9_Drops_Militarypatrolgrunt",
    "flags": [ "SEES", "HEARS", "SMELLS", "WARM", "BASHES", "GROUP_BASH", "POISON", "NO_BREATHE", "BONES", "GRABS", "PUSH_MON" ]
  },
  {
    "id": "mon_BL9_military_cut",
	"looks_like": "mon_zombie_soldier_blackops_2",
    "type": "MONSTER",
    "name": "Armed BL9-Mercenary - Military Knife",
    "description": "An armored mercenary infected by the BL9. It appears to be sentient, having all characteristics of a normal person except for strangely aggressive and bothered look on it's face, seemingly faster reflexes and bloodshot eyes indicating the BL9 presence,  they will do their best to stop any intruder that managed to infiltrate their compound, this one is armed with a sharp military knife and it obviously knows how to use it well",
    "default_faction": "BL9_military",
    "species": [ "ZOMBIE", "HUMAN" ],
    "volume": "62500 ml",
    "weight": "81500 g",
    "hp": 236,
    "speed": 100,
    "material": [ "hflesh" ],
    "symbol": "@",
    "color": "brown",
    "aggression": 100,
    "morale": 100,
    "melee_skill": 5,
    "melee_dice": 1,
    "harvest": "zombie",
    "melee_dice_sides": 2,
    "melee_cut": 1,
    "attack_effs": [ { "id": "BL9_bleed_immun", "duration": 15, "bp": "torso" } ],
    "melee_damage": [
      { "damage_type": "stab", "amount": 2, "armor_penetration": 7 },
      { "damage_type": "cut", "amount": 4, "armor_penetration": 9 }
    ],
    "dodge": 3,
    "armor_bash": 12,
    "armor_cut": 12,
    "special_attacks": [ [ "PARROT", 11 ] ],
    "death_function": [ "NORMAL" ],
    "death_drops": "BL9_Drops_Military",
    "flags": [ "SEES", "HEARS", "SMELLS", "WARM", "BASHES", "GROUP_BASH", "POISON", "NO_BREATHE", "BONES", "GRABS", "PUSH_MON" ]
  },
  {
    "id": "mon_BL9_patrolmilitary_cut",
	"looks_like": "mon_zombie_soldier_blackops_2",
    "type": "MONSTER",
    "name": "Armed Patrolling BL9-Mercenary - Military Knife",
    "description": "An armored mercenary infected by the BL9. It appears to be sentient, having all characteristics of a normal person except for strangely aggressive and bothered look on it's face, seemingly faster reflexes and bloodshot eyes indicating the BL9 presence,  they will do their best to stop any intruder that managed to infiltrate their compound, this one is armed with a sharp military knife and it obviously knows how to use it well",
    "default_faction": "BL9_military",
    "species": [ "ZOMBIE", "HUMAN" ],
    "volume": "62500 ml",
    "weight": "81500 g",
    "hp": 236,
    "speed": 75,
    "material": [ "hflesh" ],
    "symbol": "@",
    "color": "brown",
    "aggression": 100,
    "morale": 100,
    "melee_skill": 5,
    "melee_dice": 1,
    "harvest": "zombie",
    "melee_dice_sides": 2,
    "melee_cut": 1,
    "attack_effs": [ { "id": "BL9_bleed_immun", "duration": 15, "bp": "torso" } ],
    "melee_damage": [
      { "damage_type": "stab", "amount": 2, "armor_penetration": 7 },
      { "damage_type": "cut", "amount": 4, "armor_penetration": 9 }
    ],
    "dodge": 3,
    "armor_bash": 2,
    "armor_cut": 2,
    "special_attacks": [ [ "PARROT", 11 ] ],
    "death_function": [ "NORMAL" ],
    "death_drops": "BL9_Drops_Militarypatrolgrunt",
    "flags": [ "SEES", "HEARS", "SMELLS", "WARM", "BASHES", "GROUP_BASH", "POISON", "NO_BREATHE", "BONES", "GRABS", "PUSH_MON" ]
  },
  {
    "id": "mon_BL9_military_shockrod",
	"looks_like": "mon_zombie_flamer",
    "type": "MONSTER",
    "name": "Armed BL9-Mercenary - Shock-Rod",
    "description": "An armored mercenary infected by the BL9. It appears to be sentient, having all characteristics of a normal person except for strangely aggressive and bothered look on it's face, seemingly faster reflexes and bloodshot eyes indicating the BL9 presence,  they will do their best to stop any intruder that managed to infiltrate their compound, this one is armed with a shock-rod and it obviously knows how to use it well",
    "default_faction": "BL9_military",
    "species": [ "ZOMBIE", "HUMAN" ],
    "volume": "62500 ml",
    "weight": "81500 g",
    "hp": 236,
    "speed": 100,
    "material": [ "hflesh" ],
    "symbol": "@",
    "color": "brown",
    "aggression": 100,
    "morale": 100,
    "melee_skill": 5,
    "melee_dice": 1,
    "harvest": "zombie",
    "melee_dice_sides": 2,
    "melee_cut": 1,
    "attack_effs": [ { "id": "BL9_bleed_immun", "duration": 15, "bp": "torso" } ],
    "melee_damage": [ { "damage_type": "bash", "amount": 1 }, { "damage_type": "electric", "amount": 5, "armor_penetration": 18 } ],
    "dodge": 3,
    "armor_bash": 12,
    "armor_cut": 12,
    "special_attacks": [ [ "PARROT", 11 ] ],
    "death_function": [ "NORMAL" ],
    "death_drops": "BL9_Drops_Military",
    "flags": [ "SEES", "HEARS", "SMELLS", "WARM", "BASHES", "GROUP_BASH", "POISON", "NO_BREATHE", "BONES", "GRABS", "PUSH_MON" ]
  },
  {
    "id": "mon_BL9_patrolmilitary_shockrod",
	"looks_like": "mon_zombie_flamer",
    "type": "MONSTER",
    "name": "Armed Patrolling BL9-Mercenary - Shock-Rod",
    "description": "An armored mercenary infected by the BL9. It appears to be sentient, having all characteristics of a normal person except for strangely aggressive and bothered look on it's face, seemingly faster reflexes and bloodshot eyes indicating the BL9 presence,  they will do their best to stop any intruder that managed to infiltrate their compound, this one is armed with a shock-rod and it obviously knows how to use it well",
    "default_faction": "BL9_military",
    "species": [ "ZOMBIE", "HUMAN" ],
    "volume": "62500 ml",
    "weight": "81500 g",
    "hp": 236,
    "speed": 75,
    "material": [ "hflesh" ],
    "symbol": "@",
    "color": "brown",
    "aggression": 100,
    "morale": 100,
    "melee_skill": 5,
    "melee_dice": 1,
    "harvest": "zombie",
    "melee_dice_sides": 2,
    "melee_cut": 1,
    "attack_effs": [ { "id": "BL9_bleed_immun", "duration": 15, "bp": "torso" } ],
    "melee_damage": [ { "damage_type": "bash", "amount": 1 }, { "damage_type": "electric", "amount": 5, "armor_penetration": 18 } ],
    "dodge": 3,
    "armor_bash": 2,
    "armor_cut": 2,
    "special_attacks": [ [ "PARROT", 11 ] ],
    "death_function": [ "NORMAL" ],
    "death_drops": "BL9_Drops_Militarypatrolgrunt",
    "flags": [ "SEES", "HEARS", "SMELLS", "WARM", "BASHES", "GROUP_BASH", "POISON", "NO_BREATHE", "BONES", "GRABS", "PUSH_MON" ]
  },
  {
    "id": "mon_BL9_military_crossbow",
	"looks_like": "mon_zombie_soldier_acid_1",
    "type": "MONSTER",
    "name": "Armed BL9-Mercenary - Crossbow",
    "description": "An armored mercenary infected by the BL9. It appears to be sentient, having all characteristics of a normal person except for strangely aggressive and bothered look on it's face, seemingly faster reflexes and bloodshot eyes indicating the BL9 presence,  they will do their best to stop any intruder that managed to infiltrate their compound, this one is armed with a crossbow and it obviously knows how to use it well.",
    "default_faction": "BL9_military",
    "species": [ "ZOMBIE", "HUMAN" ],
    "volume": "62500 ml",
    "weight": "81500 g",
    "hp": 236,
    "speed": 100,
    "material": [ "hflesh" ],
    "symbol": "@",
    "color": "brown",
    "aggression": 100,
    "morale": 100,
    "melee_skill": 5,
    "melee_dice": 1,
    "harvest": "zombie",
    "melee_dice_sides": 2,
    "melee_cut": 1,
    "attack_effs": [ { "id": "BL9_bleed_immun", "duration": 15, "bp": "torso" } ],
    "dodge": 3,
    "armor_bash": 12,
    "armor_cut": 12,
    "death_function": [ "NORMAL" ],
    "special_attacks": [
      [ "PARROT", 11 ],
      {
        "type": "gun",
        "cooldown": 8,
        "move_cost": 1000,
        "gun_type": "mongun_BL9_crossbow",
        "fake_skills": [ [ "gun", 8 ], [ "rifle", 8 ] ],
        "fake_dex": 8,
        "fake_per": 8,
        "require_targeting_player": false,
        "description": "The ganados fires its crossbow!",
        "ranges": [ [ 3, 14, "DEFAULT" ] ]
      }
    ],
    "death_drops": "BL9_Drops_Military",
    "flags": [ "SEES", "HEARS", "SMELLS", "WARM", "BASHES", "GROUP_BASH", "POISON", "NO_BREATHE", "BONES", "GRABS", "PUSH_MON" ]
  },
  {
    "id": "mon_BL9_patrolmilitary_crossbow",
	"looks_like": "mon_zombie_soldier_acid_1",
    "type": "MONSTER",
    "name": "Armed Patrolling BL9-Mercenary - Crossbow",
    "description": "An armored mercenary infected by the BL9. It appears to be sentient, having all characteristics of a normal person except for strangely aggressive and bothered look on it's face, seemingly faster reflexes and bloodshot eyes indicating the BL9 presence,  they will do their best to stop any intruder that managed to infiltrate their compound, this one is armed with a crossbow and it obviously knows how to use it well.",
    "default_faction": "BL9_military",
    "species": [ "ZOMBIE", "HUMAN" ],
    "volume": "62500 ml",
    "weight": "81500 g",
    "hp": 236,
    "speed": 75,
    "material": [ "hflesh" ],
    "symbol": "@",
    "color": "brown",
    "aggression": 100,
    "morale": 100,
    "melee_skill": 5,
    "melee_dice": 1,
    "harvest": "zombie",
    "melee_dice_sides": 2,
    "melee_cut": 1,
    "attack_effs": [ { "id": "BL9_bleed_immun", "duration": 15, "bp": "torso" } ],
    "dodge": 3,
    "armor_bash": 2,
    "armor_cut": 2,
    "death_function": [ "NORMAL" ],
    "special_attacks": [
      [ "PARROT", 11 ],
      {
        "type": "gun",
        "cooldown": 8,
        "move_cost": 1000,
        "gun_type": "mongun_BL9_crossbow",
        "fake_skills": [ [ "gun", 8 ], [ "rifle", 8 ] ],
        "fake_dex": 8,
        "fake_per": 8,
        "require_targeting_player": false,
        "description": "The ganados fires its crossbow!",
        "ranges": [ [ 3, 14, "DEFAULT" ] ]
      }
    ],
    "death_drops": "BL9_Drops_Militarypatrolgrunt",
    "flags": [ "SEES", "HEARS", "SMELLS", "WARM", "BASHES", "GROUP_BASH", "POISON", "NO_BREATHE", "BONES", "GRABS", "PUSH_MON" ]
  },
  {
    "id": "mon_BL9_military_patrolleader",
	"looks_like": "mon_zombie_soldier_blackops_1",
    "type": "MONSTER",
    "name": "Armed BL9-Mercenary - Patrol Leader",
    "description": "An armored mercenary with a calculating look wearing a sleek combat armor infected by the BL9. It appears to be sentient, having all characteristics of a normal person except for strangely aggressive and bothered look on it's face, seemingly faster reflexes and bloodshot eyes indicating the BL9 presence,  they will do their best to stop any intruder that managed to infiltrate their compound, this one is armed with a bayonet and it obviously knows how to use it well",
    "default_faction": "BL9_Drops_Militarypatrol",
    "species": [ "ZOMBIE", "HUMAN" ],
    "volume": "62500 ml",
    "weight": "81500 g",
    "hp": 275,
    "speed": 75,
    "material": [ "hflesh" ],
    "symbol": "@",
    "color": "brown",
    "aggression": 100,
    "morale": 100,
    "melee_skill": 6,
    "melee_dice": 1,
    "harvest": "zombie",
    "melee_dice_sides": 2,
    "melee_cut": 1,
    "attack_effs": [ { "id": "BL9_bleed_immun", "duration": 15, "bp": "torso" } ],
    "melee_damage": [ { "damage_type": "stab", "amount": 6, "armor_penetration": 18 } ],
    "dodge": 4,
    "armor_bash": 5,
    "armor_cut": 5,
    "special_attacks": [ [ "PARROT", 11 ] ],
    "death_function": [ "NORMAL" ],
    "death_drops": "BL9_Drops_Militarypatrollead",
    "flags": [ "SEES", "HEARS", "SMELLS", "WARM", "BASHES", "GROUP_BASH", "POISON", "NO_BREATHE", "BONES", "GRABS", "PUSH_MON" ]
  },
  {
    "id": "mon_BL9_mutant_evo_1",
    "looks_like": "mon_zombie_crushed_giant",
    "type": "MONSTER",
    "name": "BL9 Mutant Evolved - Type i ",
    "description": "A BL9-infused human with its head ruptured, revealing a slender, tendril-like whip. This whip is tipped with a sharp and flexible blade.Multiple tentacles are growing out of the sides of it's body swinging wildly in all directions.",
    "default_faction": "BL9_military",
    "species": [ "ZOMBIE", "HUMAN" ],
    "volume": "62500 ml",
    "weight": "81500 g",
    "hp": 286,
    "speed": 70,
    "material": [ "hflesh" ],
    "symbol": "@",
    "color": "brown",
    "aggression": 100,
    "morale": 100,
    "melee_skill": 6,
    "melee_dice": 1,
    "harvest": "zombie",
    "melee_dice_sides": 2,
    "melee_cut": 1,
    "attack_effs": [ { "id": "BL9_bleed_immun", "duration": 15, "bp": "torso" } ],
    "melee_damage": [ { "damage_type": "cut", "amount": 7, "armor_penetration": 19 } ],
    "dodge": 3,
    "armor_bash": 14,
    "armor_cut": 14,
    "death_function": [ "NORMAL" ],
    "death_drops": "BL9_Drops_Tendrilevo",
    "special_attacks": [
      {
        "type": "monster_attack",
        "attack_type": "melee",
        "cooldown": 9,
        "move_cost": 140,
        "damage_max_instance": [ { "damage_type": "cut", "amount": 14, "armor_penetration": 22 } ],
        "hit_dmg_u": "The %1$s swings its blade-like whip at you!",
        "hit_dmg_npc": "The %1$s swings its blade-like whip at <npcname>!",
        "no_dmg_msg_u": "The %1$s tries to swing its blade-like whip at you, but fails to penetrate your armor!",
        "no_dmg_msg_npc": "The %1$s tries to swings its blade-like whip at <npcname>, but fails to penetrate their armor!",
        "miss_msg_u": "The %s swings its blade-like whip at you, but you dodge!",
        "miss_msg_npc": "The %s swings its blade-like whip at <npcname>, but they dodge!"
      },
      {
        "type": "spell",
        "spell_data": { "id": "BL9_1evo_horizontalslash" },
        "cooldown": 10,
        "monster_message": "<color_light_red>%1$s sweeps its bladed tendril at %3$s!\nThe tendril writhes wildly!</color>"
      }
    ],
    "flags": [ "SEES", "HEARS", "SMELLS", "WARM", "BASHES", "GROUP_BASH", "POISON", "NO_BREATHE", "BONES", "GRABS", "PUSH_MON" ]
  },
  {
    "id": "mon_BL9_mutant_evo_2",
    "looks_like": "mon_yugg",
    "type": "MONSTER",
    "name": "BL9 Mutant Evolved - type ii",
    "description": "A BL9-induced human with its head ruptured, revealing a large and slender segmented worm-like parasite. With its wide-gaping mouth, it can be deadly when it comes to biting.Multiple tentacles are growing out of the sides of it's body swinging wildly in all directions.",
    "default_faction": "BL9_military",
    "species": [ "ZOMBIE", "HUMAN" ],
    "volume": "62500 ml",
    "weight": "81500 g",
    "hp": 286,
    "speed": 65,
    "material": [ "hflesh" ],
    "symbol": "@",
    "color": "brown",
    "aggression": 100,
    "morale": 100,
    "melee_skill": 6,
    "melee_dice": 1,
    "harvest": "zombie",
    "melee_dice_sides": 2,
    "melee_cut": 1,
    "attack_effs": [ { "id": "BL9_bleed_immun", "duration": 15, "bp": "torso" } ],
    "melee_damage": [ { "damage_type": "bash", "amount": 7, "armor_penetration": 19 } ],
    "dodge": 3,
    "armor_bash": 14,
    "armor_cut": 14,
    "death_function": [ "NORMAL" ],
    "death_drops": "BL9_Drops_Wormevo",
    "special_attacks": [
      {
        "type": "monster_attack",
        "attack_type": "melee",
        "cooldown": 9,
        "move_cost": 140,
        "damage_max_instance": [ { "damage_type": "bash", "amount": 14, "armor_penetration": 22 } ],
        "hit_dmg_u": "The %1$s stretches out its worm-like body swinging at you with it wildly!",
        "hit_dmg_npc": "The %1$s stretches out its worm-like body swinging at <npcname> with it wildly!",
        "no_dmg_msg_u": "The %1$s stretches out its worm-like body trying to swing at you with it wildly, but fails to damage your armor!",
        "no_dmg_msg_npc": "The %1$s stretches out its worm-like body trying to swing at <npcname> with it wildly, but fails to damage their armor!",
        "miss_msg_u": "The %s streches out its worm-like body trying to swing at you with it wildly, but you dodge!",
        "miss_msg_npc": "The %s stretches out its worm-like body trying to swing at <npcname> with it wildly, but they dodge!"
      },
      {
        "type": "monster_attack",
        "attack_type": "melee",
        "cooldown": 12,
        "move_cost": 245,
        "accuracy": 12,
        "damage_max_instance": [ { "damage_type": "stab", "amount": 17, "armor_penetration": 25 } ],
        "hit_dmg_u": "The %1$s devours you!",
        "hit_dmg_npc": "The %1$s devours <npcname>!",
        "no_dmg_msg_u": "The %1$s tries to devour you, but fails to penetrate your armor!",
        "no_dmg_msg_npc": "The %1$s tries to devour <npcname>, but fails to penetrate their armor!",
        "miss_msg_u": "The %s devours you, but you step aside!",
        "miss_msg_npc": "The %s devours <npcname>, but they dodge!"
      }
    ],
    "flags": [ "SEES", "HEARS", "SMELLS", "WARM", "BASHES", "GROUP_BASH", "POISON", "NO_BREATHE", "BONES", "GRABS", "PUSH_MON" ]
  },
  {
    "id": "mon_BL9_mutant_evo_3",
    "looks_like": "mon_mi_go",
    "type": "MONSTER",
    "name": "BL9 Mutant Evolved - type iii",
    "description": "A BL9-induced human with its head ruptured, protruding from it is a parasite with several spindly spiky limbs and an acid-drooling orifice.Multiple tentacles are growing out of the sides of it's body swinging wildly in all directions.",
    "default_faction": "BL9_military",
    "species": [ "ZOMBIE", "HUMAN" ],
    "volume": "62500 ml",
    "weight": "81500 g",
    "hp": 286,
    "speed": 75,
    "material": [ "hflesh" ],
    "symbol": "@",
    "color": "brown",
    "aggression": 100,
    "morale": 100,
    "melee_skill": 6,
    "melee_dice": 1,
    "harvest": "zombie",
    "melee_dice_sides": 2,
    "melee_cut": 1,
    "attack_effs": [ { "id": "BL9_bleed_immun", "duration": 15, "bp": "torso" } ],
    "melee_damage": [ { "damage_type": "stab", "amount": 7, "armor_penetration": 19 } ],
    "dodge": 3,
    "armor_bash": 14,
    "armor_cut": 14,
    "death_function": [ "NORMAL" ],
    "death_drops": "BL9_Drops_Tendrilevo",
    "special_attacks": [
      { "type": "bite", "cooldown": 9, "armor_penetration": 23 },
      {
        "type": "monster_attack",
        "attack_type": "melee",
        "cooldown": 9,
        "move_cost": 500,
        "accuracy": 12,
        "damage_max_instance": [ { "damage_type": "cut", "amount": 14, "armor_penetration": 22 } ],
        "hit_dmg_u": "The %1$s swirls it's spiky body you!",
        "hit_dmg_npc": "The %1$s swrils it's spiky body at <npcname>!",
        "no_dmg_msg_u": "The %1$s tries to swirl it's spiky body at you, but fails to penetrate your armor!",
        "no_dmg_msg_npc": "The %1$s tries to swirl it's spiky body at <npcname>, but fails to penetrate their armor!",
        "miss_msg_u": "The %s swirls it's spiky body at you, but you step aside!",
        "miss_msg_npc": "The %s swirls it's spiky body at <npcname>, but they dodge!"
      },
      {
        "type": "spell",
        "spell_data": { "id": "BL9_3evo_acidbarf" },
        "cooldown": 10,
        "monster_message": "<color_light_red>%1$s vomits a stream of acid at %3$s!</color>"
      }
    ],
    "flags": [ "SEES", "HEARS", "SMELLS", "WARM", "BASHES", "GROUP_BASH", "POISON", "NO_BREATHE", "BONES", "GRABS", "PUSH_MON" ]
  },
  {
    "id": "mon_BL9_military_behemoth",
    "looks_like": "mon_zombie_kevlar_1",
    "type": "MONSTER",
    "name": "Armed BL9-Behemoth - Sledgehammer",
    "description": "A heavily armored mercenary infected by the BL9. It seems to have grown in size being over 7 feet tall.It appears to be sentient, having all characteristics of a normal person except for strangely very aggressive look on it's face, greater strength and endurance, bloodshot eyes indicating the BL9 presence,  they will do their best to stop any intruder that managed to infiltrate their compound, this one is armed with a huge sledgehammer and it obviously knows how to use it well.",
    "default_faction": "BL9_military",
    "species": [ "ZOMBIE", "HUMAN" ],
    "volume": "62500 ml",
    "weight": "81500 g",
    "hp": 296,
    "speed": 100,
    "material": [ "hflesh" ],
    "symbol": "@",
    "color": "brown",
    "aggression": 100,
    "morale": 100,
    "melee_skill": 6,
    "melee_dice": 1,
    "harvest": "zombie",
    "melee_dice_sides": 2,
    "melee_cut": 1,
    "attack_effs": [ { "id": "BL9_bleed_immun", "duration": 15, "bp": "torso" } ],
    "melee_damage": [ { "damage_type": "bash", "amount": 8, "armor_penetration": 19 } ],
    "dodge": 3,
    "armor_bash": 14,
    "armor_cut": 14,
    "special_attacks": [ [ "PARROT", 11 ] ],
    "death_function": [ "NORMAL" ],
    "death_drops": "BL9_Drops_Milbehemoth",
    "flags": [ "SEES", "HEARS", "SMELLS", "WARM", "BASHES", "GROUP_BASH", "POISON", "NO_BREATHE", "BONES", "GRABS", "PUSH_MON" ]
  },
  {
    "id": "mon_BL9_patrolmilitary_behemoth",
    "looks_like": "mon_zombie_kevlar_1",
    "type": "MONSTER",
    "name": "Armed Patrolling BL9-Behemoth - Sledgehammer",
    "description": "A heavily armored mercenary infected by the BL9. It seems to have grown in size being over 7 feet tall.It appears to be sentient, having all characteristics of a normal person except for strangely very aggressive look on it's face, greater strength and endurance, bloodshot eyes indicating the BL9 presence,  they will do their best to stop any intruder that managed to infiltrate their compound, this one is armed with a huge sledgehammer and it obviously knows how to use it well.",
    "default_faction": "BL9_military",
    "species": [ "ZOMBIE", "HUMAN" ],
    "volume": "62500 ml",
    "weight": "81500 g",
    "hp": 296,
    "speed": 75,
    "material": [ "hflesh" ],
    "symbol": "@",
    "color": "brown",
    "aggression": 100,
    "morale": 100,
    "melee_skill": 6,
    "melee_dice": 1,
    "harvest": "zombie",
    "melee_dice_sides": 2,
    "melee_cut": 1,
    "attack_effs": [ { "id": "BL9_bleed_immun", "duration": 15, "bp": "torso" } ],
    "melee_damage": [ { "damage_type": "bash", "amount": 8, "armor_penetration": 19 } ],
    "dodge": 3,
    "armor_bash": 4,
    "armor_cut": 4,
    "special_attacks": [ [ "PARROT", 11 ] ],
    "death_function": [ "NORMAL" ],
    "death_drops": "BL9_Drops_Militarypatrolgrunt",
    "flags": [ "SEES", "HEARS", "SMELLS", "WARM", "BASHES", "GROUP_BASH", "POISON", "NO_BREATHE", "BONES", "GRABS", "PUSH_MON" ]
  },
  {
    "id": "mon_BL9_military_behemoth_minigun",
    "looks_like": "mon_zombie_kevlar_1",
    "type": "MONSTER",
    "name": "Armed BL9-Behemoth - Minigun",
    "description": "A well-armored mercenary infected by the BL9. It seems to have grown in size being over 7 feet tall.It appears to be sentient, having all characteristics of a normal person except for strangely very aggressive look on it's face, greater strength and endurance, bloodshot eyes indicating the BL9 presence,  they will do their best to stop any intruder that managed to infiltrate their compound, this one is armed with a massive minigun and it obviously knows how to use it well.",
    "default_faction": "BL9_military",
    "species": [ "ZOMBIE", "HUMAN" ],
    "volume": "62500 ml",
    "weight": "81500 g",
    "hp": 307,
    "speed": 100,
    "material": [ "hflesh" ],
    "symbol": "@",
    "color": "brown",
    "aggression": 100,
    "morale": 100,
    "melee_skill": 5,
    "melee_dice": 1,
    "harvest": "zombie",
    "melee_dice_sides": 2,
    "melee_cut": 1,
    "attack_effs": [ { "id": "BL9_bleed_immun", "duration": 15, "bp": "torso" } ],
    "dodge": 3,
    "armor_bash": 14,
    "armor_cut": 14,
    "death_function": [ "NORMAL" ],
    "special_attacks": [
      [ "PARROT", 11 ],
      {
        "type": "gun",
        "cooldown": 12,
        "move_cost": 300,
        "gun_type": "mongun_BL9_minigun",
        "fake_skills": [ [ "gun", 8 ], [ "rifle", 8 ] ],
        "fake_dex": 8,
        "fake_per": 8,
        "require_targeting_player": false,
        "description": "The ganados fires its minigun!",
        "ranges": [ [ 3, 11, "DEFAULT" ] ]
      }
    ],
    "death_drops": "BL9_Drops_Milbehemoth",
    "flags": [ "SEES", "HEARS", "SMELLS", "WARM", "BASHES", "GROUP_BASH", "POISON", "NO_BREATHE", "BONES", "GRABS", "PUSH_MON" ]
  },
  {
    "id": "mon_BL9_patrolmilitary_behemoth_minigun",
    "looks_like": "mon_zombie_kevlar_1",
    "type": "MONSTER",
    "name": "Armed Patrolling BL9-Behemoth - Minigun",
    "description": "A well-armored mercenary infected by the BL9. It seems to have grown in size being over 7 feet tall.It appears to be sentient, having all characteristics of a normal person except for strangely very aggressive look on it's face, greater strength and endurance, bloodshot eyes indicating the BL9 presence,  they will do their best to stop any intruder that managed to infiltrate their compound, this one is armed with a massive minigun and it obviously knows how to use it well.",
    "default_faction": "BL9_military",
    "species": [ "ZOMBIE", "HUMAN" ],
    "volume": "62500 ml",
    "weight": "81500 g",
    "hp": 307,
    "speed": 75,
    "material": [ "hflesh" ],
    "symbol": "@",
    "color": "brown",
    "aggression": 100,
    "morale": 100,
    "melee_skill": 5,
    "melee_dice": 1,
    "harvest": "zombie",
    "melee_dice_sides": 2,
    "melee_cut": 1,
    "attack_effs": [ { "id": "BL9_bleed_immun", "duration": 15, "bp": "torso" } ],
    "dodge": 3,
    "armor_bash": 4,
    "armor_cut": 4,
    "death_function": [ "NORMAL" ],
    "special_attacks": [
      [ "PARROT", 11 ],
      {
        "type": "gun",
        "cooldown": 12,
        "move_cost": 300,
        "gun_type": "mongun_BL9_minigun",
        "fake_skills": [ [ "gun", 8 ], [ "rifle", 8 ] ],
        "fake_dex": 8,
        "fake_per": 8,
        "require_targeting_player": false,
        "description": "The ganados fires its minigun!",
        "ranges": [ [ 3, 11, "DEFAULT" ] ]
      }
    ],
    "death_drops": "BL9_Drops_Militarypatrolgrunt",
    "flags": [ "SEES", "HEARS", "SMELLS", "WARM", "BASHES", "GROUP_BASH", "POISON", "NO_BREATHE", "BONES", "GRABS", "PUSH_MON" ]
  }
]
