[
  {
    "id": "mon_BL9_repto",
    "looks_like": "mon_zombie_mancroc",
    "type": "MONSTER",
    "name": "Repto",
    "description": "A humanoid-reptilian hybrid with sharp, glistening claws. Its body orientation is built for leaping, thus making it capable of lunging at unsuspecting preys.",
    "default_faction": "BL9_cultists",
    "species": [ "ZOMBIE" ],
    "volume": "62500 ml",
    "weight": "81500 g",
    "hp": 347,
    "speed": 100,
    "material": [ "flesh" ],
    "symbol": "α",
    "color": "light_green",
    "aggression": 100,
    "morale": 100,
    "melee_skill": 6,
    "melee_dice": 1,
    "harvest": "zombie",
    "melee_dice_sides": 1,
    "melee_cut": 1,
    "attack_effs": [ { "id": "BL9_bleed_immun", "duration": 15, "bp": "torso" } ],
    "melee_damage": [
      { "damage_type": "cut", "amount": 5, "armor_penetration": 8 },
      { "damage_type": "stab", "amount": 2, "armor_penetration": 4 }
    ],
    "dodge": 3,
    "armor_bash": 8,
    "armor_cut": 8,
    "armor_bullet": 8,
    "death_function": [ "NORMAL" ],
    "death_drops": "BL9_Drops_Repto",
    "special_attacks": [
      {
        "type": "monster_attack",
        "attack_type": "melee",
        "cooldown": 9,
        "move_cost": 100,
        "damage_max_instance": [ { "damage_type": "cut", "amount": 14, "armor_penetration": 15 } ],
        "hit_dmg_u": "The %1$s slashes you!",
        "hit_dmg_npc": "The %1$s slashes <npcname>!",
        "no_dmg_msg_u": "The %1$s tries to slash you, but fails to penetrate your armor!",
        "no_dmg_msg_npc": "The %1$s tries to slash <npcname>, but fails to penetrate their armor!",
        "miss_msg_u": "The %s slashes you, but you dodge!",
        "miss_msg_npc": "The %s slashes <npcname>, but they dodge!"
      },
      {
        "type": "monster_attack",
        "attack_type": "melee",
        "cooldown": 12,
        "move_cost": 100,
        "damage_max_instance": [ { "damage_type": "cut", "amount": 17, "armor_penetration": 18 } ],
        "hit_dmg_u": "The %1$s slices you!",
        "hit_dmg_npc": "The %1$s slices <npcname>!",
        "no_dmg_msg_u": "The %1$s tries to slice you, but fails to penetrate your armor!",
        "no_dmg_msg_npc": "The %1$s tries to slice <npcname>, but fails to penetrate their armor!",
        "miss_msg_u": "The %s slices you, but you dodge!",
        "miss_msg_npc": "The %s slices <npcname>, but they dodge!"
      }
    ],
    "flags": [ "SEES", "HEARS", "SMELLS", "WARM", "BASHES", "GROUP_BASH", "POISON", "NO_BREATHE", "BONES", "GRABS", "PUSH_MON" ]
  },
  {
    "id": "mon_BL9_repto_evo",
    "looks_like": "mon_mutant_evolved",
    "type": "MONSTER",
    "name": "Evolved Repto",
    "description": "A modified version of the horrible reptilian mutant, they have a resilient shell-like epidermis that grants them additional protection from small arms. The creatures' left arms are still slightly longer than their right, though the claws on both are wickedly sharp. Both sides of it's mouth are flanked by mandibles, giving them a more unsettling appearance",
    "default_faction": "BL9_military",
    "species": [ "ZOMBIE" ],
    "volume": "62500 ml",
    "weight": "81500 g",
    "hp": 564,
    "speed": 100,
    "material": [ "flesh" ],
    "symbol": "b",
    "color": "green",
    "aggression": 100,
    "morale": 100,
    "melee_skill": 6,
    "melee_dice": 1,
    "harvest": "zombie",
    "melee_dice_sides": 1,
    "melee_cut": 1,
    "attack_effs": [ { "id": "BL9_bleed_immun", "duration": 15, "bp": "torso" } ],
    "melee_damage": [
      { "damage_type": "cut", "amount": 9, "armor_penetration": 18 },
      { "damage_type": "stab", "amount": 5, "armor_penetration": 6 }
    ],
    "dodge": 3,
    "armor_bash": 12,
    "armor_cut": 16,
    "armor_bullet": 16,
    "death_function": [ "NORMAL" ],
    "death_drops": "BL9_Drops_Reptoevo",
    "special_attacks": [
      {
        "type": "monster_attack",
        "attack_type": "melee",
        "cooldown": 9,
        "move_cost": 100,
        "damage_max_instance": [ { "damage_type": "cut", "amount": 28, "armor_penetration": 28 } ],
        "hit_dmg_u": "The %1$s slashes you!",
        "hit_dmg_npc": "The %1$s slashes <npcname>!",
        "no_dmg_msg_u": "The %1$s tries to slash you, but fails to penetrate your armor!",
        "no_dmg_msg_npc": "The %1$s tries to slash <npcname>, but fails to penetrate their armor!",
        "miss_msg_u": "The %s slashes you, but you dodge!",
        "miss_msg_npc": "The %s slashes <npcname>, but they dodge!"
      },
      {
        "type": "monster_attack",
        "attack_type": "melee",
        "cooldown": 12,
        "move_cost": 100,
        "damage_max_instance": [ { "damage_type": "cut", "amount": 33, "armor_penetration": 32 } ],
        "hit_dmg_u": "The %1$s slices you!",
        "hit_dmg_npc": "The %1$s slices <npcname>!",
        "no_dmg_msg_u": "The %1$s tries to slice you, but fails to penetrate your armor!",
        "no_dmg_msg_npc": "The %1$s tries to slice <npcname>, but fails to penetrate their armor!",
        "miss_msg_u": "The %s slices you, but you dodge!",
        "miss_msg_npc": "The %s slices <npcname>, but they dodge!"
      }
    ],
    "flags": [ "SEES", "HEARS", "SMELLS", "WARM", "BASHES", "GROUP_BASH", "POISON", "NO_BREATHE", "BONES", "GRABS", "PUSH_MON" ]
  },
  {
    "id": "mon_BL9_scrawler",
    "looks_like": "mon_skittering_plague",
    "type": "MONSTER",
    "name": "Shadow Crawler",
    "description": "A winged bug-like creature that hovers mid-air. It has a pair of razor-sharp claws and a head similar to cockcroaches.",
    "default_faction": "BL9_cultists",
    "species": [ "ZOMBIE" ],
    "volume": "62500 ml",
    "weight": "81500 g",
    "hp": 154,
    "diff": 1,
    "speed": 105,
    "material": [ "flesh" ],
    "symbol": "%",
    "color": "brown",
    "aggression": 100,
    "morale": 100,
    "melee_skill": 5,
    "melee_dice": 1,
    "harvest": "zombie",
    "melee_dice_sides": 1,
    "melee_cut": 1,
    "dodge": 3,
    "attack_effs": [ { "id": "BL9_bleed_immun", "duration": 15, "bp": "torso" } ],
    "melee_damage": [ { "damage_type": "cut", "amount": 4, "armor_penetration": 10 } ],
    "vision_night": 5,
    "armor_bash": 7,
    "armor_cut": 7,
    "armor_bullet": 7,
    "armor_acid": 7,
    "special_attacks": [
      { "type": "bite", "cooldown": 9, "armor_penetration": 14 },
      {
        "type": "spell",
        "spell_data": { "id": "scrawler_acidbarf" },
        "cooldown": 12,
        "monster_message": "<color_light_red>%1$s vomits a stream of acid at %3$s!</color>"
      },
      {
        "type": "monster_attack",
        "attack_type": "melee",
        "cooldown": 9,
        "move_cost": 50,
        "accuracy": 8,
        "damage_max_instance": [ { "damage_type": "cut", "amount": 8, "armor_penetration": 13 } ],
        "hit_dmg_u": "The %1$s scratches you!",
        "hit_dmg_npc": "The %1$s scratches <npcname>!",
        "no_dmg_msg_u": "The %1$s tries to scratch you, but fails to penetrate your armor!",
        "no_dmg_msg_npc": "The %1$s tries to scratch <npcname>, but fails to penetrate their armor!",
        "miss_msg_u": "The %s scratches you, but you dodge!",
        "miss_msg_npc": "The %s scratches <npcname>, but they dodge!"
      }
    ],
    "death_function": [ "NORMAL" ],
    "death_drops": "BL9_Drops_Scrawler",
    "flags": [ "SEES", "HEARS", "SMELLS", "WARM", "BASHES", "GROUP_BASH", "POISON", "NO_BREATHE", "BONES", "FLIES" ]
  },
  {
    "id": "mon_BL9_scrawler_evo",
    "looks_like": "mon_plague_vector",
    "type": "MONSTER",
    "name": "Evolved Shadow Crawler",
    "description": "A bug-like bipedal creature with a set of serrated chitin blades on its forelimbs. It has thick formation of chitin shelling that protects it from harm.",
    "default_faction": "BL9_cultists",
    "species": [ "ZOMBIE" ],
    "volume": "62500 ml",
    "weight": "81500 g",
    "hp": 225,
    "diff": 1,
    "speed": 90,
    "material": [ "flesh" ],
    "symbol": "%",
    "color": "brown_red",
    "aggression": 100,
    "morale": 100,
    "melee_skill": 6,
    "melee_dice": 1,
    "harvest": "zombie",
    "melee_dice_sides": 1,
    "melee_cut": 1,
    "dodge": 3,
    "attack_effs": [ { "id": "BL9_bleed_immun", "duration": 15, "bp": "torso" } ],
    "melee_damage": [ { "damage_type": "cut", "amount": 8, "armor_penetration": 16 } ],
    "vision_night": 5,
    "armor_bash": 7,
    "armor_cut": 10,
    "armor_bullet": 10,
    "armor_acid": 9,
    "special_attacks": [
      { "type": "bite", "cooldown": 9, "armor_penetration": 19 },
      {
        "type": "monster_attack",
        "attack_type": "melee",
        "cooldown": 10,
        "move_cost": 125,
        "accuracy": 6,
        "damage_max_instance": [ { "damage_type": "cut", "amount": 17, "armor_penetration": 19 } ],
        "hit_dmg_u": "The %1$s scratches you!",
        "hit_dmg_npc": "The %1$s scratches <npcname>!",
        "no_dmg_msg_u": "The %1$s tries to scratch you, but fails to penetrate your armor!",
        "no_dmg_msg_npc": "The %1$s tries to scratch <npcname>, but fails to penetrate their armor!",
        "miss_msg_u": "The %s scratches you, but you dodge!",
        "miss_msg_npc": "The %s scratches <npcname>, but they dodge!"
      },
      {
        "type": "monster_attack",
        "attack_type": "melee",
        "cooldown": 9,
        "move_cost": 50,
        "accuracy": 10,
        "damage_max_instance": [ { "damage_type": "cut", "amount": 15, "armor_penetration": 18 } ],
        "hit_dmg_u": "The %1$s quickslashed you!",
        "hit_dmg_npc": "The %1$s quickslashes <npcname>!",
        "no_dmg_msg_u": "The %1$s tries to slash you, but fails to penetrate your armor!",
        "no_dmg_msg_npc": "The %1$s tries to slash <npcname>, but fails to penetrate their armor!",
        "miss_msg_u": "The %s quickslashes you, but you dodge!",
        "miss_msg_npc": "The %s quickslashes <npcname>, but they dodge!"
      },
      {
        "type": "monster_attack",
        "attack_type": "melee",
        "cooldown": 12,
        "move_cost": 225,
        "min_mul": 0.5,
        "accuracy": 4,
        "damage_max_instance": [ { "damage_type": "cut", "amount": 19, "armor_penetration": 23 } ],
        "hit_dmg_u": "The %1$s slashes you!",
        "hit_dmg_npc": "The %1$s slashes <npcname>!",
        "no_dmg_msg_u": "The %1$s tries to scratch you, but fails to penetrate your armor!",
        "no_dmg_msg_npc": "The %1$s tries to scratch <npcname>, but fails to penetrate their armor!",
        "miss_msg_u": "The %s slashes you, but you dodge!",
        "miss_msg_npc": "The %s slashes <npcname>, but they dodge!"
      }
    ],
    "death_function": [ "NORMAL" ],
    "death_drops": "BL9_Drops_Scrawlerevo",
    "flags": [ "SEES", "HEARS", "SMELLS", "WARM", "BASHES", "GROUP_BASH", "POISON", "NO_BREATHE", "BONES", "PUSH_MON" ]
  },
  {
    "id": "mon_BL9_ivy",
    "looks_like": "mon_zombie_thorny",
    "type": "MONSTER",
    "name": "BL9 ivy zombie",
    "description": "A corpse severely infested by the plant of unknown variety. Although its movement is very stiff, its mouth has altered to an extent, it occupies the entirety of its face that's lined with razor-sharp teeth.",
    "default_faction": "BL9_military",
    "species": [ "ZOMBIE" ],
    "volume": "62500 ml",
    "weight": "81500 g",
    "hp": 296,
    "speed": 60,
    "material": [ "flesh" ],
    "symbol": "Z",
    "color": "light_green_red",
    "aggression": 100,
    "morale": 100,
    "melee_skill": 5,
    "melee_dice": 1,
    "harvest": "zombie",
    "melee_dice_sides": 1,
    "melee_cut": 1,
    "dodge": 3,
    "attack_effs": [ { "id": "BL9_bleed_immun", "duration": 15, "bp": "torso" } ],
    "melee_damage": [
      { "damage_type": "cut", "amount": 5, "armor_penetration": 10 },
      { "damage_type": "stab", "amount": 5, "armor_penetration": 10 }
    ],
    "armor_bash": 14,
    "armor_cut": 14,
    "death_function": [ "NORMAL" ],
    "death_drops": "BL9_Drops_Clawer",
    "special_attacks": [
      { "type": "bite", "cooldown": 9, "armor_penetration": 17, "armor_multiplier": 1.2 },
      {
        "type": "monster_attack",
        "attack_type": "melee",
        "cooldown": 10,
        "move_cost": 200,
        "damage_max_instance": [
          { "damage_type": "bash", "amount": 7, "armor_penetration": 14 },
          { "damage_type": "stab", "amount": 12, "armor_penetration": 19 }
        ],
        "hit_dmg_u": "The %1$s crunches at you!",
        "hit_dmg_npc": "The %1$s crunches at <npcname>!",
        "no_dmg_msg_u": "The %1$s tries to viciously bite you, but fails to penetrate your armor!",
        "no_dmg_msg_npc": "The %1$s tries to bite <npcname>, but fails to penetrate their armor!",
        "miss_msg_u": "The %s crunches at you, but you step aside!",
        "miss_msg_npc": "The %s crunches <npcname>, but they dodge!"
      }
    ],
    "flags": [ "SEES", "HEARS", "SMELLS", "WARM", "BASHES", "GROUP_BASH", "POISON", "NO_BREATHE", "BONES", "GRABS", "PUSH_MON" ]
  },
  {
    "id": "mon_BL9_ivy_brute",
    "looks_like": "mon_zombie_thorny",
    "type": "MONSTER",
    "name": "BL9 ivy zombie brute",
    "description": "A corpse with huge swollen muscles severely infested by the plant of unknown variety. Although its movement is very stiff, its mouth has altered to an extent, it occupies the entirety of its face that's lined with razor-sharp teeth.",
    "default_faction": "BL9_military",
    "species": [ "ZOMBIE" ],
    "volume": "62500 ml",
    "weight": "81500 g",
    "hp": 357,
    "speed": 60,
    "material": [ "flesh" ],
    "symbol": "Z",
    "color": "light_green_red",
    "aggression": 100,
    "morale": 100,
    "melee_skill": 6,
    "melee_dice": 1,
    "harvest": "zombie",
    "melee_dice_sides": 1,
    "melee_cut": 1,
    "dodge": 3,
    "attack_effs": [ { "id": "BL9_bleed_immun", "duration": 15, "bp": "torso" } ],
    "melee_damage": [
      { "damage_type": "cut", "amount": 2 },
      { "damage_type": "stab", "amount": 11 },
      { "damage_type": "bash", "amount": 3 }
    ],
    "armor_bash": 14,
    "armor_cut": 14,
    "armor_bullet": 14,
    "death_function": [ "NORMAL" ],
    "death_drops": "BL9_Drops_Clawer",
    "special_attacks": [
      { "type": "bite", "cooldown": 12, "armor_penetration": 19, "armor_multiplier": 1.1 },
      {
        "type": "monster_attack",
        "attack_type": "melee",
        "cooldown": 15,
        "move_cost": 200,
        "damage_max_instance": [
          { "damage_type": "bash", "amount": 24, "armor_penetration": 25 },
          { "damage_type": "stab", "amount": 20, "armor_penetration": 21 }
        ],
        "hit_dmg_u": "The %1$s crunches at you!",
        "hit_dmg_npc": "The %1$s crunches at <npcname>!",
        "no_dmg_msg_u": "The %1$s tries to viciously bite you, but fails to penetrate your armor!",
        "no_dmg_msg_npc": "The %1$s tries to bite <npcname>, but fails to penetrate their armor!",
        "miss_msg_u": "The %s crunches at you, but you step aside!",
        "miss_msg_npc": "The %s crunches <npcname>, but they dodge!"
      }
    ],
    "flags": [ "SEES", "HEARS", "SMELLS", "WARM", "BASHES", "GROUP_BASH", "POISON", "NO_BREATHE", "BONES", "GRABS", "PUSH_MON" ]
  },
  {
    "id": "mon_BL9_ivy_bulb",
    "looks_like": "mon_vinebeast",
    "type": "MONSTER",
    "name": "BL9 ivy bulb zombie",
    "description": "A corpse severely infested by the plant of unknown variety. Although its movement is very stiff, it's body burst into an armored bulb sort of a protrusion that occupies the upper part of it entirely, the inside of the bulb is horribly lined with razor-sharp teeth.",
    "default_faction": "BL9_military",
    "species": [ "ZOMBIE" ],
    "volume": "62500 ml",
    "weight": "81500 g",
    "hp": 346,
    "speed": 60,
    "material": [ "flesh" ],
    "symbol": "Z",
    "color": "light_green_red",
    "aggression": 100,
    "morale": 100,
    "melee_skill": 5,
    "melee_dice": 1,
    "harvest": "zombie",
    "melee_dice_sides": 1,
    "melee_cut": 1,
    "dodge": 3,
    "attack_effs": [ { "id": "BL9_bleed_immun", "duration": 15, "bp": "torso" } ],
    "melee_damage": [
      { "damage_type": "cut", "amount": 9 },
      { "damage_type": "stab", "amount": 6 },
      { "damage_type": "bash", "amount": 1 }
    ],
    "armor_bash": 14,
    "armor_cut": 14,
    "death_function": [ "NORMAL" ],
    "death_drops": "BL9_Drops_Clawer",
    "special_attacks": [
      {
        "type": "monster_attack",
        "attack_type": "melee",
        "cooldown": 12,
        "move_cost": 250,
        "damage_max_instance": [ { "damage_type": "bash", "amount": 9 }, { "damage_type": "stab", "amount": 29, "armor_multiplier": 1.42 } ],
        "hit_dmg_u": "The %1$s's bulbous mouth crunches at you!",
        "hit_dmg_npc": "The %1$s crunches at <npcname>!",
        "no_dmg_msg_u": "The %1$s tries to viciously bite you, but fails to penetrate your armor!",
        "no_dmg_msg_npc": "The %1$s tries to bite <npcname>, but fails to penetrate their armor!",
        "miss_msg_u": "The %s bulbous mouth crunches at you, but you step aside!",
        "miss_msg_npc": "The %s crunches <npcname>, but they dodge!"
      }
    ],
    "flags": [ "SEES", "HEARS", "SMELLS", "WARM", "BASHES", "GROUP_BASH", "POISON", "NO_BREATHE", "BONES", "GRABS", "PUSH_MON" ]
  }
]
