[
  {
    "type": "recipe",
    "activity_level": "NO_EXERCISE",
    "result": "9mmBL9mk3mag",
    "category": "CC_WEAPON",
    "subcategory": "CSC_WEAPON_MAGAZINES",
    "skill_used": "fabrication",
    "skills_required": [ [ "fabrication", 8 ], [ "mechanics", 8 ] ],
    "difficulty": 5,
    "time": "10 m",
    "autolearn": true,
    "using": [ [ "forging_standard", 5 ], [ "steel_standard", 5 ] ],
    "qualities": [ { "id": "HAMMER", "level": 2 }, { "id": "ANVIL", "level": 1 } ],
    "tools": [ [ [ "press", -1 ], [ "clay_lump", -1 ] ], [ [ "surface_heat", 10, "LIST" ] ] ],
    "components": [ [ [ "BL9_sample", 40 ] ] ]
  },
  {
    "type": "recipe",
    "activity_level": "NO_EXERCISE",
    "result": "9mmBL9smgmk3mag",
    "category": "CC_WEAPON",
    "subcategory": "CSC_WEAPON_MAGAZINES",
    "skill_used": "fabrication",
    "skills_required": [ [ "fabrication", 8 ], [ "mechanics", 8 ] ],
    "difficulty": 5,
    "time": "10 m",
    "autolearn": true,
    "using": [ [ "forging_standard", 5 ], [ "steel_standard", 5 ] ],
    "qualities": [ { "id": "HAMMER", "level": 2 }, { "id": "ANVIL", "level": 1 } ],
    "tools": [ [ [ "press", -1 ], [ "clay_lump", -1 ] ], [ [ "surface_heat", 10, "LIST" ] ] ],
    "components": [ [ [ "BL9_sample", 40 ] ] ]
  },
  {
    "type": "recipe",
    "activity_level": "NO_EXERCISE",
    "result": "308BL9mk3mag",
    "category": "CC_WEAPON",
    "subcategory": "CSC_WEAPON_MAGAZINES",
    "skill_used": "fabrication",
    "skills_required": [ [ "fabrication", 8 ], [ "mechanics", 8 ] ],
    "difficulty": 5,
    "time": "10 m",
    "autolearn": true,
    "using": [ [ "forging_standard", 5 ], [ "steel_standard", 5 ] ],
    "qualities": [ { "id": "HAMMER", "level": 2 }, { "id": "ANVIL", "level": 1 } ],
    "tools": [ [ [ "press", -1 ], [ "clay_lump", -1 ] ], [ [ "surface_heat", 10, "LIST" ] ] ],
    "components": [ [ [ "BL9_sample", 40 ] ] ]
  },
  {
    "type": "recipe",
    "activity_level": "NO_EXERCISE",
    "result": "556223BL9mk3mag",
    "category": "CC_WEAPON",
    "subcategory": "CSC_WEAPON_MAGAZINES",
    "skill_used": "fabrication",
    "skills_required": [ [ "fabrication", 8 ], [ "mechanics", 8 ] ],
    "difficulty": 5,
    "time": "10 m",
    "autolearn": true,
    "using": [ [ "forging_standard", 5 ], [ "steel_standard", 5 ] ],
    "qualities": [ { "id": "HAMMER", "level": 2 }, { "id": "ANVIL", "level": 1 } ],
    "tools": [ [ [ "press", -1 ], [ "clay_lump", -1 ] ], [ [ "surface_heat", 10, "LIST" ] ] ],
    "components": [ [ [ "BL9_sample", 40 ] ] ]
  },
  {
    "type": "recipe",
    "activity_level": "NO_EXERCISE",
    "result": "tank_BL9_mk3",
    "category": "CC_WEAPON",
    "subcategory": "CSC_WEAPON_MAGAZINES",
    "skill_used": "fabrication",
    "skills_required": [ [ "fabrication", 8 ], [ "mechanics", 8 ] ],
    "difficulty": 5,
    "time": "10 m",
    "autolearn": true,
    "using": [ [ "forging_standard", 5 ], [ "steel_standard", 5 ] ],
    "qualities": [ { "id": "HAMMER", "level": 2 }, { "id": "ANVIL", "level": 1 } ],
    "tools": [ [ [ "press", -1 ], [ "clay_lump", -1 ] ], [ [ "surface_heat", 10, "LIST" ] ] ],
    "components": [ [ [ "BL9_sample", 40 ] ] ]
  },
  {
    "type": "recipe",
    "activity_level": "NO_EXERCISE",
    "result": "40_BL9mk3mag",
    "category": "CC_WEAPON",
    "subcategory": "CSC_WEAPON_MAGAZINES",
    "skill_used": "fabrication",
    "skills_required": [ [ "fabrication", 8 ], [ "mechanics", 8 ] ],
    "difficulty": 5,
    "time": "10 m",
    "autolearn": true,
    "using": [ [ "forging_standard", 5 ], [ "steel_standard", 5 ] ],
    "qualities": [ { "id": "HAMMER", "level": 2 }, { "id": "ANVIL", "level": 1 } ],
    "tools": [ [ [ "press", -1 ], [ "clay_lump", -1 ] ], [ [ "surface_heat", 10, "LIST" ] ] ],
    "components": [ [ [ "BL9_sample", 40 ] ] ]
  }
]
