[
  {
    "type": "recipe",
	"activity_level": "LIGHT_EXERCISE",
    "result": "BL9_pistol_mk3",
    "category": "CC_WEAPON",
    "subcategory": "CSC_WEAPON_RANGED",
    "skill_used": "fabrication",
    "skills_required": [ [ "fabrication", 8 ], [ "mechanics", 8 ] ],
    "difficulty": 5,
    "time": "1 h",
    "autolearn": true,
    "using": [ [ "forging_standard", 5 ], [ "steel_standard", 5 ] ],
    "qualities": [ { "id": "HAMMER", "level": 2 }, { "id": "ANVIL", "level": 1 } ],
    "tools": [ [ [ "press", -1 ], [ "clay_lump", -1 ] ], [ [ "surface_heat", 10, "LIST" ] ] ],
    "components": [ [ [ "BL9_pistol_mk2", 1 ] ], [ [ "BL9_commander_sample", 1 ] ] ]
  },
  {
    "type": "recipe",
	"activity_level": "LIGHT_EXERCISE",
    "result": "BL9_smg_mk3",
    "category": "CC_WEAPON",
    "subcategory": "CSC_WEAPON_RANGED",
    "skill_used": "fabrication",
    "skills_required": [ [ "fabrication", 8 ], [ "mechanics", 8 ] ],
    "difficulty": 5,
    "time": "1 h",
    "autolearn": true,
    "using": [ [ "forging_standard", 5 ], [ "steel_standard", 5 ] ],
    "qualities": [ { "id": "HAMMER", "level": 2 }, { "id": "ANVIL", "level": 1 } ],
    "tools": [ [ [ "press", -1 ], [ "clay_lump", -1 ] ], [ [ "surface_heat", 10, "LIST" ] ] ],
    "components": [ [ [ "BL9_smg_mk2", 1 ] ], [ [ "BL9_commander_sample", 1 ] ] ]
  },
  {
    "type": "recipe",
	"activity_level": "LIGHT_EXERCISE",
    "result": "BL9_sniper_mk3",
    "category": "CC_WEAPON",
    "subcategory": "CSC_WEAPON_RANGED",
    "skill_used": "fabrication",
    "skills_required": [ [ "fabrication", 8 ], [ "mechanics", 8 ] ],
    "difficulty": 5,
    "time": "1 h",
    "autolearn": true,
    "using": [ [ "forging_standard", 5 ], [ "steel_standard", 5 ] ],
    "qualities": [ { "id": "HAMMER", "level": 2 }, { "id": "ANVIL", "level": 1 } ],
    "tools": [ [ [ "press", -1 ], [ "clay_lump", -1 ] ], [ [ "surface_heat", 10, "LIST" ] ] ],
    "components": [ [ [ "BL9_sniper_mk2", 1 ] ], [ [ "BL9_commander_sample", 1 ] ] ]
  },
  {
    "type": "recipe",
	"activity_level": "LIGHT_EXERCISE",
    "result": "BL9_auto_mk3",
    "category": "CC_WEAPON",
    "subcategory": "CSC_WEAPON_RANGED",
    "skill_used": "fabrication",
    "skills_required": [ [ "fabrication", 8 ], [ "mechanics", 8 ] ],
    "difficulty": 5,
    "time": "1 h",
    "autolearn": true,
    "using": [ [ "forging_standard", 5 ], [ "steel_standard", 5 ] ],
    "qualities": [ { "id": "HAMMER", "level": 2 }, { "id": "ANVIL", "level": 1 } ],
    "tools": [ [ [ "press", -1 ], [ "clay_lump", -1 ] ], [ [ "surface_heat", 10, "LIST" ] ] ],
    "components": [ [ [ "BL9_auto_mk2", 1 ] ], [ [ "BL9_commander_sample", 1 ] ] ]
  },
  {
    "type": "recipe",
	"activity_level": "LIGHT_EXERCISE",
    "result": "BL9_shotgun_mk3",
    "category": "CC_WEAPON",
    "subcategory": "CSC_WEAPON_RANGED",
    "skill_used": "fabrication",
    "skills_required": [ [ "fabrication", 8 ], [ "mechanics", 8 ] ],
    "difficulty": 5,
    "time": "1 h",
    "autolearn": true,
    "using": [ [ "forging_standard", 5 ], [ "steel_standard", 5 ] ],
    "qualities": [ { "id": "HAMMER", "level": 2 }, { "id": "ANVIL", "level": 1 } ],
    "tools": [ [ [ "press", -1 ], [ "clay_lump", -1 ] ], [ [ "surface_heat", 10, "LIST" ] ] ],
    "components": [ [ [ "BL9_shotgun_mk2", 1 ] ], [ [ "BL9_commander_sample", 1 ] ] ]
  },
  {
    "type": "recipe",
	"activity_level": "LIGHT_EXERCISE",
    "result": "BL9_magnum_mk3",
    "category": "CC_WEAPON",
    "subcategory": "CSC_WEAPON_RANGED",
    "skill_used": "fabrication",
    "skills_required": [ [ "fabrication", 8 ], [ "mechanics", 8 ] ],
    "difficulty": 5,
    "time": "1 h",
    "autolearn": true,
    "using": [ [ "forging_standard", 5 ], [ "steel_standard", 5 ] ],
    "qualities": [ { "id": "HAMMER", "level": 2 }, { "id": "ANVIL", "level": 1 } ],
    "tools": [ [ [ "press", -1 ], [ "clay_lump", -1 ] ], [ [ "surface_heat", 10, "LIST" ] ] ],
    "components": [ [ [ "BL9_magnum_mk2", 1 ] ], [ [ "BL9_commander_sample", 1 ] ] ]
  },
  {
    "type": "recipe",
	"activity_level": "LIGHT_EXERCISE",
    "result": "BL9_sprayer_mk3",
    "category": "CC_WEAPON",
    "subcategory": "CSC_WEAPON_RANGED",
    "skill_used": "fabrication",
    "skills_required": [ [ "fabrication", 8 ], [ "mechanics", 8 ] ],
    "difficulty": 5,
    "time": "1 h",
    "autolearn": true,
    "using": [ [ "forging_standard", 5 ], [ "steel_standard", 5 ] ],
    "qualities": [ { "id": "HAMMER", "level": 2 }, { "id": "ANVIL", "level": 1 } ],
    "tools": [ [ [ "press", -1 ], [ "clay_lump", -1 ] ], [ [ "surface_heat", 10, "LIST" ] ] ],
    "components": [ [ [ "BL9_sprayer_mk2", 1 ] ], [ [ "BL9_commander_sample", 1 ] ] ]
  },
  {
    "type": "recipe",
	"activity_level": "LIGHT_EXERCISE",
    "result": "BL9_launcher_mk3",
    "category": "CC_WEAPON",
    "subcategory": "CSC_WEAPON_EXPLOSIVE",
    "skill_used": "fabrication",
    "skills_required": [ [ "fabrication", 8 ], [ "mechanics", 8 ] ],
    "difficulty": 5,
    "time": "1 h",
    "autolearn": true,
    "using": [ [ "forging_standard", 5 ], [ "steel_standard", 5 ] ],
    "qualities": [ { "id": "HAMMER", "level": 2 }, { "id": "ANVIL", "level": 1 } ],
    "tools": [ [ [ "press", -1 ], [ "clay_lump", -1 ] ], [ [ "surface_heat", 10, "LIST" ] ] ],
    "components": [ [ [ "BL9_launcher_mk2", 1 ] ], [ [ "BL9_commander_sample", 1 ] ] ]
  },
  {
    "type": "recipe",
	"activity_level": "LIGHT_EXERCISE",
    "result": "BL9_bow_mk3",
    "category": "CC_WEAPON",
    "subcategory": "CSC_WEAPON_RANGED",
    "skill_used": "fabrication",
    "skills_required": [ [ "fabrication", 8 ], [ "mechanics", 8 ] ],
    "difficulty": 5,
    "time": "1 h",
    "autolearn": true,
    "using": [ [ "forging_standard", 5 ], [ "steel_standard", 5 ] ],
    "qualities": [ { "id": "HAMMER", "level": 2 }, { "id": "ANVIL", "level": 1 } ],
    "tools": [ [ [ "press", -1 ], [ "clay_lump", -1 ] ], [ [ "surface_heat", 10, "LIST" ] ] ],
    "components": [ [ [ "BL9_bow_mk2", 1 ] ], [ [ "BL9_commander_sample", 1 ] ] ]
  },
  {
    "type": "recipe",
	"activity_level": "LIGHT_EXERCISE",
    "result": "BL9_crossbow_mk3",
    "category": "CC_WEAPON",
    "subcategory": "CSC_WEAPON_RANGED",
    "skill_used": "fabrication",
    "skills_required": [ [ "fabrication", 8 ], [ "mechanics", 8 ] ],
    "difficulty": 5,
    "time": "1 h",
    "autolearn": true,
    "using": [ [ "forging_standard", 5 ], [ "steel_standard", 5 ] ],
    "qualities": [ { "id": "HAMMER", "level": 2 }, { "id": "ANVIL", "level": 1 } ],
    "tools": [ [ [ "press", -1 ], [ "clay_lump", -1 ] ], [ [ "surface_heat", 10, "LIST" ] ] ],
    "components": [ [ [ "BL9_crossbow_mk2", 1 ] ], [ [ "BL9_commander_sample", 1 ] ] ]
  }
]
