[
  {
    "type": "MOD_INFO",
    "mod-type": "content",
    "id": "BL9",
    "name": "<color_light_blue>BL9</color>",
    "description": "\n<color_yellow>Are you daring enough to explore the BL9 mystery?Explore the custom lore about secret Cataclysm organizations, their dark plans and their attempts to use a new dangerous and unpredictable Blob-like organism type to seize power in this crazy world! </color>\n\n <color_light_cyan> Huge exotic locations - The Tainted Medieval Castle, The Secret Organization's Militarized Island, huge lush and dangerous underground biomes (over 150+ custom overmaps!)</color>,<color_red> vile and horribly mutated dangerous monsters, new weapons (ballistics too!) and armor </color>\n <color_light_blue> Adds locations and monsters inspired by iconic Resident Evil series made by Capcom</color>",
    "category": "content",
    "author": "Mrsecretguy1/Kenan, Axema Vales, Goat-God",
	"dependencies": [ "dda" ],
    "path": ""
  }

]
