[
  {
    "id": "BL9_sample",
    "type": "AMMO",
    "category": "other",
    "name": { "str": "BL9 Sample", "str_pl": "BL9 Samples" },
    "description": "An organism sample of a very strange and unknown origin, as you touch it you can clearly feel how it's vibrating, moving, as if it's particles are constantly communicating with each other",
    "weight": "1 g",
    "volume": "10 ml",
    "price": 0,
    "price_postapoc": 0,
    "material": [ "alien_resin" ],
    "symbol": "&",
    "color": "dark_gray",
    "count": 1,
    "stack_size": 200,
    "ammo_type": "BL9_sample_type",
    "effects": [ "NEVER_MISFIRES", "NON-FOULING" ]
  },
  {
    "id": "goldcoin",
    "type": "AMMO",
    "category": "other",
    "name": { "str": "Gold Coin", "str_pl": "Gold Coins" },
    "description": "A well-made, seemingly handcrafted golden coin. Its one side is adorned in astounding etched decorations, and the other shows an image of a bust of some seemingly Roman Emperor with some text below it written in Latin that you cannot decipher.",
    "weight": "0 g",
    "volume": "0 ml",
    "price": 50,
    "price_postapoc": 10,
    "material": "gold",
    "symbol": "$",
    "color": "yellow",
    "count": 1,
    "stack_size": 200,
    "ammo_type": "goldcoin_type",
    "effects": [ "NEVER_MISFIRES", "NON-FOULING" ],
    "flags": [ "ZERO_WEIGHT" ]
  },
  {
    "id": "goldcoincomb",
    "type": "AMMO",
    "category": "other",
    "name": { "str": "Gold Coin Combination", "str_pl": "Gold Coin Combinations" },
    "description": "A combination of well-made, seemingly handcrafted golden coins. Its one side is adorned in astounding etched decorations, and the other shows an image of a bust of some seemingly Roman Emperor with some text below it written in Latin that you cannot decipher.",
    "weight": "0 g",
    "volume": "0 ml",
    "price": 5000,
    "price_postapoc": 1000,
    "material": "gold",
    "symbol": "$",
    "color": "yellow",
    "count": 1,
    "stack_size": 200,
    "ammo_type": "goldcoincomb_type",
    "effects": [ "NEVER_MISFIRES", "NON-FOULING" ],
    "flags": [ "ZERO_WEIGHT" ]
  },
  {
    "id": "platcoin",
    "type": "AMMO",
    "category": "other",
    "name": { "str": "Platinum Coin", "str_pl": "Platinum Coins" },
    "description": "A well-made, seemingly handcrafted platinum coin. Its one side is adorned in astounding etched decorations, and the other shows a terribly distorted image of some chaotic deity of war or death and 3 letters under it - 'B L 9'",
    "weight": "0 g",
    "volume": "0 ml",
    "price": 100,
    "price_postapoc": 18,
    "material": "platinum",
    "symbol": "$",
    "color": "dark_gray",
    "count": 1,
    "stack_size": 200,
    "ammo_type": "platinumcoin_type",
    "effects": [ "NEVER_MISFIRES", "NON-FOULING" ],
    "flags": [ "ZERO_WEIGHT" ]
  },
  {
    "id": "platcoincomb",
    "type": "AMMO",
    "category": "other",
    "name": { "str": "Platinum Coin Combination", "str_pl": "Platinum Coin Combinations" },
    "description": "A combination of well-made, seemingly handcrafted platinum coins. Its one side is adorned in astounding etched decorations, and the other shows a terribly distorted image of some chaotic deity of war or death and 3 letters under it - 'B L 9'",
    "weight": "0 g",
    "volume": "0 ml",
    "price": 10000,
    "price_postapoc": 1800,
    "material": "platinum",
    "symbol": "$",
    "color": "dark_gray",
    "count": 1,
    "stack_size": 200,
    "ammo_type": "platinumcoincomb_type",
    "effects": [ "NEVER_MISFIRES", "NON-FOULING" ],
    "flags": [ "ZERO_WEIGHT" ]
  },
  {
    "id": "9mmBL9",
    "type": "AMMO",
    "name": { "str": "9x19mm BL9" },
    "description": "Manually and clumsily soldered pieces of steel with BL9 samples, somehow the BL9 knows what form to take in order to encase the piece of steel in such a perfect manner to form a 9mm caliber handmade bullet",
    "weight": "7 g",
    "volume": "250 ml",
    "price": 150,
    "price_postapoc": 1000,
    "flags": [ "IRREPLACEABLE_CONSUMABLE" ],
    "material": [ "BL9", "steel" ],
    "symbol": "=",
    "color": "yellow",
    "count": 10,
    "stack_size": 200,
    "ammo_type": "9mmBL9_type",
    "casing": "9mm_casing",
    "range": 14,
    "damage": { "damage_type": "bullet", "amount": 67, "armor_penetration": 18 },
    "dispersion": 85,
    "recoil": 340,
    "effects": [ "COOKOFF" ]
  },
  {
    "id": "9mmBL9mk2",
    "type": "AMMO",
    "name": { "str": "9x19mm BL9 MK ii" },
    "description": "Manually and clumsily soldered pieces of steel with BL9 samples, somehow the BL9 knows what form to take in order to encase the piece of steel in such a perfect manner to form a stronger 9mm caliber handmade bullet",
    "weight": "7 g",
    "volume": "250 ml",
    "price": 150,
    "price_postapoc": 1000,
    "flags": [ "IRREPLACEABLE_CONSUMABLE" ],
    "material": [ "BL9", "steel" ],
    "symbol": "=",
    "color": "yellow",
    "count": 10,
    "stack_size": 200,
    "ammo_type": "9mmBL9mk2_type",
    "casing": "9mm_casing",
    "range": 14,
    "damage": { "damage_type": "bullet", "amount": 110, "armor_penetration": 27 },
    "dispersion": 80,
    "recoil": 325,
    "effects": [ "COOKOFF" ]
  },
  {
    "id": "9mmBL9smg",
    "type": "AMMO",
    "name": { "str": "9x19mm smg BL9" },
    "description": "Manually and clumsily soldered pieces of steel with BL9 samples, somehow the BL9 knows what form to take in order to encase the piece of steel in such a perfect manner to form a 9mm smg caliber handmade bullet",
    "weight": "7 g",
    "volume": "250 ml",
    "price": 150,
    "price_postapoc": 1000,
    "flags": [ "IRREPLACEABLE_CONSUMABLE" ],
    "material": [ "BL9", "steel" ],
    "symbol": "=",
    "color": "yellow",
    "count": 10,
    "stack_size": 200,
    "ammo_type": "9mmBL9smg_type",
    "casing": "9mm_casing",
    "range": 14,
    "damage": { "damage_type": "bullet", "amount": 41, "armor_penetration": 14 },
    "dispersion": 65,
    "recoil": 260,
    "effects": [ "COOKOFF" ]
  },
  {
    "id": "9mmBL9smgmk2",
    "type": "AMMO",
    "name": { "str": "9x19mm MK ii smg BL9" },
    "description": "Manually and clumsily soldered pieces of steel with BL9 samples, somehow the BL9 knows what form to take in order to encase the piece of steel in such a perfect manner to form a stronger 9mm smg caliber handmade bullet",
    "weight": "7 g",
    "volume": "250 ml",
    "price": 150,
    "price_postapoc": 1000,
    "flags": [ "IRREPLACEABLE_CONSUMABLE" ],
    "material": [ "BL9", "steel" ],
    "symbol": "=",
    "color": "yellow",
    "count": 10,
    "stack_size": 200,
    "ammo_type": "9mmBL9smgmk2_type",
    "casing": "9mm_casing",
    "range": 14,
    "damage": { "damage_type": "bullet", "amount": 67, "armor_penetration": 20 },
    "dispersion": 55,
    "recoil": 240,
    "effects": [ "COOKOFF" ]
  },
  {
    "id": "308BL9",
    "type": "AMMO",
    "name": { "str": ".308 BL9" },
    "description": "Manually and clumsily soldered pieces of steel with BL9 samples, somehow the BL9 knows what form to take in order to encase the piece of steel in such a perfect manner to form a 308 caliber handmade bullet",
    "weight": "18 g",
    "volume": "250 ml",
    "price": 180,
    "price_postapoc": 800,
    "flags": [ "IRREPLACEABLE_CONSUMABLE" ],
    "material": [ "BL9", "steel" ],
    "symbol": "=",
    "color": "yellow",
    "count": 10,
    "stack_size": 200,
    "ammo_type": "308BL9_type",
    "casing": "308_casing",
    "range": 65,
    "damage": { "damage_type": "bullet", "amount": 150, "armor_penetration": 45 },
    "dispersion": 30,
    "recoil": 1760,
    "effects": [ "COOKOFF" ]
  },
  {
    "id": "308BL9mk2",
    "type": "AMMO",
    "name": { "str": ".308 MK ii BL9" },
    "description": "Manually and clumsily soldered pieces of steel with BL9 samples, somehow the BL9 knows what form to take in order to encase the piece of steel in such a perfect manner to form a stronger 308 caliber handmade bullet",
    "weight": "18 g",
    "volume": "250 ml",
    "price": 180,
    "price_postapoc": 800,
    "flags": [ "IRREPLACEABLE_CONSUMABLE" ],
    "material": [ "BL9", "steel" ],
    "symbol": "=",
    "color": "yellow",
    "count": 10,
    "stack_size": 200,
    "ammo_type": "308BL9mk2_type",
    "casing": "308_casing",
    "range": 65,
    "damage": { "damage_type": "bullet", "amount": 250, "armor_penetration": 65 },
    "dispersion": 25,
    "recoil": 1610,
    "effects": [ "COOKOFF" ]
  },
  {
    "id": "BL9shot",
    "type": "AMMO",
    "name": { "str": "BL9 shot" },
    "description": "Manually and clumsily soldered pieces of steel with BL9 samples, somehow the BL9 knows what form to take in order to encase the piece of steel in such a perfect manner to form a handmade shell",
    "weight": "32 g",
    "volume": "250 ml",
    "price": 500,
    "price_postapoc": 800,
    "flags": [ "IRREPLACEABLE_CONSUMABLE" ],
    "material": [ "BL9", "steel" ],
    "symbol": "=",
    "color": "red",
    "count": 10,
    "stack_size": 200,
    "ammo_type": "BL9shot_type",
    "casing": "shot_hull",
    "range": 12,
    "damage": { "damage_type": "bullet", "amount": 120, "armor_penetration": 37 },
    "recoil": 1835,
    "loudness": 160,
    "effects": [ "COOKOFF", "SHOT" ]
  },
  {
    "id": "BL9shotmk2",
    "type": "AMMO",
    "name": { "str": "BL9 shot MK ii" },
    "description": "Manually and clumsily soldered pieces of steel with BL9 samples, somehow the BL9 knows what form to take in order to encase the piece of steel in such a perfect manner to form a stronger handmade shell",
    "weight": "32 g",
    "volume": "250 ml",
    "price": 500,
    "price_postapoc": 800,
    "flags": [ "IRREPLACEABLE_CONSUMABLE" ],
    "material": [ "BL9", "steel" ],
    "symbol": "=",
    "color": "red",
    "count": 10,
    "stack_size": 200,
    "ammo_type": "BL9shotmk2_type",
    "casing": "shot_hull",
    "range": 12,
    "damage": { "damage_type": "bullet", "amount": 198, "armor_penetration": 47 },
    "recoil": 1645,
    "loudness": 160,
    "effects": [ "COOKOFF", "SHOT" ]
  },
  {
    "id": "357magBL9",
    "type": "AMMO",
    "name": { "str": ".357 magnum BL9" },
    "description": "Manually and clumsily soldered pieces of steel with BL9 samples, somehow the BL9 knows what form to take in order to encase the piece of steel in such a perfect manner to form a 357mag caliber handmade bullet",
    "weight": "8 g",
    "volume": "250 ml",
    "price": 140,
    "price_postapoc": 1000,
    "flags": [ "IRREPLACEABLE_CONSUMABLE" ],
    "material": [ "BL9", "steel" ],
    "symbol": "=",
    "color": "light_gray",
    "count": 10,
    "stack_size": 200,
    "ammo_type": "357magBL9_type",
    "casing": "357mag_casing",
    "range": 16,
    "damage": { "damage_type": "bullet", "amount": 140, "armor_penetration": 40 },
    "dispersion": 45,
    "recoil": 395,
    "effects": [ "COOKOFF" ]
  },
  {
    "id": "357magBL9mk2",
    "type": "AMMO",
    "name": { "str": ".357 magnum BL9 MK ii" },
    "description": "Manually and clumsily soldered pieces of steel with BL9 samples, somehow the BL9 knows what form to take in order to encase the piece of steel in such a perfect manner to form a stronger 357mag caliber handmade bullet",
    "weight": "8 g",
    "volume": "250 ml",
    "price": 140,
    "price_postapoc": 1000,
    "flags": [ "IRREPLACEABLE_CONSUMABLE" ],
    "material": [ "BL9", "steel" ],
    "symbol": "=",
    "color": "light_gray",
    "count": 10,
    "stack_size": 200,
    "ammo_type": "357magBL9mk2_type",
    "casing": "357mag_casing",
    "range": 16,
    "damage": { "damage_type": "bullet", "amount": 228, "armor_penetration": 48 },
    "dispersion": 35,
    "recoil": 365,
    "effects": [ "COOKOFF" ]
  },
  {
    "id": "556BL9",
    "type": "AMMO",
    "name": { "str": "5.56 BL9" },
    "description": "Manually and clumsily soldered pieces of steel with BL9 samples, somehow the BL9 knows what form to take in order to encase the piece of steel in such a perfect manner to form a 5.56 caliber handmade bullet",
    "weight": "12 g",
    "volume": "250 ml",
    "price": 280,
    "price_postapoc": 900,
    "flags": [ "IRREPLACEABLE_CONSUMABLE" ],
    "material": [ "BL9", "steel" ],
    "symbol": "=",
    "color": "yellow",
    "count": 10,
    "stack_size": 200,
    "ammo_type": "556BL9_type",
    "casing": "223_casing",
    "range": 36,
    "damage": { "damage_type": "bullet", "amount": 71, "armor_penetration": 25 },
    "dispersion": 45,
    "recoil": 875,
    "effects": [ "COOKOFF" ]
  },
  {
    "id": "556BL9mk2",
    "type": "AMMO",
    "name": { "str": "5.56 BL9 MK ii" },
    "description": "Manually and clumsily soldered pieces of steel with BL9 samples, somehow the BL9 knows what form to take in order to encase the piece of steel in such a perfect manner to form a stronger 5.56 caliber handmade bullet",
    "weight": "12 g",
    "volume": "250 ml",
    "price": 280,
    "price_postapoc": 900,
    "flags": [ "IRREPLACEABLE_CONSUMABLE" ],
    "material": [ "BL9", "steel" ],
    "symbol": "=",
    "color": "yellow",
    "count": 10,
    "stack_size": 200,
    "ammo_type": "556BL9mk2_type",
    "casing": "223_casing",
    "range": 36,
    "damage": { "damage_type": "bullet", "amount": 117, "armor_penetration": 33 },
    "dispersion": 35,
    "recoil": 775,
    "effects": [ "COOKOFF" ]
  },
  {
    "id": "BL9_spray",
    "type": "AMMO",
    "name": { "str_sp": "BL9 spray" },
    "description": "It seems to take a form of a very strange looking gray acidic liquid that bubbles and splashes by itself inside of any container it is put in, corrosive and dangerous",
    "weight": "1 g",
    "volume": "200 ml",
    "price": 8000,
    "price_postapoc": 1000,
    "count": 140,
    "stack_size": 200,
    "phase": "liquid",
    "container": "jerrycan",
    "material": [ "BL9" ],
    "symbol": "=",
    "color": "light_red",
    "ammo_type": "BL9spray_type",
    "damage": { "damage_type": "acid", "amount": 90, "armor_penetration": 25 },
    "range": 6,
    "effects": [ "BLINDS_EYES", "STREAM_BIG", "NEVER_MISFIRES" ]
  },
  {
    "id": "BL9_spraymk2",
    "type": "AMMO",
    "name": { "str_sp": "BL9 spray MK ii" },
    "description": "It seems to take a form of a very strange looking white acidic liquid that bubbles and splashes by itself inside of any container it is put in, extremely corrosive and dangerous",
    "weight": "1 g",
    "volume": "200 ml",
    "price": 8000,
    "price_postapoc": 1000,
    "count": 140,
    "stack_size": 200,
    "phase": "liquid",
    "container": "jerrycan",
    "material": [ "BL9" ],
    "symbol": "=",
    "color": "light_red",
    "ammo_type": "BL9spraymk2_type",
    "damage": { "damage_type": "acid", "amount": 148, "armor_penetration": 33 },
    "range": 6,
    "effects": [ "BLINDS_EYES", "STREAM_BIG", "NEVER_MISFIRES" ]
  },
  {
    "type": "AMMO",
    "id": "BL9_arrow",
    "price": 1200,
    "name": { "str": "BL9-infused arrow" },
    "symbol": "=",
    "color": "green",
    "description": "A fletched aluminum arrow shaft with a bladed tip that has somehow been infused with the almost sentient BL9 covering it partially and strengthening it with it's tissue",
    "material": [ "BL9", "steel" ],
    "volume": "300 ml",
    "price_postapoc": 500,
    "weight": "45 g",
    "bashing": 3,
    "cutting": 2,
    "ammo_type": "BL9arrow_type",
    "damage": { "damage_type": "stab", "armor_penetration": 28, "constant_damage_multiplier": 2.5 },
    "range": 2,
    "dispersion": 60,
    "loudness": 0,
    "count": 10,
    "critical_multiplier": 2,
    "effects": [ "RECOVER_35" ]
  },
  {
    "type": "AMMO",
    "id": "BL9_bolt",
    "price": 500,
    "name": { "str": "BL9-infused bolt" },
    "symbol": "=",
    "color": "green",
    "description": "A simple fletched steel crossbow bolt with a flattened and sharpened tip that has somehow been infused with the almost sentient BL9 covering it partially and strengthening it with it's tissue",
    "material": [ "BL9", "steel" ],
    "volume": "300 ml",
    "price_postapoc": 500,
    "weight": "65 g",
    "bashing": 1,
    "ammo_type": "BL9bolt_type",
    "damage": { "damage_type": "stab", "constant_damage_multiplier": 2.5, "armor_penetration": 33 },
    "dispersion": 100,
    "loudness": 0,
    "count": 10,
    "show_stats": true,
    "critical_multiplier": 2,
    "effects": [ "RECOVER_35" ]
  },
  {
    "type": "AMMO",
    "id": "BL9_arrowmk2",
    "price": 1200,
    "name": { "str": "BL9-infused arrow MK ii" },
    "symbol": "=",
    "color": "green",
    "description": "A fletched aluminum arrow shaft with a bladed tip that has somehow been infused with the almost sentient BL9 covering it entirely and strengthening it with it's tissue",
    "material": [ "BL9", "steel" ],
    "volume": "300 ml",
    "price_postapoc": 500,
    "weight": "45 g",
    "bashing": 3,
    "cutting": 2,
    "ammo_type": "BL9arrowmk2_type",
    "damage": { "damage_type": "stab", "armor_penetration": 33, "constant_damage_multiplier": 4.11 },
    "range": 2,
    "dispersion": 50,
    "loudness": 0,
    "count": 10,
    "critical_multiplier": 2,
    "effects": [ "RECOVER_35" ]
  },
  {
    "type": "AMMO",
    "id": "BL9_boltmk2",
    "price": 500,
    "name": { "str": "BL9-infused bolt MK ii" },
    "symbol": "=",
    "color": "green",
    "description": "A simple fletched steel crossbow bolt with a flattened and sharpened tip that has somehow been infused with the almost sentient BL9 covering it entirely and strengthening it with it's tissue",
    "material": [ "BL9", "steel" ],
    "volume": "300 ml",
    "price_postapoc": 500,
    "weight": "65 g",
    "bashing": 1,
    "ammo_type": "BL9boltmk2_type",
    "damage": { "damage_type": "stab", "constant_damage_multiplier": 4.11, "armor_penetration": 38 },
    "dispersion": 80,
    "loudness": 0,
    "count": 10,
    "show_stats": true,
    "critical_multiplier": 2,
    "effects": [ "RECOVER_35" ]
  },
  {
    "id": "40mmBL9",
    "type": "AMMO",
    "name": "40mm BL9",
    "description": "Manually and clumsily soldered pieces of steel with unstable BL9 samples, somehow the BL9 knows what form to take in order to encase the piece of steel in such a perfect manner to form a dangerous explosive handmade bomblet",
    "weight": "80 g",
    "volume": "45 ml",
    "price": 40000,
    "material": [ "plastic", "powder" ],
    "symbol": "*",
    "color": "brown",
    "count": 5,
    "ammo_type": "40mmBL9_type",
    "range": 25,
    "damage": { "damage_type": "stab", "amount": 1, "armor_penetration": 10 },
    "effects": [ "NEVER_MISFIRES", "COOKOFF", "RECOVER_9", "ACT_ON_RANGED_HIT", "CUSTOM_EXPLOSION" ],
    "explode_in_fire": true,
    "explosion": { "power": 100, "distance_factor": 0.1, "shrapnel": 1 }
  },
  {
    "id": "40mmBL9mk2",
    "type": "AMMO",
    "name": "40mm BL9 MK ii",
    "description": "Manually and clumsily soldered pieces of steel with very unstable BL9 samples, somehow the BL9 knows what form to take in order to encase the piece of steel in such a perfect manner to form a very dangerous explosive handmade bomblet",
    "weight": "145 g",
    "volume": "90 ml",
    "price": 40000,
    "material": [ "plastic", "powder" ],
    "symbol": "*",
    "color": "brown",
    "count": 5,
    "ammo_type": "40mmBL9mk2_type",
    "range": 25,
    "damage": { "damage_type": "stab", "amount": 5, "armor_penetration": 19 },
    "effects": [ "NEVER_MISFIRES", "COOKOFF", "RECOVER_9", "ACT_ON_RANGED_HIT", "CUSTOM_EXPLOSION" ],
    "explode_in_fire": true,
    "explosion": { "power": 175, "distance_factor": 0.1, "shrapnel": 1 }
  },
  {
    "id": "40mmBL9mk3",
    "type": "AMMO",
    "name": "40mm BL9 MK iii",
    "description": "Manually and clumsily soldered pieces of steel with very unstable BL9 samples, somehow the BL9 knows what form to take in order to encase the piece of steel in such a perfect manner to form an elaborately, deviously even made a big living 40mm megabomblet",
    "weight": "275 g",
    "volume": "145 ml",
    "price": 40000,
    "material": [ "plastic", "powder" ],
    "symbol": "*",
    "color": "brown",
    "count": 5,
    "ammo_type": "40mmBL9mk3_type",
    "range": 25,
    "damage": { "damage_type": "stab", "amount": 5, "armor_penetration": 19 },
    "effects": [ "NEVER_MISFIRES", "COOKOFF", "RECOVER_9", "ACT_ON_RANGED_HIT", "CUSTOM_EXPLOSION" ],
    "explode_in_fire": true,
    "explosion": { "power": 285, "distance_factor": 0.1, "shrapnel": 1 }
  }
]
