[
  {
    "id": "BL9_sample_type",
    "name": "BL9 Sample",
    "default": "BL9_sample",
    "type": "ammunition_type"
  },
  {
    "id": "goldcoin_type",
    "name": "Gold Coins",
    "default": "goldcoin",
    "type": "ammunition_type"
  },
  {
    "id": "goldcoincomb_type",
    "name": "Gold Coin Combinations",
    "default": "goldcoincomb",
    "type": "ammunition_type"
  },
  {
    "id": "platinumcoin_type",
    "name": "Platinum Coins",
    "default": "platcoin",
    "type": "ammunition_type"
  },
  {
    "id": "platinumcoincomb_type",
    "name": "Platinum Coin Combinations",
    "default": "platcoincomb",
    "type": "ammunition_type"
  },
  {
    "id": "9mmBL9_type",
    "name": "BL9 9mm",
    "default": "9mmBL9",
    "type": "ammunition_type"
  },
  {
    "id": "9mmBL9mk2_type",
    "name": "BL9 9mm MK ii",
    "default": "9mmBL9mk2",
    "type": "ammunition_type"
  },
  {
    "id": "9mmBL9smg_type",
    "name": "BL9 9mm smg",
    "default": "9mmBL9smg",
    "type": "ammunition_type"
  },
  {
    "id": "9mmBL9smgmk2_type",
    "name": "BL9 9mm smg MK ii",
    "default": "9mmBL9smgmk2",
    "type": "ammunition_type"
  },
  {
    "id": "308BL9_type",
    "name": "BL9 308",
    "default": "308BL9",
    "type": "ammunition_type"
  },
  {
    "id": "308BL9mk2_type",
    "name": "BL9 308 MK ii",
    "default": "308BL9mk2",
    "type": "ammunition_type"
  },
  {
    "id": "556BL9_type",
    "name": "BL9 556",
    "default": "556BL9",
    "type": "ammunition_type"
  },
  {
    "id": "556BL9mk2_type",
    "name": "BL9 556 MK ii",
    "default": "556BL9mk2",
    "type": "ammunition_type"
  },
  {
    "id": "BL9shot_type",
    "name": "BL9 shot",
    "default": "BL9shot",
    "type": "ammunition_type"
  },
  {
    "id": "BL9shotmk2_type",
    "name": "BL9 shot MK ii",
    "default": "BL9shotmk2",
    "type": "ammunition_type"
  },
  {
    "id": "357magBL9_type",
    "name": "357mag",
    "default": "357magBL9",
    "type": "ammunition_type"
  },
  {
    "id": "357magBL9mk2_type",
    "name": "BL9 357mag MK ii",
    "default": "357magBL9mk2",
    "type": "ammunition_type"
  },
  {
    "id": "BL9spray_type",
    "name": "BL9 spray",
    "default": "BL9_spray",
    "type": "ammunition_type"
  },
  {
    "id": "BL9spraymk2_type",
    "name": "BL9 spray MK ii",
    "default": "BL9_spraymk2",
    "type": "ammunition_type"
  },
  {
    "id": "BL9arrow_type",
    "name": "BL9-infused arrow",
    "default": "BL9_arrow",
    "type": "ammunition_type"
  },
  {
    "id": "BL9bolt_type",
    "name": "BL9-infused bolt",
    "default": "BL9_bolt",
    "type": "ammunition_type"
  },
  {
    "id": "BL9arrowmk2_type",
    "name": "BL9-infused arrow MK ii",
    "default": "BL9_arrowmk2",
    "type": "ammunition_type"
  },
  {
    "id": "BL9boltmk2_type",
    "name": "BL9-infused bolt MK ii",
    "default": "BL9_boltmk2",
    "type": "ammunition_type"
  },
  {
    "id": "40mmBL9_type",
    "name": "BL9 40mm",
    "default": "40mmBL9",
    "type": "ammunition_type"
  },
  {
    "id": "40mmBL9mk2_type",
    "name": "BL9 40mm MK ii",
    "default": "40mmBL9mk2",
    "type": "ammunition_type"
  },
  {
    "id": "40mmBL9mk3_type",
    "name": "BL9 40mm MK iii",
    "default": "40mmBL9mk3",
    "type": "ammunition_type"
  }
]
