[
  {
    "id": "mild_curing_herb",
    "type": "COMESTIBLE",
    "comestible_type": "MED",
    "name": { "str": "Mild Curing Herb" },
    "description": "A green herb of unknown origin, it has mild healing properties",
    "weight": "25 g",
    "volume": "5 ml",
    "price": 1000000,
    "price_postapoc": 8000,
    "stack_size": 10,
    "material": [ "dry_plant" ],
    "symbol": "+",
    "color": "green",
    "charges": 1,
    "healthy": 1,
    "use_action": { "type": "cast_spell", "spell_id": "BL9_item_mild_curing_herb", "no_fail": true, "level": 0 },
    "flags": [ "NPC_SAFE", "INEDIBLE" ]
  },
  {
    "id": "medium_curing_herb",
    "type": "COMESTIBLE",
    "comestible_type": "MED",
    "name": { "str": "Medium Curing Herb" },
    "description": "A green herb of unknown origin, it has medium healing properties",
    "weight": "65 g",
    "volume": "10 ml",
    "price": 1000000,
    "price_postapoc": 8000,
    "stack_size": 10,
    "material": [ "dry_plant" ],
    "symbol": "+",
    "charges": 1,
    "color": "green",
    "healthy": 2,
    "use_action": { "type": "cast_spell", "spell_id": "BL9_item_medium_curing_herb", "no_fail": true, "level": 0 },
    "flags": [ "NPC_SAFE", "INEDIBLE" ]
  },
  {
    "id": "strong_curing_herb",
    "type": "COMESTIBLE",
    "comestible_type": "MED",
    "name": { "str": "Strong Curing Herb" },
    "description": "A green herb of unknown origin, it has VERY strong healing properties",
    "weight": "85 g",
    "volume": "15 ml",
    "price": 1000000,
    "price_postapoc": 8000,
    "stack_size": 10,
    "material": [ "dry_plant" ],
    "symbol": "+",
    "color": "green",
    "charges": 1,
    "healthy": 3,
    "use_action": { "type": "cast_spell", "spell_id": "BL9_item_strong_curing_herb", "no_fail": true, "level": 0 },
    "flags": [ "NPC_SAFE", "INEDIBLE" ]
  },
  {
    "id": "BL9_teleport_item",
    "type": "COMESTIBLE",
    "comestible_type": "MED",
    "name": { "str": "`THEIR` teleporting unit" },
    "description": "A strange teleporting unit used only by `THEIR` elite and most trusted units to quickly go from one part of the facility to the other",
    "weight": "100 g",
    "volume": "45 ml",
    "price": 1000000,
    "price_postapoc": 8000,
    "stack_size": 10,
    "material": [ "plastic" ],
    "symbol": "+",
    "color": "green",
    "charges": 1,
    "healthy": 1,
    "use_action": { "type": "cast_spell", "spell_id": "BL9_teleport_spell", "no_fail": true, "level": 0 },
    "flags": [ "NPC_SAFE", "INEDIBLE" ]
  }
]
