[
  {
    "id": "BL9_chunk",
    "type": "GENERIC",
    "category": "spare_parts",
    "name": { "str": "BL9 chunk" },
    "description": "BL9 chunk",
    "weight": "1 g",
    "volume": "10 ml",
    "price": 0,
    "price_postapoc": 0,
    "material": [ "alien_resin" ],
    "symbol": "&",
    "color": "dark_gray",
    "flags": [ "NO_SALVAGE" ]
  },
  {
    "id": "BL9_chunkmk2",
    "type": "GENERIC",
    "category": "spare_parts",
    "name": { "str": "BL9 chunk MK ii" },
    "description": "BL9 chunk MK ii",
    "weight": "1 g",
    "volume": "10 ml",
    "price": 0,
    "price_postapoc": 0,
    "material": [ "alien_resin" ],
    "symbol": "&",
    "color": "dark_gray",
    "flags": [ "NO_SALVAGE" ]
  },
  {
    "id": "BL9_tendril_blade_sample",
    "looks_like": "mutagen_alpha",
    "type": "GENERIC",
    "category": "spare_parts",
    "name": { "str": "BL9 tendril blade sample" },
    "description": "Remains of BL9 that took a form of a blade-like tendril",
    "weight": "75 g",
    "volume": "65 ml",
    "price": 0,
    "price_postapoc": 0,
    "material": [ "BL9" ],
    "symbol": "&",
    "color": "dark_gray",
    "flags": [ "NO_SALVAGE" ]
  },
  {
    "id": "BL9_worm_body_sample",
    "looks_like": "mutagen_alpha",
    "type": "GENERIC",
    "category": "spare_parts",
    "name": { "str": "BL9 worm body sample" },
    "description": "Remains of BL9 that took a form of a stretching worm-like organism",
    "weight": "75 g",
    "volume": "65 ml",
    "price": 0,
    "price_postapoc": 0,
    "material": [ "BL9" ],
    "symbol": "&",
    "color": "dark_gray",
    "flags": [ "NO_SALVAGE" ]
  },
  {
    "id": "BL9_clawer_sample",
    "looks_like": "mutagen_alpha",
    "type": "GENERIC",
    "category": "spare_parts",
    "name": { "str": "BL9 Blind Clawer sample" },
    "description": "BL9 sample infused with remains of broken mechanical claws",
    "weight": "75 g",
    "volume": "65 ml",
    "price": 0,
    "price_postapoc": 0,
    "material": [ "BL9" ],
    "symbol": "&",
    "color": "dark_gray",
    "flags": [ "NO_SALVAGE" ]
  },
  {
    "id": "BL9_repto_sample",
    "looks_like": "mutagen_alpha",
    "type": "GENERIC",
    "category": "spare_parts",
    "name": { "str": "BL9 Repto claw sample" },
    "description": "BL9 sample infused with remains of Repto's giant claw",
    "weight": "75 g",
    "volume": "65 ml",
    "price": 0,
    "price_postapoc": 0,
    "material": [ "BL9" ],
    "symbol": "&",
    "color": "dark_gray",
    "flags": [ "NO_SALVAGE" ]
  },
  {
    "id": "BL9_spindly_spike_sample",
    "looks_like": "mutagen_alpha",
    "type": "GENERIC",
    "category": "spare_parts",
    "name": { "str": "BL9 spindly spike sample" },
    "description": "Remains of BL9 samples that took a form of a spindly spiked parasite",
    "weight": "75 g",
    "volume": "65 ml",
    "price": 0,
    "price_postapoc": 0,
    "material": [ "BL9" ],
    "symbol": "&",
    "color": "dark_gray",
    "flags": [ "NO_SALVAGE" ]
  },
  {
    "id": "BL9_assassin_tail_sample",
    "looks_like": "mutagen_alpha",
    "type": "GENERIC",
    "category": "spare_parts",
    "name": { "str": "BL9 Assassin tail sample" },
    "description": "Remains of BL9 Assassin's samples infused with his sharp tail",
    "weight": "75 g",
    "volume": "65 ml",
    "price": 0,
    "price_postapoc": 0,
    "material": [ "BL9" ],
    "symbol": "&",
    "color": "dark_gray",
    "flags": [ "NO_SALVAGE" ]
  },
  {
    "id": "BL9_twisted_tentacle_sample",
    "looks_like": "mutagen_alpha",
    "type": "GENERIC",
    "category": "spare_parts",
    "name": { "str": "BL9 Twisted One tentacle sample" },
    "description": "Remains of BL9 Twisted One's samples infused with whatever is left of his tentacles",
    "weight": "75 g",
    "volume": "65 ml",
    "price": 0,
    "price_postapoc": 0,
    "material": [ "BL9" ],
    "symbol": "&",
    "color": "dark_gray",
    "flags": [ "NO_SALVAGE" ]
  },
  {
    "id": "BL9_bladed_tentacle_sample",
    "looks_like": "mutagen_alpha",
    "type": "GENERIC",
    "category": "spare_parts",
    "name": { "str": "BL9 bladed tentacle sample" },
    "description": "Remains of BL9 tentacles samples that took a form of a sharp blade",
    "weight": "75 g",
    "volume": "65 ml",
    "price": 0,
    "price_postapoc": 0,
    "material": [ "BL9" ],
    "symbol": "&",
    "color": "dark_gray",
    "flags": [ "NO_SALVAGE" ]
  },
  {
    "id": "BL9_worm_spiked_sample",
    "looks_like": "mutagen_alpha",
    "type": "GENERIC",
    "category": "spare_parts",
    "name": { "str": "BL9 spiked worm sample" },
    "description": "Remains of BL9 samples that took a form of a spiked worm-like parasite",
    "weight": "75 g",
    "volume": "65 ml",
    "price": 0,
    "price_postapoc": 0,
    "material": [ "BL9" ],
    "symbol": "&",
    "color": "dark_gray",
    "flags": [ "NO_SALVAGE" ]
  },
  {
    "id": "BL9_spiked_tentacle_sample",
    "looks_like": "mutagen_alpha",
    "type": "GENERIC",
    "category": "spare_parts",
    "name": { "str": "BL9 spiked tentacle sample" },
    "description": "Remains of BL9 samples that took a form of a spiked tentacle",
    "weight": "75 g",
    "volume": "65 ml",
    "price": 0,
    "price_postapoc": 0,
    "material": [ "BL9" ],
    "symbol": "&",
    "color": "dark_gray",
    "flags": [ "NO_SALVAGE" ]
  },
  {
    "id": "BL9_repto_evo_sample",
    "looks_like": "mutagen_alpha",
    "type": "GENERIC",
    "category": "spare_parts",
    "name": { "str": "BL9 evolved Repto sample" },
    "description": "BL9 sample infused with remains of evolved Repto's astoundingly enormous claw",
    "weight": "75 g",
    "volume": "65 ml",
    "price": 0,
    "price_postapoc": 0,
    "material": [ "BL9" ],
    "symbol": "&",
    "color": "dark_gray",
    "flags": [ "NO_SALVAGE" ]
  },
  {
    "id": "BL9_chimera_pincer_sample",
    "looks_like": "mutagen_alpha",
    "type": "GENERIC",
    "category": "spare_parts",
    "name": { "str": "BL9 Chimera pincer sample" },
    "description": "Remains of BL9 Chimera's samples that took a form of a deadly mouth with a giant pincer",
    "weight": "75 g",
    "volume": "65 ml",
    "price": 0,
    "price_postapoc": 0,
    "material": [ "BL9" ],
    "symbol": "&",
    "color": "dark_gray",
    "flags": [ "NO_SALVAGE" ]
  },
  {
    "id": "BL9_evo_claws_sample",
    "looks_like": "mutagen_alpha",
    "type": "GENERIC",
    "category": "spare_parts",
    "name": { "str": "BL9 evolved claws sample" },
    "description": "Remains of BL9 samples that took a form of huge fan-like claws",
    "weight": "75 g",
    "volume": "65 ml",
    "price": 0,
    "price_postapoc": 0,
    "material": [ "BL9" ],
    "symbol": "&",
    "color": "dark_gray",
    "flags": [ "NO_SALVAGE" ]
  },
  {
    "id": "BL9_vile_leg_sample",
    "looks_like": "mutagen_alpha",
    "type": "GENERIC",
    "category": "spare_parts",
    "name": { "str": "BL9 Vile One sample" },
    "description": "Remains of BL9 Vile One's samples that took a form of a giant spiked crustacean leg",
    "weight": "75 g",
    "volume": "65 ml",
    "price": 0,
    "price_postapoc": 0,
    "material": [ "BL9" ],
    "symbol": "&",
    "color": "dark_gray",
    "flags": [ "NO_SALVAGE" ]
  },
  {
    "id": "BL9_commander_sample",
    "looks_like": "mutagen_alpha",
    "type": "GENERIC",
    "category": "spare_parts",
    "name": { "str": "BL9 Commander Sample" },
    "description": "An organism sample of a very strange and unknown origin, as you touch it you can clearly feel how it's vibrating, moving more wildly than the ordinary samples, it seems like common samples around it move and act in accordance with the 'waves' that it sends to them",
    "weight": "75 g",
    "volume": "65 ml",
    "price": 0,
    "price_postapoc": 0,
    "material": [ "BL9" ],
    "symbol": "&",
    "color": "dark_gray",
    "flags": [ "NO_SALVAGE" ]
  },
  {
    "id": "BL9_castlemap",
    "looks_like": "survivormap",
    "category": "books",
    "type": "GENERIC",
    "symbol": ";",
    "color": "blue",
    "name": { "str_sp": "The BL9 Castlelan Castle Map" },
    "description": "Whoever finds this map - THIS IS A DISTRESS SIGNAL, long-time survivors, I am in need of your help, one of the biggest perils after the Cataclysm  has recently arisen out of nowhere, help me, reach The Castle Entrance AS SOON AS YOU CAN",
    "material": "paper",
    "weight": "30 g",
    "volume": "250 ml",
    "to_hit": -1,
    "use_action": {
      "type": "reveal_map",
      "radius": 180,
      "terrain": [ "castlelan_castle_entr1_left", "castlelan_castle_entr2_left" ],
      "message": "You carefully examine the map and spot the entrance of The Castle, it says 'The bridge leads to the main gates'"
    }
  },
  {
    "id": "BL9_islandmap",
    "looks_like": "militarymap",
    "category": "books",
    "type": "GENERIC",
    "symbol": ";",
    "color": "red",
    "name": { "str_sp": "The BL9 Secret Island Map" },
    "description": "It seems like you've finally managed to find 'THEIR' main presumed base of operations...it is a huge distant Island, fortifications and structures of which will impress even the most professional military engineers",
    "material": "paper",
    "weight": "30 g",
    "volume": "250 ml",
    "to_hit": -1,
    "use_action": {
      "type": "reveal_map",
      "radius": 180,
      "terrain": [ "BL9_Island_Entrance1", "BL9_Island_Entrance2" ],
      "message": "You carefully examine the map and spot the way to reach the Island, apparently in order to get through you'll have to navigate through multiple cave structures and surface military camp..."
    }
  },
  {
    "id": "BL9_biomesmap",
    "looks_like": "subwaymap",
    "category": "books",
    "type": "GENERIC",
    "symbol": ";",
    "color": "green",
    "name": { "str_sp": "The BL9 Hidden Structures Map" },
    "description": "So there are more secret structures where BL9 can be found?My God, is this really that widespread?'EE' time - Exploration and Eradication it seems then...",
    "material": "paper",
    "weight": "30 g",
    "volume": "250 ml",
    "to_hit": -1,
    "use_action": {
      "type": "reveal_map",
      "radius": 180,
      "terrain": [
        "hive_caves_surface",
        "water_caves_surface",
        "sandruins_caves_surface",
        "lava_caves_surface",
        "acid_caves_surface",
        "island_base_storage1"
      ],
      "message": "You carefully examine the map and spot multiple strange looking entrances that lead to some kinds of underground biomes...more BL9 infestation..."
    }
  }
]
