[
  {
    "type": "item_group",
    "id": "BL9_treasure_search1",
    "subtype": "collection",
    "entries": [ { "item": "goldcoin", "prob": 100, "count": [ 65, 67 ] } ]
  },
  {
    "type": "item_group",
    "id": "BL9_treasure1",
    "subtype": "collection",
    "entries": [ { "item": "goldcoin", "prob": 100, "count": [ 65, 67 ] }, { "item": "BL9_sample", "prob": 100, "count": [ 19, 25 ] } ]
  },
  {
    "type": "item_group",
    "id": "BL9_patroltreasure1",
    "subtype": "collection",
    "entries": [ { "item": "goldcoin", "prob": 100, "count": [ 3, 4 ] }, { "item": "BL9_sample", "prob": 100, "count": [ 3, 5 ] } ]
  },
  {
    "type": "item_group",
    "id": "BL9_treasure2",
    "subtype": "collection",
    "entries": [
      { "item": "goldcoin", "prob": 100, "count": [ 290, 295 ] },
      { "item": "BL9_sample", "prob": 100, "count": [ 35, 37 ] }
    ]
  },
  {
    "type": "item_group",
    "id": "BL9_treasure4",
    "subtype": "collection",
    "entries": [
      { "item": "goldcoin", "prob": 100, "count": [ 565, 645 ] },
      { "item": "BL9_sample", "prob": 100, "count": [ 73, 75 ] }
    ]
  },
  {
    "type": "item_group",
    "id": "BL9_treasure5",
    "subtype": "collection",
    "entries": [ { "item": "goldcoin", "prob": 100, "count": [ 2785, 3395 ] } ]
  },
  {
    "type": "item_group",
    "id": "BL9_treasure_search2",
    "subtype": "collection",
    "entries": [ { "item": "platcoin", "prob": 100, "count": [ 114, 115 ] } ]
  },
  {
    "type": "item_group",
    "id": "BL9_treasure6",
    "subtype": "collection",
    "entries": [
      { "item": "platcoin", "prob": 100, "count": [ 175, 176 ] },
      { "item": "BL9_sample", "prob": 100, "count": [ 23, 27 ] }
    ]
  },
  {
    "type": "item_group",
    "id": "BL9_patroltreasure6",
    "subtype": "collection",
    "entries": [ { "item": "platcoin", "prob": 100, "count": [ 8, 9 ] }, { "item": "BL9_sample", "prob": 100, "count": [ 6, 9 ] } ]
  },
  {
    "type": "item_group",
    "id": "BL9_treasure7",
    "subtype": "collection",
    "entries": [
      { "item": "platcoin", "prob": 100, "count": [ 500, 510 ] },
      { "item": "BL9_sample", "prob": 100, "count": [ 37, 45 ] }
    ]
  },
  {
    "type": "item_group",
    "id": "BL9_treasure8",
    "subtype": "collection",
    "entries": [
      { "item": "platcoin", "prob": 100, "count": [ 840, 865 ] },
      { "item": "BL9_sample", "prob": 100, "count": [ 73, 75 ] }
    ]
  },
  {
    "type": "item_group",
    "id": "BL9_treasure9",
    "subtype": "collection",
    "entries": [
      { "item": "platcoin", "prob": 100, "count": [ 1500, 1545 ] },
      { "item": "BL9_sample", "prob": 100, "count": [ 97, 105 ] }
    ]
  },
  {
    "type": "item_group",
    "id": "BL9_treasure10",
    "subtype": "collection",
    "entries": [ { "item": "platcoin", "prob": 100, "count": [ 7900, 9900 ] } ]
  },
  {
    "type": "item_group",
    "id": "BL9_herbs",
    "items": [ [ "mild_curing_herb", 45 ], [ "medium_curing_herb", 25 ], [ "strong_curing_herb", 10 ] ]
  },
  {
    "type": "item_group",
    "id": "BL9_enemy_drinks",
    "items": [
      [ "water_clean", 75 ],
      [ "water_mineral", 75 ],
      [ "oj", 75 ],
      [ "juice", 75 ],
      [ "cranberry_juice", 75 ],
      [ "sports_drink", 75 ],
      [ "apple_cider", 75 ],
      [ "lemonade", 75 ],
      [ "energy_drink", 75 ],
      [ "energy_drink_atomic", 75 ],
      { "group": "softdrinks_canned", "prob": 75 },
      { "item": "cola", "prob": 75, "container-item": "bottle_plastic" },
      { "item": "rootbeer", "prob": 75, "container-item": "bottle_plastic" },
      { "item": "creamsoda", "prob": 75, "container-item": "bottle_plastic" },
      { "item": "lemonlime", "prob": 75, "container-item": "bottle_plastic" },
      { "item": "orangesoda", "prob": 75, "container-item": "bottle_plastic" },
      { "item": "colamdew", "prob": 75, "container-item": "bottle_plastic" },
      { "item": "rootbeer", "prob": 75, "container-item": "bottle_plastic" },
      [ "purple_drink", 75 ],
      [ "herbal_tea", 75 ],
      [ "V8", 75 ]
    ]
  },
  {
    "id": "BL9_enemy_food",
    "type": "item_group",
    "items": [
      [ "water_clean", 75 ],
      [ "water_mineral", 75 ],
      [ "V8", 75 ],
      [ "milk", 75 ],
      { "item": "butter", "prob": 75, "charges-min": 8, "charges-max": 64, "container-item": "wrapper" },
      [ "yoghurt", 75 ],
      [ "pudding", 75 ],
      [ "apple", 75 ],
      [ "sandwich_t", 75 ],
      [ "mushroom", 75 ],
      [ "tomato", 75 ],
      [ "lettuce", 75 ],
      [ "zucchini", 75 ],
      [ "foodplace_food", 75 ],
      [ "onion", 75 ],
      [ "carrot", 75 ],
      [ "potato", 75 ],
      [ "irradiated_tomato", 75 ],
      [ "irradiated_lettuce", 75 ],
      [ "irradiated_zucchini", 75 ],
      [ "irradiated_onion", 75 ],
      [ "irradiated_carrot", 75 ],
      [ "chili", 75 ],
      { "group": "wines_worthy", "prob": 75 },
      [ "fish_fried", 75 ],
      [ "cheese", 75 ],
      [ "lemon", 75 ],
      { "item": "pickle", "prob": 45, "charges": 6, "container-item": "jar_glass_sealed" },
      [ "lutefisk", 75 ],
      [ "fries", 75 ],
      [ "cheese_fries", 75 ],
      [ "onion_rings", 75 ],
      [ "royal_beef", 75 ],
      [ "tofu", 75 ],
      [ "sausage", 75 ],
      [ "bratwurst_sausage", 75 ],
      [ "sweet_sausage", 75 ],
      [ "soup_meat", 75 ],
      [ "veggy_salad", 75 ],
      { "item": "broccoli", "prob": 75, "container-item": "bowl_plastic" },
      { "item": "cabbage", "prob": 75, "container-item": "bowl_plastic" },
      [ "peach", 75 ],
      [ "watermelon", 75 ],
      [ "melon", 75 ],
      [ "blackberries", 75 ],
      [ "mango", 75 ],
      [ "raspberries", 75 ],
      [ "strawberries", 75 ],
      [ "blueberries", 75 ],
      [ "banana", 75 ],
      [ "orange", 75 ],
      [ "grapefruit", 75 ],
      [ "pear", 75 ],
      [ "cherries", 75 ],
      [ "plums", 75 ],
      [ "grapes", 75 ],
      [ "pineapple", 75 ]
    ]
  },
  {
    "id": "BL9_castle_melee",
    "type": "item_group",
    "items": [
      [ "hollow_cane", 2 ],
      [ "sword_cane", 2 ],
      [ "katana_fake", 8 ],
      [ "cutlass_fake", 8 ],
      [ "scimitar_fake", 10 ],
      [ "arming_sword_fake", 7 ],
      [ "broadsword_fake", 8 ],
      [ "longsword_fake", 8 ],
      [ "jian_fake", 8 ],
      [ "rapier_fake", 8 ],
      [ "cavalry_sabre_fake", 8 ],
      [ "estoc_fake", 5 ],
      [ "kris_fake", 8 ],
      [ "zweihander_fake", 6 ],
      [ "nodachi_fake", 6 ],
      [ "bullwhip", 6 ],
      [ "wakizashi_fake", 8 ],
      [ "halberd_fake", 6 ],
      [ "lucern_hammerfake", 4 ],
      [ "battleaxe_fake", 6 ],
      [ "mace_fake", 2 ],
      [ "morningstar_fake", 3 ]
    ]
  },
  {
    "id": "BL9_lore_journal",
    "type": "item_group",
	"subtype": "collection",
	"entries": [ { "item": "BL9_agent_journal1", "prob": 100 }, { "item": "BL9_agent_journal2", "prob": 100 }, { "item": "BL9_agent_journal3", "prob": 100 }, { "item": "BL9_agent_journal4", "prob": 100 }, { "item": "BL9_agent_journal5", "prob": 100 }, { "item": "BL9_agent_journal6", "prob": 100 }, { "item": "BL9_agent_journal7", "prob": 100 }, { "item": "BL9_agent_journal8", "prob": 100 }, { "item": "BL9_agent_journal9", "prob": 100 } ]
  },
  {
    "id": "BL9_whereabouts_journal",
    "type": "item_group",
	"subtype": "collection",
	"entries": [ { "item": "BL9_castlemap", "prob": 100 }, { "item": "BL9_agent_journal1", "prob": 40 }, { "item": "BL9_agent_journal2", "prob": 40 }, { "item": "BL9_agent_journal3", "prob": 40 }, { "item": "BL9_agent_journal4", "prob": 40 }, { "item": "BL9_agent_journal5", "prob": 40 }, { "item": "BL9_agent_journal6", "prob": 40 }, { "item": "BL9_agent_journal7", "prob": 40 }, { "item": "BL9_agent_journal8", "prob": 40 }, { "item": "BL9_agent_journal9", "prob": 40 } ]
  },
  {
    "id": "BL9_lore_journal_patrol",
    "type": "item_group",
	"subtype": "collection",
    "entries": [ { "item": "BL9_guide_note2", "prob": 75 }, { "item": "BL9_guide_note3", "prob": 75 }, { "item": "BL9_guide_note4", "prob": 75 }, { "item": "BL9_guide_note5", "prob": 75 }, { "item": "BL9_agent_journal1", "prob": 25 }, { "item": "BL9_agent_journal2", "prob": 25 }, { "item": "BL9_agent_journal3", "prob": 25 }, { "item": "BL9_agent_journal4", "prob": 25 }, { "item": "BL9_agent_journal5", "prob": 25 }, { "item": "BL9_agent_journal6", "prob": 25 }, { "item": "BL9_agent_journal7", "prob": 25 }, { "item": "BL9_agent_journal8", "prob": 25 }, { "item": "BL9_agent_journal9", "prob": 25 } ]
  },
  {
    "type": "item_group",
    "id": "flt_loot_misc",
    "items": [
      { "group": "ammo_pocket_batteries_full", "prob": 20 },
      [ "flashlight", 20 ],
      [ "heavy_flashlight", 20 ],
      [ "crowbar", 20 ],
      [ "shovel", 20 ],
      [ "e_tool", 20 ],
      [ "cell_phone", 20 ],
      [ "radio", 20 ],
      [ "two_way_radio", 20 ],
      [ "handflare", 20 ],
      [ "signal_flare", 20 ],
      [ "flaregun", 20 ],
      [ "holster", 20 ],
      [ "sholster", 20 ],
      [ "shot_slug", 20 ],
      [ "shot_bird", 20 ],
      [ "44fmj", 20 ],
	  { "group": "BL9_whereabouts_journal", "prob": 45 }
    ]
  },
  {
    "id": "basement_survival_last_stand",
    "type": "item_group",
    "subtype": "collection",
    "items": [
      { "group": "clothing_outdoor_set", "prob": 100, "damage": [ 1, 4 ] },
	  { "group": "BL9_whereabouts_journal", "prob": 35 },
      { "distribution": [ { "item": "m240", "damage": [ 2, 4 ] }, { "item": "m60", "damage": [ 2, 4 ] } ] },
      { "item": "corpse", "prob": 50, "damage": 4 }
    ]
  },
  {
    "type": "item_group",
    "id": "subway",
    "items": [
      [ "wrapper", 50 ],
      [ "string_6", 2 ],
      [ "chain", 20 ],
      [ "rock", 40 ],
      [ "ceramic_shard", 30 ],
      [ "pipe", 20 ],
      { "group": "newspaper", "prob": 20 },
      [ "file", 30 ],
      [ "mag_porn", 20 ],
      [ "bottle_plastic", 10 ],
      [ "bottle_plastic_small", 5 ],
      [ "bottle_glass", 10 ],
      [ "can_drink", 10 ],
      [ "can_food", 10 ],
      [ "lighter", 60 ],
      [ "ref_lighter", 1 ],
      [ "matches", 60 ],
      [ "flashlight", 40 ],
      [ "laptop", 20 ],
      [ "atomic_light", 1 ],
      [ "eink_tablet_pc", 1 ],
      [ "mobile_memory_card", 5 ],
      [ "cell_phone", 10 ],
      [ "smart_phone", 30 ],
      [ "rag", 1 ],
      [ "claw_bar", 3 ],
      [ "crowbar", 18 ],
      [ "halligan", 1 ],
      [ "fire_ax", 2 ],
      [ "spray_can", 50 ],
      [ "jar_glass_sealed", 10 ],
      [ "jar_3l_glass_sealed", 8 ],
      [ "flyer", 10 ],
      [ "gasoline_lantern", 10 ],
      [ "electric_lantern", 8 ],
      [ "oil_lamp", 5 ],
      [ "lamp_oil", 1 ],
      [ "child_book", 4 ],
      [ "hairpin", 3 ],
      [ "fc_hairpin", 1 ],
      [ "barrette", 2 ],
      [ "tieclip", 1 ],
      [ "collarpin", 1 ],
      [ "umbrella", 1 ],
      [ "teleumbrella", 1 ],
      [ "pocketwatch", 1 ],
      [ "survnote", 1 ],
      [ "tinder", 1 ],
      [ "hobo_stove", 1 ],
      [ "l-stick", 1 ],
      [ "eclipse_glasses", 1 ],
	  { "group": "BL9_whereabouts_journal", "prob": 3 }
    ]
  },
  {
    "id": "mansion_bookcase",
    "type": "item_group",
    "subtype": "collection",
    "groups": [
      [ "novels", 40 ],
      [ "mansion_books", 50 ],
      [ "homebooks", 30 ],
      [ "manuals", 10 ],
      [ "textbooks", 5 ],
      [ "exotic_books", 5 ],
	  [ "BL9_whereabouts_journal", 15 ]
    ]
  },
  {
    "id": "table_livingroom",
    "type": "item_group",
    "ammo": 75,
    "magazine": 100,
    "subtype": "distribution",
    "items": [
      { "group": "beer_selection", "prob": 30 },
      { "group": "glass_of_wine", "prob": 30 },
      { "group": "book_mag_gen", "prob": 120 },
      { "group": "tobacco_products", "prob": 50 },
      [ "novel_pulp", 30 ],
      [ "gum", 30 ],
      [ "glass", 20 ],
      [ "bandana", 10 ],
      [ "mp3", 10 ],
      [ "portable_game", 5 ],
      [ "cell_phone", 1 ],
      [ "smart_phone", 5 ],
      [ "phonebook", 5 ],
      [ "hairpin", 5 ],
      { "group": "tinware", "prob": 5 },
      { "group": "newspaper", "prob": 15 },
      [ "news_regional", 2 ],
      [ "magnifying_glass", 1 ],
	  { "group": "BL9_whereabouts_journal", "prob": 10 }
    ]
  },
  {
    "type": "item_group",
    "id": "camping",
    "ammo": 75,
    "magazine": 100,
    "items": [
      [ "daypack", 20 ],
      [ "rope_30", 35 ],
      [ "hatchet", 10 ],
      [ "misc_repairkit", 5 ],
      [ "mess_kit", 10 ],
      [ "pot", 20 ],
      [ "inflatable_boat", 25 ],
      [ "hand_pump", 5 ],
      [ "pot_copper", 5 ],
      [ "teapot", 5 ],
      [ "pan", 20 ],
      [ "waffleiron", 25 ],
      [ "binoculars", 20 ],
      [ "firecracker_pack", 5 ],
      [ "hotplate", 10 ],
      [ "popcan_stove", 10 ],
      [ "coffeemaker", 5 ],
      { "group": "tinware", "prob": 10 },
      [ "kukri", 4 ],
      [ "sandbox_kit", 5 ],
      [ "knife_hunting", 18 ],
      [ "knife_rambo", 20 ],
      [ "machete", 5 ],
      [ "machete_gimmick", 5 ],
      [ "vest", 15 ],
      [ "backpack", 38 ],
      [ "backpack_leather", 18 ],
      [ "backpack_hiking", 12 ],
      [ "bigback", 3 ],
      [ "travelpack", 6 ],
      [ "cowboy_hat", 4 ],
      [ "10gal_hat", 4 ],
      [ "bb", 8 ],
      [ "bolt_steel", 7 ],
      [ "bolt_cf", 5 ],
      [ "bbgun", 10 ],
      [ "crossbow", 2 ],
      [ "compcrossbow", 2 ],
      [ "mag_survival", 40 ],
      [ "textbook_survival", 20 ],
      [ "modern_tanner", 8 ],
      [ "recipe_bows", 8 ],
      [ "recipe_arrows", 8 ],
      [ "mag_rifle", 30 ],
      [ "mag_shotgun", 20 ],
      [ "mag_traps", 20 ],
      [ "manual_cutting", 12 ],
      [ "manual_knives", 8 ],
      [ "manual_swords", 8 ],
      [ "manual_gun", 8 ],
      [ "manual_shotgun", 6 ],
      [ "manual_pistol", 4 ],
      [ "manual_smg", 2 ],
      [ "manual_survival", 20 ],
      [ "manual_first_aid", 40 ],
      [ "manual_traps", 12 ],
      [ "trappers_companion", 2 ],
      [ "textbook_traps", 8 ],
      [ "lighter", 60 ],
      [ "ref_lighter", 10 ],
      [ "matches", 60 ],
      [ "sewing_kit", 47 ],
      [ "tailors_kit", 3 ],
      [ "thread", 40 ],
      [ "hammer", 35 ],
      [ "flashlight", 40 ],
      [ "heavy_flashlight", 20 ],
      [ "water_purifier", 5 ],
      [ "radio", 20 ],
      [ "beartrap", 5 ],
      [ "UPS_off", 5 ],
      [ "adv_UPS_off", 3 ],
      [ "string_36", 40 ],
      [ "longbow", 5 ],
      [ "compbow", 1 ],
      [ "bow_sight", 10 ],
      [ "bow_stabilizer", 10 ],
      [ "arrowrest", 10 ],
      [ "shortbow", 5 ],
      [ "recurbow", 2 ],
      [ "reflexbow", 2 ],
      [ "vambrace_larmor", 1 ],
      [ "quiver", 3 ],
      [ "hand_crossbow", 1 ],
      [ "arrow_wood", 7 ],
      [ "arrow_cf", 5 ],
      [ "wire", 50 ],
      [ "rollmat", 40 ],
      [ "tent_kit", 17 ],
      [ "large_tent_kit", 17 ],
      [ "canteen", 15 ],
      [ "2lcanteen", 10 ],
      [ "camelbak", 5 ],
      [ "ax", 8 ],
      [ "heatpack", 60 ],
      [ "glowstick", 60 ],
      [ "handflare", 40 ],
      [ "emer_blanket", 20 ],
      [ "cloak", 5 ],
      [ "sleeping_bag", 10 ],
      [ "flotation_vest", 7 ],
      [ "wetsuit", 10 ],
      [ "wetsuit_spring", 10 ],
      [ "wetsuit_gloves", 20 ],
      [ "wetsuit_booties", 20 ],
      [ "wetsuit_hood", 10 ],
      [ "scuba_tank", 20 ],
      [ "small_scuba_tank", 10 ],
      [ "dive_bag", 10 ],
      [ "rebreather", 3 ],
      [ "rebreather_filter", 2 ],
      [ "fishing_rod_professional", 8 ],
      [ "fishing_waders", 12 ],
      [ "plastichoboreel", 10 ],
      [ "gasoline_lantern", 5 ],
      [ "electric_lantern", 8 ],
      [ "oil_lamp", 5 ],
      [ "lamp_oil", 5 ],
      [ "folding_bicycle", 1 ],
      [ "coat_rain", 10 ],
      [ "hood_rain", 5 ],
      [ "jacket_windbreaker", 5 ],
      [ "umbrella", 12 ],
      [ "teleumbrella", 5 ],
      [ "pocketwatch", 5 ],
      [ "boots_hiking", 20 ],
      [ "runner_bag", 15 ],
      [ "pur_tablets", 10 ],
      [ "e_tool", 10 ],
      [ "knife_trench", 7 ],
      [ "flaregun", 20 ],
      [ "signal_flare", 25 ],
      [ "airhorn", 20 ],
      [ "whistle", 20 ],
      [ "charcoal", 20 ],
      [ "leathersandals", 10 ],
      [ "bullwhip", 1 ],
      [ "grapnel", 1 ],
      [ "razor_blade", 9 ],
      [ "sheath", 5 ],
      [ "bootsheath", 3 ],
      [ "survnote", 1 ],
      [ "thermometer", 3 ],
      [ "hygrometer", 3 ],
      [ "barometer", 3 ],
      [ "straw_basket", 1 ],
      [ "straw_hat", 5 ],
      [ "l-stick", 1 ],
      [ "tourist_table", 30 ],
      [ "trailmap", 5 ],
      [ "chem_hexamine", 5 ],
      [ "flint_steel", 10 ],
      [ "bottle_metal", 5 ],
      [ "tarp", 10 ],
      [ "tinderbox", 5 ],
      [ "cloak_wool", 5 ],
      [ "canteen_wood", 5 ],
      [ "whistle_multitool", 5 ],
      [ "esbit_stove", 10 ],
      [ "bottle_folding", 10 ],
      [ "mess_tin", 10 ],
      [ "survival_kit", 30 ],
      [ "premium_survival_kit", 3 ],
	  { "group": "BL9_whereabouts_journal", "prob": 10 }
    ]
  },
  {
    "type": "item_group",
    "id": "rare",
    "//": "Items that should have very low frequencies and or few locations.",
    "magazine": 100,
    "subtype": "distribution",
    "entries": [
      { "item": "12mm", "prob": 20 },
      { "item": "adrenaline_injector", "prob": 20 },
      { "item": "ampoule", "prob": 100 },
      { "item": "antifungal", "prob": 10 },
      { "item": "antiparasitic", "prob": 20 },
      { "item": "armor_chitin", "prob": 10 },
      { "item": "bio_blade", "prob": 10 },
      { "item": "bio_speed", "prob": 10 },
      { "item": "bot_c4_hack", "prob": 30 },
      { "item": "c4", "prob": 50 },
      { "item": "canister_goo", "prob": 80 },
      { "item": "cleansuit", "prob": 100 },
      { "item": "dump_pouch", "prob": 100 },
      { "item": "electrohack", "prob": 30 },
      { "item": "fetus", "prob": 10 },
      { "item": "hazmat_suit", "prob": 50 },
      { "item": "plasma_gun", "prob": 10 },
      { "item": "hk_g80", "prob": 20 },
      { "item": "hk_g80mag", "prob": 35 },
      { "item": "emp_gun", "prob": 20 },
      { "item": "id_military", "prob": 30 },
      { "item": "id_industrial", "prob": 30 },
      { "item": "id_science", "prob": 20 },
      { "item": "knife_rm42", "prob": 20 },
      { "item": "l-stick", "prob": 10 },
      { "item": "large_repairkit", "prob": 20 },
      { "item": "standard_template_construct", "prob": 15 },
      { "item": "laser_rifle", "prob": 10 },
      { "item": "m240", "prob": 10 },
      { "item": "m249", "prob": 10 },
      { "item": "m60", "prob": 10 },
      { "item": "mask_bal", "prob": 100 },
      { "item": "militarymap", "prob": 20 },
      { "item": "mutagen", "prob": 80 },
      { "item": "optical_cloak", "prob": 20 },
      { "item": "holo_cloak", "prob": 20 },
      { "item": "pickaxe", "prob": 10 },
      { "item": "plasma", "prob": 80 },
      { "item": "plasma_rifle", "prob": 10 },
      { "item": "plut_cell", "prob": 100 },
      { "item": "portal", "prob": 20 },
      { "item": "power_armor_basic", "prob": 50 },
      { "item": "power_armor_frame", "prob": 40 },
      { "item": "power_armor_heavy", "prob": 30 },
      { "item": "power_armor_helmet_basic", "prob": 60 },
      { "item": "power_armor_helmet_heavy", "prob": 30 },
      { "item": "power_armor_helmet_light", "prob": 30 },
      { "item": "power_armor_light", "prob": 30 },
      { "item": "processor", "prob": 150 },
      { "item": "purifier", "prob": 120 },
      { "item": "pur_tablets", "prob": 200 },
      { "item": "recipe_medicalmut", "prob": 100 },
      { "item": "remotevehcontrol", "prob": 80 },
      { "item": "rm11b_sniper_rifle", "prob": 10 },
      { "item": "rm13_armor", "prob": 20 },
      { "item": "rm51_assault_rifle", "prob": 10 },
      { "item": "royal_jelly", "prob": 80 },
      { "item": "RPG", "prob": 10 },
      { "item": "RPG-7_ammo", "prob": 10 },
      { "item": "RPG-7_og7v", "prob": 25 },
      { "item": "RPG-7_tbg7v", "prob": 8 },
      { "item": "RPG-7_pg7vr", "prob": 8 },
      { "item": "atgm_heat", "prob": 1 },
      { "item": "rx11_stimpack", "prob": 50 },
      { "item": "rx12_injector", "prob": 50 },
      { "item": "stimpack_ammo", "prob": 100 },
      { "item": "survivormap", "prob": 50 },
      { "item": "survnote", "prob": 10 },
      { "item": "tool_rdx_charge", "prob": 10 },
      { "item": "v29", "prob": 10 },
	  { "group": "BL9_whereabouts_journal", "prob": 30 }
    ]
  },
  {
    "type": "item_group",
    "id": "oa_ig_sb_rare",
    "items": [
      { "item": "gasoline", "prob": 5, "charges-min": 450, "charges-max": 2000, "container-item": "jug_plastic" },
      { "item": "gasoline", "prob": 5, "charges-min": 450, "charges-max": 4000, "container-item": "jerrycan" },
      { "item": "gasoline", "prob": 5, "charges-min": 450, "charges-max": 10000, "container-item": "jerrycan_big" },
      [ "gasoline_lantern", 15 ],
      [ "electric_lantern", 15 ],
      [ "oil_lamp", 15 ],
      [ "lamp_oil", 15 ],
      [ "recurbow", 20 ],
      [ "binoculars", 20 ],
      [ "ref_lighter", 30 ],
      [ "e_tool", 30 ],
      [ "jackhammer", 5 ],
      [ "elec_jackhammer", 5 ],
	  { "group": "BL9_whereabouts_journal", "prob": 15 }
    ]
  },
  {
    "type": "item_group",
    "id": "sc_loot_rare",
    "items": [
      [ "recurbow", 20 ],
      [ "quiver", 20 ],
      [ "book_archery", 20 ],
      [ "canteen", 20 ],
      [ "knife_hunting", 30 ],
      [ "binoculars", 20 ],
      [ "ref_lighter", 30 ],
      [ "backpack", 30 ],
      [ "backpack_leather", 30 ],
      [ "e_tool", 30 ],
	  { "group": "BL9_whereabouts_journal", "prob": 30 }
    ]
  },
  {
    "id": "exotic_books",
    "type": "item_group",
    "//": "These are books that are hard to find or esoteric, mostly.",
    "subtype": "distribution",
    "entries": [
      { "item": "textbook_weapwest", "prob": 15 },
      { "item": "textbook_weapeast", "prob": 15 },
      { "item": "textbook_armwest", "prob": 15 },
      { "item": "textbook_armeast", "prob": 15 },
      { "item": "textbook_armschina", "prob": 15 },
      { "item": "textbook_gaswarfare", "prob": 15 },
      { "item": "glassblowing_book", "prob": 12 },
      { "item": "cookbook_human", "prob": 10 },
      { "item": "collector_book", "prob": 10 },
      { "item": "brewing_cookbook", "prob": 24 },
      { "item": "cookbook_indian", "prob": 10 },
      { "item": "textbook_robots", "prob": 15 },
      { "item": "manual_dodge", "prob": 15 },
      { "item": "novel_experimental", "prob": 24 },
      { "item": "novel_swash", "prob": 30 },
      { "item": "plays_book", "prob": 30 },
      { "item": "poetry_book", "prob": 30 },
      { "item": "carpentry_book", "prob": 24 },
      { "item": "scots_cookbook", "prob": 30 },
      { "item": "textbook_biodiesel", "prob": 18 },
      { "item": "jewelry_book", "prob": 15 },
      { "item": "manual_tai_chi", "prob": 5 },
      { "item": "manual_fencing", "prob": 4 },
      { "item": "manual_aikido", "prob": 3 },
      { "item": "manual_eskrima", "prob": 3 },
      { "item": "manual_krav_maga", "prob": 3 },
      { "item": "manual_ninjutsu", "prob": 2 },
      { "item": "manual_silat", "prob": 3 },
      { "item": "manual_taekwondo", "prob": 3 },
      { "item": "manual_judo", "prob": 3 },
      { "item": "manual_karate", "prob": 3 },
      { "item": "manual_muay_thai", "prob": 3 },
      { "item": "manual_niten", "prob": 1 },
      { "item": "manual_sojutsu", "prob": 1 },
      { "item": "manual_capoeira", "prob": 1 },
      { "item": "manual_wingchun", "prob": 3 },
      { "item": "manual_medievalpole", "prob": 3 },
      { "item": "manual_swordsmanship", "prob": 3 },
      { "item": "book_lockpick", "prob": 1 },
      { "group": "rare_martial_arts_books", "prob": 6 },
      { "item": "scots_tailor", "prob": 30 },
	  { "group": "BL9_whereabouts_journal", "prob": 5 }
    ]
  }
]
