[
  {
    "id": "BL9_agent_journal1",
    "category": "books",
    "type": "GENERIC",
    "symbol": "&",
    "looks_like": "newest_newspaper",
    "color": "blue",
    "name": { "str": "Printed Agent's Journal - Part 1 - Who I am" },
    "description": "You're probably wondering who I am - I am an agent working on one of the remnants of many secret organizations that existed pre-Cataclysm.I was born in one of it's main hidden facilities, my father was a retired military officer who was hired as a mercenary and worked long for this organization, they had predicted the Cataclysm long before it occurred.\n \n    Obviously, such organizations had and many still have many hidden facilities, vaults, many different structures, an unbelievable amount of resources to feed and supply multiple generations' of survivors and it's agents' offspring.\n \n    For many years I've been  training diligently to become not just a survivor and a scavenger - but an agent who can search and scavenge for rare resources as well along with the basic ones if not for flourishment but at the very least continued existence and survival of our organization and my people...",
    "material": "paper",
    "weight": "1 g",
    "volume": "1 ml",
    "to_hit": -1
  },
  {
    "id": "BL9_agent_journal2",
    "category": "books",
    "type": "GENERIC",
    "symbol": "&",
    "looks_like": "newest_newspaper",
    "color": "blue",
    "name": { "str": "Printed Agent's Journal - Part 2 - Secret Societies" },
    "description": "It will not be a surprise to you if I tell you that the remnants of our organization are not the only ones out there, there is a countless amount of them...huge factions, agencies, societies - members and agents of which were from all kinds of countries possessing all types of valuable assets and resources - including not only material ones but bright minds - professional scientists, engineers, doctors - everyone who could massively contribute and did not require to work openly in big groups with many ordinary people from the mundane society and government sectors.\n \n    The problem is, the Cataclysm created chaos for everyone but at the same time opportunities to be seized for someone who is daring, supplied and strong enough in terms of equipment and resources, we try to fight back, do our best to find out how to slow down at least the growth and spread of The Blob and maybe a way to seal the Nether portals, but some people only crave the power, no matter how matter how primitive and naive this might sound...",
    "material": "paper",
    "weight": "1 g",
    "volume": "1 ml",
    "to_hit": -1
  },
  {
    "id": "BL9_agent_journal3",
    "category": "books",
    "type": "GENERIC",
    "symbol": "&",
    "looks_like": "newest_newspaper",
    "color": "blue",
    "name": { "str": "Printed Agent's Journal - Part 3 - Thirst for Power" },
    "description": "How these organizations establish power?That is a different question - brute force and acts of marauding, threats and semi-propaganda along with promises of survival and resources needed for basic human survival, some of which end up true, and some of which act treacherously killing the survivors considering them merely a chaff, a tainted imperfection that must be eradicated for the new generation of genetically clean, a new elite of some sorts.\n \n    But some of these organizations due to the sheer astounding amount of resources including scientific, medical and engineering have a horribly distorted view of our world - that The Blob, the Nether creatures and whatever else dwells in some God-forsaken places can grant great opportunities to whoever makes a research on them to acquire their powers or somehow learn to control these beings for establishing their rule in different regions of our world - a true daredevil's and a madman's idea...",
    "material": "paper",
    "weight": "1 g",
    "volume": "1 ml",
    "to_hit": -1
  },
  {
    "id": "BL9_agent_journal4",
    "category": "books",
    "type": "GENERIC",
    "symbol": "&",
    "looks_like": "newest_newspaper",
    "color": "blue",
    "name": { "str": "Printed Agent's Journal - Part 4 - Organization and Unknown Threat" },
    "description": "One of these types of organizations exists and it possesses tremendous military strength and many bright minds' and scientists with the help of which they've been attempting to research the samples of The Blob, technologies of Nether creatures - both have proved and still prove to be unsuccessful for them, but they are persistent - they did not give up and continued to search for more samples or technologies so that maybe, just maybe they could somehow `decipher` them.\n \n    You know, I've heard many stories and rumors from survivors and about all kinds of things out there, many of which are absurd or borderline incoherent: \n \n    Strange cults that possess some sorts of magical powers who are capable of summoning beings possessed by evil spirits made of bones and plant matter, lizardmen, golems, `living` forests that are made of some strange blood or flesh-like matter that devour any unlucky wanderer that manages to get lost there, elite alien faction that conducted vile experiments on abducted humanoids that turned them into complete and mindless mutants that have fused with some alien crystals even, apparently it's infantry along with alien-robot tripods are somewhere out there spreading chaos in our world with their mutants army, even cyberdemons from hell that are armed with hi-tech weaponry who came here to conquer our realm, can you believe in all of this nonsense?\n \n    Though, I'm afraid to admit that there IS one newly appeared peculiar, very bizarre but most importantly dangerous organism proof of existence of which we already have, THIS is why I'm in urgent need of your help, whoever you are, use the map that you've acquired - locate The Castle Entrance, I promise, upon reaching it, I will get in contact with you and give you more relevant explanations if you reach The Castle alive...",
    "material": "paper",
    "weight": "1 g",
    "volume": "1 ml",
    "to_hit": -1
  },
  {
    "id": "BL9_agent_journal5",
    "category": "books",
    "type": "GENERIC",
    "symbol": "&",
    "looks_like": "newest_newspaper",
    "color": "blue",
    "name": { "str": "Printed Agent's Journal - Part 5 - Castle and The Cult" },
    "description": "This Castle - an enormous magnificent work of art of medievals' engineers, many generations of castlelans were living here pretty much in total isolation from the outer world, they mostly exploited their own rural lands and villages for constant supply of food and water, barely communicating with the modern civilization.\n \n    I've heard many rumors about them - that they are dealing with occult beliefs, have created their own religion, do sacrifices even, believing in the `returning` of some kind of a chaotic deity that would destroy our entire world's human population, it's civilization entirely to restore the balance, build a new world, a new civilization with the aid of that deity.\n \n    Not a long while after the Cataclysm, thanks to our portable radars and scout drones we have noticed some very strong signal interferences that not only jammed everything but burned to the crisp both our radars and drones, the magnitude and the radius of the EMP damage was incredibly big, unlike any interference we've ever seen.\n \n    Eventually we've found out that the cause of this was a shimmering portal appearing for a certain amount of time in the mines under that Castle, which spawned a new type of blob it seems that by this time has already fully infused with the inhabitants of The Castle, one of our spies pretending to be a goods trader managed to lure out some of the guards outside, as soon as she approached them, they attacked her in a very aggressive manner trying to eat her flesh murmuring some strange gibberish...",
    "material": "paper",
    "weight": "1 g",
    "volume": "1 ml",
    "to_hit": -1
  },
  {
    "id": "BL9_agent_journal6",
    "category": "books",
    "type": "GENERIC",
    "symbol": "&",
    "looks_like": "newest_newspaper",
    "color": "blue",
    "name": { "str": "Printed Agent's Journal - Part 6 - The BL9" },
    "description": "She managed to finish them off, taking strange samples from their bodies so that our researchers could properly analyze these and figure out whether it was the already typical for many of us blob infusal or something else.\n \n    The sample turned out to be a strange blob-like organism, but it was unlike blob...the resemblance to blob is only due to the way it is capable of shaping itself and rapidly mutating, but this one is like a parasitic living organism, it is capable of evolving into strange fleshy amalgamations, tentacles, worm and spider-like bodies emerging from different sides of the carrier, heavily mutilating the body of the carrier in some cases and lightly in other.\n \n    Wondering how we've managed to figure this out?We had to destroy that sample even because it was somehow alive and tried to attack our scientists, so all of this knowledge does not stem from that at all...",
    "material": "paper",
    "weight": "1 g",
    "volume": "1 ml",
    "to_hit": -1
  },
  {
    "id": "BL9_agent_journal7",
    "category": "books",
    "type": "GENERIC",
    "symbol": "&",
    "looks_like": "newest_newspaper",
    "color": "blue",
    "name": { "str": "Printed Agent's Journal - Part 7 - BL9's modifications " },
    "description": "The organization that has been making attempts in gaining control over the Blob and the Nether technologies has gotten into contact with the The Castlelan to our great surprise, The Castlelan gave away some of the samples to them due to all the trouble that it brought to him turning his servants and guards into zombie-like creatures, obviously in exchange for organization's protection, constant supply of resources and one more horrible thing...\n \n    The samples were quickly delivered to this their base of operation, in mere weeks they have managed to understand the deadly and powerful potential of that organism that they have managed to acquire, the fundamental knowledge that they've gained is that the ones who were infected with the ordinary samples turned into mindless aggressive felsh-eating beings, but considering the resemblance with The Blob, there IS a possibility of controlling these beings and turning them into minions.\n \n    Altering the DNA and forcing mutations of the samples that they've received they finally managed to create a special type of this organism that they've named BL9 that is capable of controlling the beings who were infused with the ordinary types, still retaining their intelligence, now their terrible dream came true - they have created a pretty much fully controllable biological weapon...",
    "material": "paper",
    "weight": "1 g",
    "volume": "1 ml",
    "to_hit": -1
  },
  {
    "id": "BL9_agent_journal8",
    "category": "books",
    "type": "GENERIC",
    "symbol": "&",
    "looks_like": "newest_newspaper",
    "color": "blue",
    "name": { "str": "Printed Agent's Journal - Part 8 - Monster Mutants" },
    "description": "They have created few of these special `commander` samples, possibly infusing their generals or key players, definitely The Castlelan himself as well because he has shown immense interest in these due to his occult beliefs, there are some more details to this.\n \n    The details is that we are not exactly sure what else they have done with these samples, they might have created more different, heavily mutated types, to create stronger minions, something that will be used in cases when a more destructive, more powerful force is needed, I'm unaware whether they have 'kindly' provided The Castlelan with some of these, and how many of them are here or what they are currently working on in their main facilities, but they DO exist, so you have to be on watch, these are very strong and deadly creatures with their unique `traits`",
    "material": "paper",
    "weight": "1 g",
    "volume": "1 ml",
    "to_hit": -1
  },
  {
    "id": "BL9_agent_journal9",
    "category": "books",
    "type": "GENERIC",
    "symbol": "&",
    "looks_like": "newest_newspaper",
    "color": "blue",
    "name": { "str": "Printed Agent's Journal - Part 9 - Our Plan" },
    "description": "Now that you are very well-informed, I believe that you will agree that we must do our best to destroy this organism and stop this organization at all costs or else the Cataclysm that we're all witnessing right now will turn into a fight with madman's fully controlled army of genetically modified horrifying mutants, some of which retain their human intelligence.\n \n    My people state that they allow presence of more than 1 person if needed, take your friends or comrades, lover - if you have any of these - feel free to use their help if you are in need, but remember that this is a very dangerous endeavor and neither your or their survival is guaranteed, you have to be at least partially well-armed and have a good supply of food and medicine.\n \n    It is not too late to turn back, survivor, make your choice now...",
    "material": "paper",
    "weight": "1 g",
    "volume": "1 ml",
    "to_hit": -1
  },
  {
    "id": "BL9_agent_note1",
    "category": "books",
    "type": "GENERIC",
    "symbol": "^",
    "looks_like": "survnote",
    "color": "red",
    "name": { "str": "Agent's Notes - Part 1 - Strange Merchant" },
    "description": "First of all, to help you with your endeavors, there is a strange trading merchant or a collector of some sorts here around The Castle, the zealots are not hostile towards him for some reason, he claims to be selling `BL9-infused weapons and armor` in exchange for the gold coins from the zealots, I am not sure, but the quality of these seemed good to me upon first glance, but my job here is being a spy and not really going all-guns blazing unless I'm spotted...",
    "material": "paper",
    "weight": "1 g",
    "volume": "1 ml",
    "to_hit": -1
  },
  {
    "id": "BL9_guide_note1",
    "category": "books",
    "type": "GENERIC",
    "symbol": "^",
    "looks_like": "survnote",
    "color": "yellow",
    "name": { "str": "BL9 Guide - Part 1 - Teleporter" },
    "description": "Good to see you still intact, adventurer - activate the teleporter right HERE so that you'll be able to come back here instantly once you reach the end of the Castle (if you survive, hehe) with a special teleporter item",
    "material": "paper",
    "weight": "1 g",
    "volume": "1 ml",
    "to_hit": -1
  },
  {
    "id": "BL9_guide_note2",
    "category": "books",
    "type": "GENERIC",
    "symbol": "^",
    "looks_like": "survnote",
    "color": "red",
    "name": { "str": "BL9 Guide - Part 2 - Merchant" },
    "description": "The Merchant is the key NPC of this mod - he sells weapons of 2 tiers to you for GOLD and PLATINUM coins respectively, TALK to the Merchant to acquire your first basic handgun along with the special soldering iron to repair BL9 items - the coins - you collect them from enemies as well as by finding randomly scattered treasures throughout the mod",
    "material": "paper",
    "weight": "1 g",
    "volume": "1 ml",
    "to_hit": -1
  },
  {
    "id": "BL9_agent_note2",
    "category": "books",
    "type": "GENERIC",
    "symbol": "^",
    "looks_like": "survnote",
    "color": "red",
    "name": { "str": "Agent's Notes - Part 2 - Through the Guard Rooms" },
    "description": "In order to infiltrate The Castle you must go through multiple outside constructions and the Guard Rooms which are filled with armed zealots, which should not surprise you that much because they have kinda realized that there is some kind of a breach caused by us...",
    "material": "paper",
    "weight": "1 g",
    "volume": "1 ml",
    "to_hit": -1
  },
  {
    "id": "BL9_guide_note3",
    "category": "books",
    "type": "GENERIC",
    "symbol": "^",
    "looks_like": "survnote",
    "color": "red",
    "name": { "str": "BL9 Guide - Part 3 - Crafting Ammo and Melee Weapons" },
    "description": "Crafting is an important part of BL9 - you are able to craft many unique ammo types and very handy melee weapons (and even a secret tier of ranged and melee weapons, but that's a long way for you to go) - the recipes for each you will acquire AUTOMATICALLY upon reaching a certain level in fabrication and mechanics (starting from level 5 of fabrication and mechanics) - each weapon requires generic and rare materials which you'll come across as you play the mod",
    "material": "paper",
    "weight": "1 g",
    "volume": "1 ml",
    "to_hit": -1
  },
  {
    "id": "BL9_agent_note3",
    "category": "books",
    "type": "GENERIC",
    "looks_like": "survnote",
    "symbol": "^",
    "color": "red",
    "name": { "str": "Agent's Notes - Part 3 - Into the Grand Hall" },
    "description": "Now you're approaching the Grand Hall, in order to get to the Throne Room, first we must get into the Grand Hall which leads to the way to the Throne Room, but the door leading to it is tightly locked and the key is hidden somewhere...I'm yet to figure out WHERE, but I know that you have to go through and explore the only accessible room here the door to which is without locks",
    "material": "paper",
    "weight": "1 g",
    "volume": "1 ml",
    "to_hit": -1
  },
  {
    "id": "BL9_guide_note4",
    "category": "books",
    "type": "GENERIC",
    "symbol": "^",
    "looks_like": "survnote",
    "color": "red",
    "name": { "str": "BL9 Guide - Part 4 - Ranged Weapons Ammo" },
    "description": "The ranged weapons in this mod are made to use multiple vanilla ammo types (handguns - 9mm, .45, etc, shotguns - shots, 20x66mm, etc - you get the idea) along with the special BL9 ammo (BL9 shot/BL9 shot MK ii, BL9 308/BL9 308 MK ii, etc) that is craftable ONLY using the generic BL9 materials, these generic mats drop from BL9 enemies and can be crafted with the blob glob samples",
    "material": "paper",
    "weight": "1 g",
    "volume": "1 ml",
    "to_hit": -1
  },
  {
    "id": "BL9_guide_note5",
    "category": "books",
    "type": "GENERIC",
    "symbol": "^",
    "looks_like": "survnote",
    "color": "red",
    "name": { "str": "BL9 Guide - Part 5 - Healing Herbs" },
    "description": "In order to balance the strong and heavy damage dealing nature of the monsters, I've created 3 tiers of herbs that will heal you instantly upon use and relieve a significant amount of pain without giving you the painkiller debuff - from mild to the strongest healing herb - BEWARE THOUGH - USE THEM SPARINGLY IN COMBAT - they give you a STACKING DEBUFF for a few minutes to keep everything balanced...",
    "material": "paper",
    "weight": "1 g",
    "volume": "1 ml",
    "to_hit": -1
  },
  {
    "id": "BL9_castlelan_note1",
    "category": "books",
    "type": "GENERIC",
    "looks_like": "survnote",
    "symbol": "^",
    "color": "red",
    "name": { "str": "Castlelan's Notes - Part 1 - I Welcome Thee, Little Moth" },
    "description": "Welcome to this magnificent, sophisticated structure, little moth, it is great that you have arrived here, we are still in the middle of our rituals, but so far it seems that The Great and Fierce Nevulion heard us and bestowed upon us His great `blessing`, but you, you will not receive it, my men will cleanse this place of your filth, you will NOT be able to defile it!",
    "material": "paper",
    "weight": "1 g",
    "volume": "1 ml",
    "to_hit": -1
  },
  {
    "id": "BL9_agent_note4",
    "category": "books",
    "type": "GENERIC",
    "looks_like": "survnote",
    "symbol": "^",
    "color": "red",
    "name": { "str": "Agent's Notes - Part 4 - Blind Clawer" },
    "description": "The key to the next room is hidden in a prison cell room where a strange creature named Blind Clawer seems to be locked up there, be aware - it's a ferocious tall blind BL9 augmented creature that is armed with mechanical razor-sharp claws, it's quite strong but you WILL be able to defeat it, I am sure!",
    "material": "paper",
    "weight": "1 g",
    "volume": "1 ml",
    "to_hit": -1
  },
  {
    "id": "BL9_agent_note5",
    "category": "books",
    "type": "GENERIC",
    "looks_like": "survnote",
    "symbol": "^",
    "color": "red",
    "name": { "str": "Agent's Notes - Part 5 - Underground Prison Cells" },
    "description": "It's good that you've managed to get through the ceremonial rooms, you see now yourself that these zealots is a force to be reckoned with, in order to go further, you need to acquire a key from the Underground Prison Cells, but down there I've heard some strange buzzing sounds and sewer waters splashing, be careful!",
    "material": "paper",
    "weight": "1 g",
    "volume": "1 ml",
    "to_hit": -1
  },
  {
    "id": "BL9_castlelan_note2",
    "category": "books",
    "type": "GENERIC",
    "looks_like": "survnote",
    "symbol": "^",
    "color": "red",
    "name": { "str": "Castlelan's Notes - Part 2 - A Bunch of Flies" },
    "description": "So, you've interrupted our great ceremony and starting to massacre my people, how rude and antagonistic of you, littel moth, you seem to lack manners, I guess my humble and welcoming servants do not really fit your criteria, a company of stinky flies for you, little moth - that is what you are definitely going to appreciate!",
    "material": "paper",
    "weight": "1 g",
    "volume": "1 ml",
    "to_hit": -1
  },
  {
    "id": "BL9_agent_note6",
    "category": "books",
    "type": "GENERIC",
    "looks_like": "survnote",
    "symbol": "^",
    "color": "red",
    "name": { "str": "Agent's Notes - Part 6 - Through the Garden Labyrinth" },
    "description": "I hope you're going strong, in order to go further you have to explore the tricky branching Garden Labyrinth, somewhere there you'll find a key that leads to the next room, note that there are 2 keys - you'll need both of them - one you'll find for the construction in the garden that contains the key for advancing further...",
    "material": "paper",
    "weight": "1 g",
    "volume": "1 ml",
    "to_hit": -1
  },
  {
    "id": "BL9_castlelan_note3",
    "category": "books",
    "type": "GENERIC",
    "looks_like": "survnote",
    "symbol": "^",
    "color": "red",
    "name": { "str": "Castlelan's Notes - Part 3 - My Precious Garden" },
    "description": "You've gotten far, I have to admit this, but it all ends here, you won't escape alive from my mind-boggling garden full of surprises, besides, the annoying squashable bugs is not the only thing you are going to see here in my Castle...",
    "material": "paper",
    "weight": "1 g",
    "volume": "1 ml",
    "to_hit": -1
  },
  {
    "id": "BL9_agent_note7",
    "category": "books",
    "type": "GENERIC",
    "looks_like": "survnote",
    "symbol": "^",
    "color": "red",
    "name": { "str": "Agent's Notes - Part 7 - Infernal Room" },
    "description": "Alright, you're about to descend into the Infernal Room, the key to the way to the Throne Room that can be accessed via the Grand Hall lies there, be careful there!",
    "material": "paper",
    "weight": "1 g",
    "volume": "1 ml",
    "to_hit": -1
  },
  {
    "id": "BL9_castlelan_note4",
    "category": "books",
    "type": "GENERIC",
    "looks_like": "survnote",
    "symbol": "^",
    "color": "red",
    "name": { "str": "Castlelan's Notes - Part 4 - A Friendly Reminder" },
    "description": "This is MY domain, this is MY realm, you seem to be forgetting this and causing lots of mischief like an ungrateful bastard you are, my little moth, your wings are still intact after the Infernal Room, huh?We'll see about that soon enough...",
    "material": "paper",
    "weight": "1 g",
    "volume": "1 ml",
    "to_hit": -1
  },
  {
    "id": "BL9_agent_note8",
    "category": "books",
    "type": "GENERIC",
    "looks_like": "survnote",
    "symbol": "^",
    "color": "red",
    "name": { "str": "Agent's Notes - Part 8 - The Bridge" },
    "description": "I have some bad news - the location of the Castlelan is unknown to us, but we are 100% sure he escaped via the underground passage in the throne room, you MUST chase him down, you'll find the key to the bridge gates on the OTHER side of the bridge in a series of rooms...be careful!",
    "material": "paper",
    "weight": "1 g",
    "volume": "1 ml",
    "to_hit": -1
  },
  {
    "id": "BL9_agent_note9",
    "category": "books",
    "type": "GENERIC",
    "looks_like": "survnote",
    "symbol": "^",
    "color": "red",
    "name": { "str": "Agent's Notes - Part 9 - Infested Dungeon" },
    "description": "So far I've managed to receive enough intel to determine what else our crazy castlelan has got up his sleeve - below you there is an old dungeon that seems to be infested with these Crawlers and God knows what else, upon reaching the end of it you'll descend into the Castle's sewer system...",
    "material": "paper",
    "weight": "1 g",
    "volume": "1 ml",
    "to_hit": -1
  },
  {
    "id": "BL9_castlelan_note5",
    "category": "books",
    "type": "GENERIC",
    "looks_like": "survnote",
    "symbol": "^",
    "color": "red",
    "name": { "str": "Castlelan's Notes - Part 5 - My Defiled Dungeon" },
    "description": "Oh, while you're at it I would greatly appreciate it, little moth, if you clean the old dungeon below off my miserable insects' filth, they've got a bit out of control...my Right Hand will reward you GREATLY for this...",
    "material": "paper",
    "weight": "1 g",
    "volume": "1 ml",
    "to_hit": -1
  },
  {
    "id": "BL9_agent_note10",
    "category": "books",
    "type": "GENERIC",
    "looks_like": "survnote",
    "symbol": "^",
    "color": "red",
    "name": { "str": "Agent's Notes - Part 10 - The Assassin" },
    "description": "You are in the sewers - great, but BEWARE, Castlelan is not joking about his Right Hand, it's not a mere crazed cultist, it is a tall lizard-skinned incredibly agile and deadly creature that is capable of hiding in the shadows, one of `THEIR` bioweapons it seems, it guards the path to the mines below, use your wits and skills to DESTROY it!",
    "material": "paper",
    "weight": "1 g",
    "volume": "1 ml",
    "to_hit": -1
  },
  {
    "id": "BL9_castlelan_note6",
    "category": "books",
    "type": "GENERIC",
    "looks_like": "survnote",
    "symbol": "^",
    "color": "red",
    "name": { "str": "Castlelan's Notes - Part 6 - My Right Hand" },
    "description": "My servants, oh my loyal servants, you can't even conceive of how much they love and adore me for bringing Nevulion's blessings to them!They even love YOU now, little moth, so much that my Right Hand wants to personally assess your strength and skills...",
    "material": "paper",
    "weight": "1 g",
    "volume": "1 ml",
    "to_hit": -1
  },
  {
    "id": "BL9_agent_note11",
    "category": "books",
    "type": "GENERIC",
    "looks_like": "survnote",
    "symbol": "^",
    "color": "red",
    "name": { "str": "Agent's Notes - Part 11 - The Furnace" },
    "description": "The next room leads to The Furnace, as far as I'm aware, there are 2 giant cages inside...I guess another horrible bioweapon of `THEM`, do your BEST to kill whatever you find there!",
    "material": "paper",
    "weight": "1 g",
    "volume": "1 ml",
    "to_hit": -1
  },
  {
    "id": "BL9_castlelan_note7",
    "category": "books",
    "type": "GENERIC",
    "looks_like": "survnote",
    "symbol": "^",
    "color": "red",
    "name": { "str": "Castlelan's Notes - Part 7 - My Precious Furnace" },
    "description": "I'm starting to wonder what it takes for you to end just like any little moth - burning and turning into dust entirely upon flying to the nearest torch...the next room is my personal Furnace where I smelt ores found in the mines AND the ruins, lest someone should steal my ores I've got two good barbaric bouncers...they WILL treat you accordingly, little moth...",
    "material": "paper",
    "weight": "1 g",
    "volume": "1 ml",
    "to_hit": -1
  },
  {
    "id": "BL9_agent_note12",
    "category": "books",
    "type": "GENERIC",
    "looks_like": "survnote",
    "symbol": "^",
    "color": "red",
    "name": { "str": "Agent's Notes - Part 12 - The Sand Ruins" },
    "description": "Upstairs a series of undeground sand ruins awaits you, we believe that it is one of the places from which cultists search for ores and precious gems, they are all aware of your presence...",
    "material": "paper",
    "weight": "1 g",
    "volume": "1 ml",
    "to_hit": -1
  },
  {
    "id": "BL9_castlelan_note8",
    "category": "books",
    "type": "GENERIC",
    "looks_like": "survnote",
    "symbol": "^",
    "color": "red",
    "name": { "str": "Castlelan's Notes - Part 8 - You Are THAT Stubborn?" },
    "description": "ENOUGH, STOP IT!How about you just STOP and GIVE UP YOURSELF until you are brutally maimed at the hands of my servants?I've warned you before, little moth, but now I am being SERIOUS, you won't get out of this dungeon alive, entire horde of my heavily armed servants awaits you there, trust me - they WILL fight as fiercely, as ferociously as they can to pluck and devour your teeny weeny wings, little moth!",
    "material": "paper",
    "weight": "1 g",
    "volume": "1 ml",
    "to_hit": -1
  },
  {
    "id": "BL9_agent_note13",
    "category": "books",
    "type": "GENERIC",
    "looks_like": "survnote",
    "symbol": "^",
    "color": "red",
    "name": { "str": "Agent's Notes - Part 13 - The Castlelan" },
    "description": "You're getting there, in order to reach The Castlelan and put the final exclamation mark to everything that had led to this point you will have to cross the bridge leading to the final tower of The Castle, stop the madman at all costs!",
    "material": "paper",
    "weight": "1 g",
    "volume": "1 ml",
    "to_hit": -1
  },
  {
    "id": "BL9_castlelan_note9",
    "category": "books",
    "type": "GENERIC",
    "looks_like": "survnote",
    "symbol": "^",
    "color": "red",
    "name": { "str": "Castlelan's Notes - Part 9 - Nevulion is ONE With ME!" },
    "description": "I have ascended into HIS realm, I could feel his might and power - not just his blessing but a magical empowerment, a truly blissful feeling!I quenched my thirst for power, little moth, but now I am HUNGRY!Hungry for blood, your blood especially - I expect you in the tower to send you to Nevulion's realm so he can TORMENT your vile soul endlessly!",
    "material": "paper",
    "weight": "1 g",
    "volume": "1 ml",
    "to_hit": -1
  },
  {
    "id": "BL9_agent_note14",
    "category": "books",
    "type": "GENERIC",
    "looks_like": "survnote",
    "symbol": "^",
    "color": "red",
    "name": { "str": "Agent's Notes - Part 14 - The Island" },
    "description": "Hmm, so THIS is the location of their main base of operations?A distant island in the middle of nowhere...you have done TREMENDOUS work here, venture into The Island when you are prepared for an even more dangerous encounter...I will be waiting...",
    "material": "paper",
    "weight": "1 g",
    "volume": "1 ml",
    "to_hit": -1
  },
  {
    "id": "BL9_agent_journal10",
    "category": "books",
    "type": "GENERIC",
    "symbol": "&",
    "looks_like": "newest_newspaper",
    "color": "blue",
    "name": { "str": "Printed Agent's Journal - Part 10 - 'THEM'" },
    "description": "So now I believe that you can guess `THEIR` plan - to create an army of perfectly obedient bio-soldiers to eradicate anyone that stands on their way and conquer these lands and try to take on the other regions, maybe even The Whole World \n \n     They MUST be stopped!They are posing a threat to our and other remaining altruistic organizations that do their best to help survivors, slow down the blob, establish SOME form of civilization, a parody of it at least, and spread our influence without spilling blood or turning everyone into vile organism controlled puppets...",
    "material": "paper",
    "weight": "1 g",
    "volume": "1 ml",
    "to_hit": -1
  },
  {
    "id": "BL9_agent_note15",
    "category": "books",
    "type": "GENERIC",
    "looks_like": "survnote",
    "symbol": "^",
    "color": "red",
    "name": { "str": "Agent's Notes - Part 15 - The Way Through The Island" },
    "description": "You have reached the destination, I am glad to see you alive!Infiltrating the Island you will come across camps, some small military structures - but that's just the tip of the iceberg - the only way to get inside of The Island's bunker and more elaborate structures is via water caves",
    "material": "paper",
    "weight": "1 g",
    "volume": "1 ml",
    "to_hit": -1
  },
  {
    "id": "BL9_master_note1",
    "category": "books",
    "type": "GENERIC",
    "looks_like": "survnote",
    "symbol": "^",
    "color": "red",
    "name": { "str": "Master's Notes - Part 1 - So You Are HERE Now..." },
    "description": "You have managed to enter `OUR` base of operations - the militarized Island guarded by very well-trained biologically enhanced soldiers armed to teeth, plenty of which are heavily mutated having inhumane strength and agility, that Castle - that was a mere cult controlled by an archaic madman - I would have got rid of them myself upon starting our conquest, but you've done me a good favor, the first time - the last time, survivor...",
    "material": "paper",
    "weight": "1 g",
    "volume": "1 ml",
    "to_hit": -1
  },
  {
    "id": "BL9_agent_note16",
    "category": "books",
    "type": "GENERIC",
    "looks_like": "survnote",
    "symbol": "^",
    "color": "red",
    "name": { "str": "Agent's Notes - Part 16 - The Water Caves" },
    "description": "In order to get to the core of The Island, you must pass through the water caves, as far as I know, it contains a mixture of `THEIR` soldiers and some bioweapons, be careful there!",
    "material": "paper",
    "weight": "1 g",
    "volume": "1 ml",
    "to_hit": -1
  },
  {
    "id": "BL9_master_note2",
    "category": "books",
    "type": "GENERIC",
    "looks_like": "survnote",
    "symbol": "^",
    "color": "red",
    "name": { "str": "Master's Notes - Part 2 - Think Twice" },
    "description": "The BL9 - the sophisticated organism - WE have managed to exploit it, find it's main strengths and expand them, eradicate it's weaknesses, make an army of BL9 infused soldiers, you are taking on MY work, what I dedicated myself to entirely, if you think you can come anywhere close to ending MY organization, you are making the biggest mistake in your life!",
    "material": "paper",
    "weight": "1 g",
    "volume": "1 ml",
    "to_hit": -1
  },
  {
    "id": "BL9_agent_note17",
    "category": "books",
    "type": "GENERIC",
    "looks_like": "survnote",
    "symbol": "^",
    "color": "red",
    "name": { "str": "Agent's Notes - Part 17 - The Labs" },
    "description": "The next rooms are hidden laboratories where `THEY` conduct their vile and inhumane experiments...I've seen the bioweapons that are kept there and I've been horrified - these are the most dangerous scums you've seen yet - incredibly tall flesh eating constantly regenerating abominations, it will take many clips to gun these scums down, be careful!",
    "material": "paper",
    "weight": "1 g",
    "volume": "1 ml",
    "to_hit": -1
  },
  {
    "id": "BL9_master_note3",
    "category": "books",
    "type": "GENERIC",
    "looks_like": "survnote",
    "symbol": "^",
    "color": "red",
    "name": { "str": "Master's Notes - Part 3 - Scientific Experiments" },
    "description": "Experimenting on BL9 proved to be a daunting yet very lucrative task, we've learned a lot about it's origin, how it lives outside of a host and most importantly - how exactly humans, animals and plants infuse with it, how it `communicates`, compared it to the Blob and Mycus even and my, my...these are mere toys that are only capable of 7% of what BL9 can do and what it WILL do...",
    "material": "paper",
    "weight": "1 g",
    "volume": "1 ml",
    "to_hit": -1
  },
  {
    "id": "BL9_agent_note18",
    "category": "books",
    "type": "GENERIC",
    "looks_like": "survnote",
    "symbol": "^",
    "color": "red",
    "name": { "str": "Agent's Notes - Part 18 - The Waste Disposal" },
    "description": "In order to get to the other side of The Island, unfortunately, the only way is to go via the Waste Disposal rooms below - the doors to it are locked though, you'll have to find the ID card somewhere around here to open it, advance further, I am sure it is somewhere around here...",
    "material": "paper",
    "weight": "1 g",
    "volume": "1 ml",
    "to_hit": -1
  },
  {
    "id": "BL9_master_note4",
    "category": "books",
    "type": "GENERIC",
    "looks_like": "survnote",
    "symbol": "^",
    "color": "red",
    "name": { "str": "Master's Notes - Part 4 - Still not Fascinated?" },
    "description": "You have witnessed our work of art - incredibly fast regenerating humanoids - with enough time, we can make truly immortal humans, extend humans' limits, you cannot even conceive of what power you may achieve!Think of this - how about you stop while you still can, turn your back on this wanna-be-heroic bunch of fools and become a part of my personal army - so we can establish The New Order together, huh?",
    "material": "paper",
    "weight": "1 g",
    "volume": "1 ml",
    "to_hit": -1
  },
  {
    "id": "BL9_agent_note19",
    "category": "books",
    "type": "GENERIC",
    "looks_like": "survnote",
    "symbol": "^",
    "color": "red",
    "name": { "str": "Agent's Notes - Part 19 - The Basement Passage" },
    "description": "You made it through!Good, now in order to reach the surface of The Island once again you will have to pass through a long basement passage, be aware though - it is heavily guarded as far as I know...",
    "material": "paper",
    "weight": "1 g",
    "volume": "1 ml",
    "to_hit": -1
  },
  {
    "id": "BL9_agent_note20",
    "category": "books",
    "type": "GENERIC",
    "looks_like": "survnote",
    "symbol": "^",
    "color": "red",
    "name": { "str": "Agent's Notes - Part 20 - The Military Base" },
    "description": "There is a huge structure after the military camps up ahead - a sleek hi-tech military base - the reactors of which are powered by a strange underground lava source below it, now we're dealing with more soldiers than ever...",
    "material": "paper",
    "weight": "1 g",
    "volume": "1 ml",
    "to_hit": -1
  },
  {
    "id": "BL9_master_note5",
    "category": "books",
    "type": "GENERIC",
    "looks_like": "survnote",
    "symbol": "^",
    "color": "red",
    "name": { "str": "Master's Notes - Part 5 - Don't Tread on ME" },
    "description": "You have been given a choice - you chose poorly, foolishly - and now there will be severe consequences for this, you will not escape alive from the military base - what awaits you BENEATH it is BEYOND your imagination!",
    "material": "paper",
    "weight": "1 g",
    "volume": "1 ml",
    "to_hit": -1
  },
  {
    "id": "BL9_agent_note21",
    "category": "books",
    "type": "GENERIC",
    "looks_like": "survnote",
    "symbol": "^",
    "color": "red",
    "name": { "str": "Agent's Notes - Part 21 - The Secret Exit" },
    "description": "I've figured it out!The lava caves below which power up the reactor of the military base play the role of a secret exit out of the military base!Before descending into the unknown though, you must DESTROY the military base ENTIRELY - find the keycards that open the room with the central reactor control laptops and destroy the central laptop then get the heck out of there through the lava caves AS FAST AS POSSIBLE!",
    "material": "paper",
    "weight": "1 g",
    "volume": "1 ml",
    "to_hit": -1
  },
  {
    "id": "BL9_master_note6",
    "category": "books",
    "type": "GENERIC",
    "looks_like": "survnote",
    "symbol": "^",
    "color": "red",
    "name": { "str": "Master's Notes - Part 6 - `IT`" },
    "description": "I must say I am impressed by your skills and wits and what has been saving you from your imminent end, the suspended cargo containers - ah the scent of metal, weapons for my loyal soldiers and `IT` - ah, truly fascinating still!`IT` should keep you busy...`IT` WILL keep you busy!",
    "material": "paper",
    "weight": "1 g",
    "volume": "1 ml",
    "to_hit": -1
  },
  {
    "id": "BL9_agent_note22",
    "category": "books",
    "type": "GENERIC",
    "looks_like": "survnote",
    "symbol": "^",
    "color": "red",
    "name": { "str": "Agent's Notes - Part 22 - The Grotesque Amalgamation" },
    "description": "So you've already heard of `IT`, `IT` - that's a grotesque amalgamation of different creatures including a human spliced up together forming a very dangerous and a deadly mutant, I believe that `IT` will be waiting for you somewhere along your way, be aware of this and use this knowledge to not be caught off guard!",
    "material": "paper",
    "weight": "1 g",
    "volume": "1 ml",
    "to_hit": -1
  },
  {
    "id": "BL9_agent_note23",
    "category": "books",
    "type": "GENERIC",
    "looks_like": "survnote",
    "symbol": "^",
    "color": "red",
    "name": { "str": "Agent's Notes - Part 23 - The Acidic Caves" },
    "description": "Oh my...how could I be so ignorant, I completely forgot that 'IT' and other nasty heavily mutated creatures had their own special domain deep down below The Island - a very caustic and a hostile to any normal living being environment, where the 'Master' and his scientists placed creatures which required 'special' conditions, be careful there!",
    "material": "paper",
    "weight": "1 g",
    "volume": "1 ml",
    "to_hit": -1
  },
  {
    "id": "BL9_master_note7",
    "category": "books",
    "type": "GENERIC",
    "looks_like": "survnote",
    "symbol": "^",
    "color": "red",
    "name": { "str": "Master's Notes - Part 7 - The Majestic Plant" },
    "description": "Ah, so you've come across the Caustic Plant Caves?BL9 experiments as you can see led to creations of such grotesque but nevertheless beautiful creatures like `IT`, but infusing humans and animals only with this peculiar organism is a true shame for someone who has been experimenting with plants as well - THIS is how Caustic Plant Caves were created - a truly dangerous environment where plant-like BL9 beings live on their own using the best of their 'hive mind' to breed and evolve...",
    "material": "paper",
    "weight": "1 g",
    "volume": "1 ml",
    "to_hit": -1
  },
  {
    "id": "BL9_master_note8",
    "category": "books",
    "type": "GENERIC",
    "looks_like": "survnote",
    "symbol": "^",
    "color": "red",
    "name": { "str": "Master's Notes - Part 8 - The General" },
    "description": "I guess that I really did underestimate you - why would I even think that my grotesque experimental amalgamations will be enough to finally stop you?You need someone like you - my main general will take care of you with great pleasure...",
    "material": "paper",
    "weight": "1 g",
    "volume": "1 ml",
    "to_hit": -1
  },
  {
    "id": "BL9_agent_note24",
    "category": "books",
    "type": "GENERIC",
    "looks_like": "survnote",
    "symbol": "^",
    "color": "red",
    "name": { "str": "Agent's Notes - Part 24 - The Ruins and The General" },
    "description": "Once you clear the remanining camps, you'll come across The Island's ancient surface ruins, apparently `Master's` soldiers under the control of his General established a little camp there fully expecting you, The General is a truly formidable foe and a force to be reckoned with, don't let them ambush you!",
    "material": "paper",
    "weight": "1 g",
    "volume": "1 ml",
    "to_hit": -1
  },
  {
    "id": "BL9_general_note1",
    "category": "books",
    "type": "GENERIC",
    "looks_like": "survnote",
    "symbol": "^",
    "color": "red",
    "name": { "str": "General's Notes - Part 1 - What's THIS Show for?" },
    "description": "Your foolishness and stubbornness has no end, there's no stopping it!Now even I am involved into this!You do know that you're prolonging the Cataclysm with your actions?The BL9 is the only way to stop this and end BOTH the Blob and Mycus, restore the civilization but ONLY with the worthy society - everyone else that falls short of our expectations shall be eradicated!",
    "material": "paper",
    "weight": "1 g",
    "volume": "1 ml",
    "to_hit": -1
  },
  {
    "id": "BL9_general_note2",
    "category": "books",
    "type": "GENERIC",
    "looks_like": "survnote",
    "symbol": "^",
    "color": "red",
    "name": { "str": "General's Notes - Part 2 - Our Plans" },
    "description": "Once I deal with you, we will continue conducting experiments to make the process of infusing as controllable as possible - any living creature that you can possibly think of - the synthesis of BL9 with human will allow us to form ANY bioweapon!\n \n After that, we will start conquering local regions one by one - eradicating all the filth such as the Blob and Mycus and infusing every survivor that we find with BL9 - the ones that will decline our generous offer shall be annihiliated!",
    "material": "paper",
    "weight": "1 g",
    "volume": "1 ml",
    "to_hit": -1
  },
  {
    "id": "BL9_general_note3",
    "category": "books",
    "type": "GENERIC",
    "looks_like": "survnote",
    "symbol": "^",
    "color": "red",
    "name": { "str": "General's Notes - Part 3 - The Power" },
    "description": "This organism, it gives one a truly great might and power, I am stronger now than I ever was, and my old human limits?I don't see them anymore, I am TRULY capable of ANYTHING!You will regret what you're missing out on, fool!",
    "material": "paper",
    "weight": "1 g",
    "volume": "1 ml",
    "to_hit": -1
  },
  {
    "id": "BL9_agent_note25",
    "category": "books",
    "type": "GENERIC",
    "looks_like": "survnote",
    "symbol": "^",
    "color": "red",
    "name": { "str": "Agent's Notes - Part 25 - The Military Fortress" },
    "description": "You are almost there, `Master` will not be able to escape anymore!Before the final encounter though you'll have to go through the remaining military fortress on the Island, it is VERY heavily guarded, and as you may have already guessed, you are an expected unwelcome guest here, as usually...",
    "material": "paper",
    "weight": "1 g",
    "volume": "1 ml",
    "to_hit": -1
  },
  {
    "id": "BL9_master_note9",
    "category": "books",
    "type": "GENERIC",
    "looks_like": "survnote",
    "symbol": "^",
    "color": "red",
    "name": { "str": "Master's Notes - Part 9 - The Fortress" },
    "description": "You are truly surprising me now, you have eliminated even my most loyal general - not much of a loss anyway, I'll have a dozens more if needed, the final Island's fortress is standing tall - it will slow you down allowing me to fully infuse with BL9",
    "material": "paper",
    "weight": "1 g",
    "volume": "1 ml",
    "to_hit": -1
  },
  {
    "id": "BL9_master_note10",
    "category": "books",
    "type": "GENERIC",
    "looks_like": "survnote",
    "symbol": "^",
    "color": "red",
    "name": { "str": "Master's Notes - Part 10 - No Escape NOW!" },
    "description": "The process of infusion has been completed successfully, now I possess the power that I devoted myself ENTIRELY to, to make it as close to extraterrestrial as possible, now that I can feel it - I realize how much I underestimated it!You will feel it too - you will be forcefully infused with it, either with or without your destruction, NO ESCAPE NOW!",
    "material": "paper",
    "weight": "1 g",
    "volume": "1 ml",
    "to_hit": -1
  },
  {
    "id": "BL9_agent_note26",
    "category": "books",
    "type": "GENERIC",
    "looks_like": "survnote",
    "symbol": "^",
    "color": "red",
    "name": { "str": "Agent's Notes - Part 25 - The Master" },
    "description": "Above you `Master` awaits, he has already infused himself with the strongest experimental BL9 sample, possibly horribly mutating and turning into a barely human-looking creature, be the victor in this battle for the SAKE of humanity - 'Master' must NOT get away",
    "material": "paper",
    "weight": "1 g",
    "volume": "1 ml",
    "to_hit": -1
  },
  {
    "id": "BL9_agent_note27",
    "category": "books",
    "type": "GENERIC",
    "looks_like": "survnote",
    "symbol": "^",
    "color": "red",
    "name": { "str": "Agent's Notes - Part 26 - Thank You" },
    "description": "YOU DID IT!I cannot believe that you DID IT!The horrible Castle and The Island are no more, but there are still established structures with the remaining soldiers of `Master` which are left to destroy and explore for the weapons and precious resources, I personally thank you for everything you've done, maybe someday you will meet me and my people personally...thank you for everything...",
    "material": "paper",
    "weight": "1 g",
    "volume": "1 ml",
    "to_hit": -1
  },
  {
    "id": "BL9_guide_note6",
    "category": "books",
    "type": "GENERIC",
    "symbol": "^",
    "looks_like": "survnote",
    "color": "red",
    "name": { "str": "BL9 Guide - Part 6 - End-Game Recipes for Weapons" },
    "description": "Now that you have cleared the mod - you are granted access to crafting tier 3 ranged weapons and evolved melee weapons via the BL9 Commander Sample - you will find more of it in randomly scattered BL9 biomes and structures for which you have a special map",
    "material": "paper",
    "weight": "1 g",
    "volume": "1 ml",
    "to_hit": -1
  }
]
