[
  {
    "type": "martial_art",
    "id": "style_brawling",
    "name": { "str": "Brawling" },
    "copy-from": "style_brawling",
    "extend": {
      "weapons": [
        "BL9_tendril_sword",
        "BL9_worm_whip",
        "BL9_repto_spear",
        "BL9_spiky_sword",
        "BL9_tail_whip",
        "BL9_spiked_worm_polearm",
        "BL9_repto_evo_spear",
        "BL9_pincer_sword",
        "BL9_tail_whip_enhanced",
        "BL9_repto_evo_spear_enhanced",
        "BL9_pincer_sword_enhanced"
      ]
    }
  },
  {
    "type": "martial_art",
    "id": "style_swordsmanship",
    "name": { "str": "Medieval Swordsmanship" },
    "copy-from": "style_swordsmanship",
    "extend": { "weapons": [ "BL9_tendril_sword", "BL9_spiky_sword", "BL9_pincer_sword", "BL9_pincer_sword_enhanced" ] }
  },
  {
    "type": "martial_art",
    "id": "style_silat",
    "name": { "str": "Silat" },
    "copy-from": "style_silat",
    "extend": {
      "weapons": [
        "BL9_worm_whip",
        "BL9_tail_whip",
        "BL9_tentacle_spike_flail",
        "BL9_tail_whip_enhanced",
        "BL9_tentacle_spike_flail_enhanced"
      ]
    }
  },
  {
    "type": "martial_art",
    "id": "style_krav_maga",
    "name": { "str": "Krav Maga" },
    "copy-from": "style_krav_maga",
    "extend": {
      "weapons": [
        "BL9_claws_melee",
        "BL9_tentacle_axe",
        "BL9_bladed_tentacle_claws",
        "BL9_claws_evo",
        "BL9_spiked_sledgehammer",
        "BL9_tentacle_axe_enhanced",
        "BL9_claws_evo_enhanced"
      ]
    }
  },
  {
    "type": "martial_art",
    "id": "style_niten",
    "name": { "str": "Niten Ichi-Ryu" },
    "copy-from": "style_niten",
    "extend": {
      "weapons": [
        "BL9_repto_spear",
        "BL9_tentacle_axe",
        "BL9_repto_evo_spear",
        "BL9_spiked_sledgehammer",
        "BL9_tentacle_axe_enhanced",
        "BL9_repto_evo_spear_enhanced"
      ]
    }
  },
  {
    "type": "martial_art",
    "id": "style_medievalpole",
    "name": { "str": "Fior Di Battaglia" },
    "copy-from": "style_medievalpole",
    "extend": {
      "weapons": [
        "BL9_repto_spear",
        "BL9_tail_whip",
        "BL9_spiked_worm_polearm",
        "BL9_repto_evo_spear",
        "BL9_tail_whip_enhanced",
        "BL9_repto_evo_spear_enhanced"
      ]
    }
  }
]
