[
  {
    "id": "BL9_tendril_sword",
    "looks_like": "machete",
    "type": "TOOL",
    "category": "weapons",
    "name": { "str": "BL9-tendril sword" },
    "description": "A handy sword made out of remains of BL9 tendril's blades",
    "weight": "1490 g",
    "volume": "1115 ml",
    "price": 40000,
    "price_postapoc": 6000,
    "to_hit": 1,
    "bashing": 8,
    "cutting": 27,
    "material": [ "BL9", "steel" ],
    "symbol": ";",
    "color": "light_gray",
    "techniques": [ "WBLOCK_1", "BRUTAL", "WIDE", "tec_brawl_feint_melee", "tec_swordsmanship_grab", "tec_swordsmanship_mordhau" ],
    "flags": [ "DURABLE_MELEE", "NONCONDUCTIVE", "SHEATH_SWORD" ]
  },
  {
    "id": "BL9_worm_whip",
    "looks_like": "bullwhip_razor",
    "type": "TOOL",
    "category": "weapons",
    "name": { "str": "BL9-worm whip" },
    "description": "A whip made out of a BL9 worm-like parasite that is capable of stretching and swinging itself",
    "weight": "945 g",
    "volume": "635 ml",
    "price": 40000,
    "price_postapoc": 6000,
    "to_hit": 1,
    "bashing": 24,
    "cutting": 14,
    "material": [ "BL9", "steel" ],
    "symbol": ";",
    "color": "light_gray",
    "techniques": [ "WBLOCK_1", "SWEEP", "BRUTAL", "tec_brawl_feint_melee", "tec_silat_hamstring", "tec_silat_precise" ],
    "flags": [ "DURABLE_MELEE", "REACH_ATTACK", "WHIP", "NONCONDUCTIVE" ]
  },
  {
    "id": "BL9_claws_melee",
    "looks_like": "bio_claws_weapon",
    "type": "TOOL",
    "category": "weapons",
    "name": { "str": "BL9-infused claws" },
    "description": "Sturdy razor-sharp claws made out of remains of the Blind Clawer's claws infused with BL9",
    "weight": "745 g",
    "volume": "400 ml",
    "price": 40000,
    "price_postapoc": 6000,
    "to_hit": 1,
    "bashing": 1,
    "cutting": 40,
    "material": [ "BL9", "steel" ],
    "symbol": ";",
    "color": "light_gray",
    "techniques": [ "WBLOCK_1", "RAPID", "tec_precise", "tec_krav_maga_rapid", "tec_krav_maga_counter" ],
    "flags": [ "DURABLE_MELEE", "NONCONDUCTIVE" ]
  },
  {
    "id": "BL9_repto_spear",
    "looks_like": "naginata",
    "type": "TOOL",
    "category": "weapons",
    "name": { "str": "BL9 Repto spear" },
    "description": "A very strong and a durable spear made out of remains of Repto's claws",
    "weight": "1965 g",
    "volume": "1475 ml",
    "price": 40000,
    "price_postapoc": 6000,
    "to_hit": 1,
    "bashing": 9,
    "cutting": 35,
    "material": [ "BL9", "steel" ],
    "symbol": ";",
    "color": "light_gray",
    "techniques": [
      "WBLOCK_2",
      "IMPALE",
      "tec_brawl_trip",
      "niten_water_cut",
      "niten_feint",
      "tec_medievalpole_feint",
      "tec_medievalpole_highround"
    ],
    "flags": [ "DURABLE_MELEE", "NONCONDUCTIVE", "SPEAR", "REACH_ATTACK", "STAB" ]
  },
  {
    "id": "BL9_spiky_sword",
    "looks_like": "jian",
    "type": "TOOL",
    "category": "weapons",
    "name": { "str": "BL9-spike sword" },
    "description": "A very sharp sword with multiple protrusions on it made out of BL9 spike samples",
    "weight": "2475 g",
    "volume": "1975 ml",
    "price": 40000,
    "price_postapoc": 6000,
    "to_hit": 1,
    "bashing": 8,
    "cutting": 39,
    "material": [ "BL9", "steel" ],
    "symbol": ";",
    "color": "light_gray",
    "techniques": [ "WBLOCK_2", "SWEEP", "BRUTAL", "tec_brawl_feint_melee", "tec_swordsmanship_grab", "tec_swordsmanship_zornhau" ],
    "flags": [ "DURABLE_MELEE", "NONCONDUCTIVE", "SHEATH_SWORD" ]
  },
  {
    "id": "BL9_tail_whip",
    "looks_like": "bullwhip_razor",
    "type": "TOOL",
    "category": "weapons",
    "name": { "str": "BL9 tail whip" },
    "description": "A razor sharp, very well piercing whip made out of BL9 Assassin's tail samples",
    "weight": "1015 g",
    "volume": "465 ml",
    "price": 40000,
    "price_postapoc": 6000,
    "to_hit": 1,
    "bashing": 17,
    "cutting": 33,
    "material": [ "BL9", "steel" ],
    "symbol": ";",
    "color": "light_gray",
    "techniques": [
      "WBLOCK_2",
      "SWEEP",
      "BRUTAL",
      "tec_brawl_feint_melee",
      "tec_silat_hamstring",
      "tec_silat_brutal",
      "tec_medievalpole_hook",
      "tec_medievalpole_highround"
    ],
    "flags": [ "DURABLE_MELEE", "REACH_ATTACK", "WHIP", "NONCONDUCTIVE", "STAB" ]
  },
  {
    "id": "BL9_tentacle_axe",
    "looks_like": "scythe_war",
    "type": "TOOL",
    "category": "weapons",
    "name": { "str": "BL9-tentacle axe" },
    "description": "A huge axe that somehow this strange tentacle sample manages to take the form of, forming both the long handle and a huge blade",
    "weight": "3775 g",
    "volume": "2440 ml",
    "price": 40000,
    "price_postapoc": 6000,
    "to_hit": 1,
    "bashing": 10,
    "cutting": 46,
    "material": [ "BL9", "steel" ],
    "symbol": ";",
    "color": "light_gray",
    "techniques": [
      "WBLOCK_2",
      "SWEEP",
      "BRUTAL",
      "niten_stone_cut",
      "niten_timing_attack",
      "tec_krav_maga_crit",
      "tec_krav_maga_counter"
    ],
    "flags": [ "DURABLE_MELEE", "NONCONDUCTIVE", "SHEATH_SWORD" ]
  },
  {
    "id": "BL9_bladed_tentacle_claws",
    "looks_like": "bio_claws_weapon",
    "type": "TOOL",
    "category": "weapons",
    "name": { "str": "BL9 bladed tentacle claws" },
    "description": "A pair of bladed claws which are used to deal significant amount of damage by applying very little force to the tentacles attached to them",
    "weight": "975 g",
    "volume": "715 ml",
    "price": 40000,
    "price_postapoc": 6000,
    "to_hit": 1,
    "bashing": 1,
    "cutting": 60,
    "material": [ "BL9", "steel" ],
    "symbol": ";",
    "color": "light_gray",
    "techniques": [ "WBLOCK_2", "RAPID", "tec_precise", "tec_krav_maga_rapid", "tec_krav_maga_counter" ],
    "flags": [ "DURABLE_MELEE", "NONCONDUCTIVE" ]
  },
  {
    "id": "BL9_spiked_worm_polearm",
    "looks_like": "glaive",
    "type": "TOOL",
    "category": "weapons",
    "name": { "str": "BL9-worm spiked polearm" },
    "description": "A polearm made of BL9 taking the form of a worm-like parasite with multiple protrusions all over it that is able to stretch and swing itself",
    "weight": "1900 g",
    "volume": "1780 ml",
    "price": 40000,
    "price_postapoc": 6000,
    "to_hit": 1,
    "bashing": 18,
    "cutting": 46,
    "material": [ "BL9", "steel" ],
    "symbol": ";",
    "color": "light_gray",
    "techniques": [ "WBLOCK_2", "SWEEP", "BRUTAL", "tec_brawl_feint_melee", "tec_medievalpole_highround", "tec_medievalpole_execute" ],
    "flags": [ "DURABLE_MELEE", "NONCONDUCTIVE", "SPEAR", "REACH_ATTACK", "STAB" ]
  },
  {
    "id": "BL9_tentacle_spike_flail",
    "looks_like": "2h_flail_steel",
    "type": "TOOL",
    "category": "weapons",
    "name": { "str": "BL9-tentacle spiked flail" },
    "description": "A flail with a tentacle as it's chain end of which is a spiky ball made of some strange and very hard tissue",
    "weight": "2100 g",
    "volume": "1645 ml",
    "price": 40000,
    "price_postapoc": 6000,
    "to_hit": 1,
    "bashing": 38,
    "cutting": 30,
    "material": [ "BL9", "steel" ],
    "symbol": ";",
    "color": "light_gray",
    "techniques": [ "WBLOCK_1", "SWEEP", "BRUTAL", "tec_silat_dirty", "tec_silat_brutal", "tec_silat_hamstring" ],
    "flags": [ "DURABLE_MELEE", "REACH_ATTACK", "WHIP", "NONCONDUCTIVE" ]
  },
  {
    "id": "BL9_repto_evo_spear",
    "looks_like": "ji",
    "type": "TOOL",
    "category": "weapons",
    "name": { "str": "BL9 evolved Repto spear" },
    "description": "An even more intimidating and sharper, highly piercing spear made out of evolved Repto's claws",
    "weight": "2300 g",
    "volume": "1700 ml",
    "price": 40000,
    "price_postapoc": 6000,
    "to_hit": 1,
    "bashing": 4,
    "cutting": 68,
    "material": [ "BL9", "steel" ],
    "symbol": ";",
    "color": "light_gray",
    "techniques": [
      "WBLOCK_2",
      "IMPALE",
      "tec_brawl_trip",
      "niten_water_cut",
      "niten_feint",
      "tec_medievalpole_highround",
      "tec_medievalpole_execute"
    ],
    "flags": [ "DURABLE_MELEE", "NONCONDUCTIVE", "SPEAR", "REACH_ATTACK", "STAB" ]
  },
  {
    "id": "BL9_pincer_sword",
    "looks_like": "zweihander",
    "type": "TOOL",
    "category": "weapons",
    "name": { "str": "BL9-pincer sword" },
    "description": "A giant sleek looking sword made out of remains of BL9-infused Chimera's pincers",
    "weight": "3390 g",
    "volume": "2900 ml",
    "price": 40000,
    "price_postapoc": 6000,
    "to_hit": 1,
    "bashing": 6,
    "cutting": 71,
    "material": [ "BL9", "steel" ],
    "symbol": ";",
    "color": "light_gray",
    "techniques": [
      "WBLOCK_2",
      "SWEEP",
      "BRUTAL",
      "tec_brawl_feint_melee",
      "tec_swordsmanship_grab",
      "tec_swordsmanship_mordhau",
      "tec_swordsmanship_zornhau"
    ],
    "flags": [ "DURABLE_MELEE", "NONCONDUCTIVE", "SHEATH_SWORD" ]
  },
  {
    "id": "BL9_claws_evo",
    "looks_like": "bio_claws_weapon",
    "type": "TOOL",
    "category": "weapons",
    "name": { "str": "BL9 evolved claws" },
    "description": "Modified, hardened and strengthened BL9-infused claws that have a greatly increased size, has a much more intimidating look and an absurdingly bizarre resemblance to Eastern fans",
    "weight": "1200 g",
    "volume": "790 ml",
    "price": 40000,
    "price_postapoc": 6000,
    "to_hit": 1,
    "bashing": 1,
    "cutting": 81,
    "material": [ "BL9", "steel" ],
    "symbol": ";",
    "color": "light_gray",
    "techniques": [ "WBLOCK_2", "RAPID", "tec_precise", "tec_krav_maga_rapid", "tec_krav_maga_crit", "tec_krav_maga_counter" ],
    "flags": [ "DURABLE_MELEE", "NONCONDUCTIVE" ]
  },
  {
    "id": "BL9_spiked_sledgehammer",
    "looks_like": "hammer_sledge_heavy",
    "type": "TOOL",
    "category": "weapons",
    "name": { "str": "BL9 spiked sledgehammer" },
    "description": "A giant sledgehammer with multiple spiky protrusions made from a leg of a horribly mutated carapaceon BL9-infused creature",
    "weight": "4500 g",
    "volume": "3500 ml",
    "price": 40000,
    "price_postapoc": 6000,
    "to_hit": 1,
    "bashing": 71,
    "cutting": 17,
    "material": [ "BL9", "steel" ],
    "symbol": ";",
    "color": "light_gray",
    "techniques": [
      "WBLOCK_2",
      "SWEEP",
      "BRUTAL",
      "niten_stone_cut",
      "niten_timing_attack",
      "tec_krav_maga_crit",
      "tec_krav_maga_counter"
    ],
    "flags": [ "DURABLE_MELEE", "NONCONDUCTIVE", "STAB" ]
  },
  {
    "id": "BL9_tail_whip_enhanced",
    "looks_like": "bullwhip_razor",
    "type": "TOOL",
    "category": "weapons",
    "name": { "str": "BL9 enhanced tail whip" },
    "description": "Greatly enhanced, even deadlier and more fear instilling razor sharp, very well piercing whip made out of BL9 Assassin's tail samples",
    "weight": "1015 g",
    "volume": "465 ml",
    "price": 40000,
    "price_postapoc": 6000,
    "to_hit": 1,
    "bashing": 21,
    "cutting": 84,
    "material": [ "BL9", "steel" ],
    "symbol": ";",
    "color": "light_gray",
    "techniques": [
      "WBLOCK_2",
      "SWEEP",
      "BRUTAL",
      "tec_brawl_feint_melee",
      "tec_silat_hamstring",
      "tec_silat_brutal",
      "tec_medievalpole_hook",
      "tec_medievalpole_highround"
    ],
    "flags": [ "DURABLE_MELEE", "REACH_ATTACK", "WHIP", "NONCONDUCTIVE", "STAB" ]
  },
  {
    "id": "BL9_tentacle_axe_enhanced",
    "looks_like": "scythe_war",
    "type": "TOOL",
    "category": "weapons",
    "name": { "str": "BL9-tentacle enhanced axe" },
    "description": "A greatly enhanced, even deadlier and more fear instilling huge axe that somehow this strange tentacle sample manages to take the form of, forming both the long handle and a huge blade",
    "weight": "3775 g",
    "volume": "2440 ml",
    "price": 40000,
    "price_postapoc": 6000,
    "to_hit": 1,
    "bashing": 10,
    "cutting": 95,
    "material": [ "BL9", "steel" ],
    "symbol": ";",
    "color": "light_gray",
    "techniques": [
      "WBLOCK_2",
      "SWEEP",
      "BRUTAL",
      "niten_stone_cut",
      "niten_timing_attack",
      "tec_krav_maga_crit",
      "tec_krav_maga_counter"
    ],
    "flags": [ "DURABLE_MELEE", "NONCONDUCTIVE", "SHEATH_SWORD" ]
  },
  {
    "id": "BL9_tentacle_spike_flail_enhanced",
    "looks_like": "2h_flail_steel",
    "type": "TOOL",
    "category": "weapons",
    "name": { "str": "BL9-tentacle enhanced spiked flail" },
    "description": "A greatly enhanced, even deadlier and more fear instilling flail with a tentacle as it's chain end of which is a spiky ball made of some strange and very hard tissue",
    "weight": "2100 g",
    "volume": "1645 ml",
    "price": 40000,
    "price_postapoc": 6000,
    "to_hit": 1,
    "bashing": 72,
    "cutting": 33,
    "material": [ "BL9", "steel" ],
    "symbol": ";",
    "color": "light_gray",
    "techniques": [ "WBLOCK_1", "SWEEP", "BRUTAL", "tec_silat_dirty", "tec_silat_brutal", "tec_silat_hamstring" ],
    "flags": [ "DURABLE_MELEE", "REACH_ATTACK", "WHIP", "NONCONDUCTIVE" ]
  },
  {
    "id": "BL9_repto_evo_spear_enhanced",
    "looks_like": "ji",
    "type": "TOOL",
    "category": "weapons",
    "name": { "str": "BL9 evolved Repto enhanced spear" },
    "description": "A greatly enhanced, even deadlier, more intimidating, sharper and more fear instilling highly piercing spear made out of evolved Repto's claws",
    "weight": "2300 g",
    "volume": "1700 ml",
    "price": 40000,
    "price_postapoc": 6000,
    "to_hit": 1,
    "bashing": 1,
    "cutting": 104,
    "material": [ "BL9", "steel" ],
    "symbol": ";",
    "color": "light_gray",
    "techniques": [
      "WBLOCK_2",
      "IMPALE",
      "tec_brawl_trip",
      "niten_water_cut",
      "niten_feint",
      "tec_medievalpole_highround",
      "tec_medievalpole_execute"
    ],
    "flags": [ "DURABLE_MELEE", "NONCONDUCTIVE", "SPEAR", "REACH_ATTACK", "STAB" ]
  },
  {
    "id": "BL9_pincer_sword_enhanced",
    "looks_like": "zweihander",
    "type": "TOOL",
    "category": "weapons",
    "name": { "str": "BL9-pincer enhanced sword" },
    "description": "A greatly enhanced, even deadlier and more fear instilling giant sleek looking sword made out of remains of BL9-infused Chimera's pincers",
    "weight": "3390 g",
    "volume": "2900 ml",
    "price": 40000,
    "price_postapoc": 6000,
    "to_hit": 1,
    "bashing": 6,
    "cutting": 99,
    "material": [ "BL9", "steel" ],
    "symbol": ";",
    "color": "light_gray",
    "techniques": [
      "WBLOCK_2",
      "SWEEP",
      "BRUTAL",
      "tec_brawl_feint_melee",
      "tec_swordsmanship_grab",
      "tec_swordsmanship_mordhau",
      "tec_swordsmanship_zornhau"
    ],
    "flags": [ "DURABLE_MELEE", "NONCONDUCTIVE", "SHEATH_SWORD" ]
  },
  {
    "id": "BL9_claws_evo_enhanced",
    "looks_like": "bio_claws_weapon",
    "type": "TOOL",
    "category": "weapons",
    "name": { "str": "BL9 enhanced evolved claws" },
    "description": "Greatly enhanced, even deadlier and more fear instilling modified, hardened and strengthened BL9-infused claws that have a greatly increased size, has a much more intimidating look and an absurdingly bizarre resemblance to Eastern fans",
    "weight": "1200 g",
    "volume": "790 ml",
    "price": 40000,
    "price_postapoc": 6000,
    "to_hit": 1,
    "bashing": 1,
    "cutting": 104,
    "material": [ "BL9", "steel" ],
    "symbol": ";",
    "color": "light_gray",
    "techniques": [ "WBLOCK_2", "RAPID", "tec_precise", "tec_krav_maga_rapid", "tec_krav_maga_crit", "tec_krav_maga_counter" ],
    "flags": [ "DURABLE_MELEE", "NONCONDUCTIVE" ]
  },
  {
    "id": "buildinggoesboomhahafunny",
    "type": "TOOL",
    "name": "LOL",
    "description": "THIS GOES KABOOOOOOOM.",
    "volume": "0 L",
    "weight": "0 kg",
    "price": 0,
    "to_hit": -2,
    "bashing": 1,
    "material": [ "veggy" ],
    "symbol": "0",
    "color": "red",
    "drop_action": { "target": "buildinggoesboomhahafunny_act", "target_charges": 1, "active": true, "type": "transform" },
    "flags": [ "ZERO_WEIGHT" ]
  },
  {
    "id": "buildinggoesboomhahafunny_act",
    "type": "TOOL",
    "name": "HAHA FUNNY",
    "description": "THIS IS KABOOOOOOMMMMIIINNNGGGG",
    "volume": "0 L",
    "weight": "0 kg",
    "price": 0,
    "to_hit": -2,
    "bashing": 1,
    "material": [ "veggy" ],
    "symbol": "0",
    "color": "red",
    "countdown_interval": 5,
    "countdown_destroy": true,
    "countdown_action": { "type": "cast_spell", "spell_id": "buildinggoesboomhahafunny_boom", "no_fail": true, "level": 0 },
    "flags": [ "ZERO_WEIGHT" ]
  },
  {
    "id": "BL9_repair_soldering",
    "looks_like": "soldering_iron",
    "type": "TOOL",
    "name": { "str": "BL9-infused soldering iron" },
    "description": "A soldering iron that has somehow been infused with the entirely sentient BL9 that somehow mentally communicates with you, it is covered and entirely reinforced with it's thick tissue with multiple spiky almost unnoticeabely vibrating protrusions that give it a more intimidating, animate look, ",
    "weight": "281 g",
    "volume": "785 ml",
    "price": 1000,
    "price_postapoc": 100,
    "bashing": 2,
    "cutting": 6,
    "material": [ "iron", "BL9" ],
    "symbol": "%",
    "color": "light_gray",
    "ammo": [ "battery" ],
    "charges_per_use": 1,
    "use_action": [
      {
        "type": "repair_item",
        "item_action_type": "repair_metal",
        "materials": [ "BL9", "BL9_mk2", "BL9_mk2_mid1", "BL9_mk2_mid2", "BL9_mid1", "BL9_mid2", "steel", "plastic" ],
        "skill": "fabrication",
        "cost_scaling": 0.15,
        "move_cost": 845
      },
      { "flame": false, "type": "cauterize" }
    ],
    "flags": [ "SPEAR", "BELT_CLIP", "ALLOWS_REMOTE_USE" ],
    "pocket_data": [
      {
        "pocket_type": "MAGAZINE_WELL",
        "rigid": true,
        "holster": true,
        "max_contains_volume": "20 L",
        "max_contains_weight": "20 kg",
        "item_restriction": [
          "light_minus_battery_cell",
          "light_battery_cell",
          "light_plus_battery_cell",
          "light_atomic_battery_cell",
          "light_minus_atomic_battery_cell",
          "light_minus_disposable_cell",
          "light_disposable_cell"
        ]
      }
    ]
  }
]
