[
  {
    "id": "BL9_pistol",
    "looks_like": "m1911",
    "type": "GUN",
    "symbol": "(",
    "color": "green",
    "name": { "str": "BL9-infused pistol" },
    "description": "A semi-automatic pistol with very ergonomic design that has somehow been infused with the almost sentient BL9, it seems to have made some sort of a home out of this weapon, covering it partially and strengthening it with it's tissue",
    "price": 580000,
    "ammo": [ "9mmBL9_type", "9mm", "45", "22", "380" ],
    "material": [ "BL9", "steel" ],
    "ammo_effects": [ "NEVER_MISFIRES" ],
    "flags": [ "NEVER_JAMS", "NO_UNLOAD", "NON-FOULING", "NEEDS_NO_LUBE", "WATERPROOF_GUN" ],
    "skill": "pistol",
    "weight": "850 g",
    "volume": "500 ml",
    "bashing": 8,
    "to_hit": -1,
    "ranged_damage": { "damage_type": "bullet", "amount": 1, "armor_penetration": 1 },
    "range": 14,
    "dispersion": 185,
    "durability": 8,
    "modes": [ [ "DEFAULT", "semi", 1 ], [ "BURST", "burst", 2 ] ],
    "valid_mod_locations": [
      [ "accessories", 2 ],
      [ "barrel", 1 ],
      [ "bore", 1 ],
      [ "brass catcher", 1 ],
      [ "grip", 1 ],
      [ "mechanism", 4 ],
      [ "muzzle", 1 ],
      [ "rail", 1 ],
      [ "sights", 1 ],
      [ "stock", 1 ],
      [ "underbarrel", 1 ]
    ],
    "pocket_data": [
      {
        "pocket_type": "MAGAZINE_WELL",
        "holster": true,
        "max_contains_volume": "20 L",
        "magazine_well": "250 ml",
        "max_contains_weight": "20 kg",
        "item_restriction": [ "9mmBL9mag" ]
      }
    ]
  },
  {
    "id": "BL9_smg",
    "looks_like": "tommygun",
    "type": "GUN",
    "symbol": "(",
    "color": "green",
    "name": { "str": "BL9-infused submachine gun" },
    "description": "A fully automatic pistol caliber weapon with a very high rate of fire that has somehow been infused with the almost sentient BL9, it seems to have made some sort of a home out of this weapon, covering it partially and strengthening it with it's tissue",
    "price": 580000,
    "ammo": [ "9mmBL9smg_type", "9mm", "45", "22", "40" ],
    "material": [ "BL9", "steel" ],
    "ammo_effects": [ "NEVER_MISFIRES" ],
    "flags": [ "NEVER_JAMS", "NO_UNLOAD", "NON-FOULING", "NEEDS_NO_LUBE", "WATERPROOF_GUN" ],
    "skill": "smg",
    "weight": "2850 g",
    "volume": "1 L",
    "bashing": 8,
    "to_hit": -1,
    "ranged_damage": { "damage_type": "bullet", "amount": 1, "armor_penetration": 1 },
    "range": 14,
    "dispersion": 205,
    "durability": 8,
    "modes": [ [ "DEFAULT", "semi auto", 1 ], [ "BURST", "burst", 5 ], [ "AUTO", "auto", 10 ] ],
    "valid_mod_locations": [
      [ "accessories", 3 ],
      [ "barrel", 1 ],
      [ "bore", 1 ],
      [ "brass catcher", 1 ],
      [ "grip", 1 ],
      [ "mechanism", 4 ],
      [ "muzzle", 1 ],
      [ "rail", 1 ],
      [ "sights", 1 ],
      [ "sling", 1 ],
      [ "stock", 1 ],
      [ "underbarrel", 1 ]
    ],
    "pocket_data": [
      {
        "pocket_type": "MAGAZINE_WELL",
        "holster": true,
        "max_contains_volume": "20 L",
        "magazine_well": "250 ml",
        "max_contains_weight": "20 kg",
        "item_restriction": [ "9mmBL9smgmag" ]
      }
    ]
  },
  {
    "id": "BL9_sniper",
    "looks_like": "M24",
    "type": "GUN",
    "symbol": "(",
    "color": "green",
    "name": { "str": "BL9-infused sniper rifle" },
    "description": "A semi-automatic high quality sniper rifle that has somehow been infused with the almost sentient BL9, it seems to have made some sort of a home out of this weapon, covering it partially and strengthening it with it's tissue",
    "price": 580000,
    "ammo": [ "308BL9_type", "308", "3006" ],
    "material": [ "BL9", "steel" ],
    "ammo_effects": [ "NEVER_MISFIRES", "TANGLE" ],
    "flags": [ "NEVER_JAMS", "NO_UNLOAD", "NON-FOULING", "NEEDS_NO_LUBE", "WATERPROOF_GUN" ],
    "skill": "rifle",
    "weight": "4100 g",
    "volume": "3 L",
    "bashing": 8,
    "to_hit": -1,
    "ranged_damage": { "damage_type": "bullet", "amount": 1, "armor_penetration": 1 },
    "range": 27,
    "barrel_length": 2,
    "dispersion": 105,
    "durability": 8,
    "modes": [ [ "DEFAULT", "semi auto", 1 ], [ "BURST", "burst", 2 ] ],
    "valid_mod_locations": [
      [ "accessories", 2 ],
      [ "barrel", 1 ],
      [ "grip", 1 ],
      [ "mechanism", 4 ],
      [ "muzzle", 1 ],
      [ "sights", 1 ],
      [ "sling", 1 ],
      [ "rail mount", 1 ],
      [ "stock mount", 1 ],
      [ "underbarrel mount", 1 ]
    ],
    "pocket_data": [
      {
        "pocket_type": "MAGAZINE_WELL",
        "holster": true,
        "max_contains_volume": "20 L",
        "magazine_well": "250 ml",
        "max_contains_weight": "20 kg",
        "item_restriction": [ "308BL9mag" ]
      }
    ]
  },
  {
    "id": "BL9_auto",
    "looks_like": "acr",
    "type": "GUN",
    "symbol": "(",
    "color": "red",
    "name": { "str": "BL9-infused automatic rifle" },
    "description": "A fully automatic sleek military automatic rifle that has somehow been infused with the almost sentient BL9, it seems to have made some sort of a home out of this weapon, covering it partially and strengthening it with it's tissue",
    "price": 580000,
    "ammo": [ "556BL9_type", "223" ],
    "material": [ "BL9", "steel" ],
    "ammo_effects": [ "NEVER_MISFIRES" ],
    "flags": [ "NEVER_JAMS", "NO_UNLOAD", "NON-FOULING", "NEEDS_NO_LUBE", "WATERPROOF_GUN" ],
    "skill": "rifle",
    "weight": "3600 g",
    "volume": "2 L",
    "bashing": 8,
    "to_hit": -1,
    "ranged_damage": { "damage_type": "bullet", "amount": 1, "armor_penetration": 1 },
    "range": 18,
    "dispersion": 165,
    "durability": 8,
    "modes": [ [ "DEFAULT", "semi auto", 1 ], [ "BURST", "burst", 5 ], [ "AUTO", "auto", 10 ] ],
    "valid_mod_locations": [
      [ "accessories", 4 ],
      [ "barrel", 1 ],
      [ "bore", 1 ],
      [ "brass catcher", 1 ],
      [ "grip mount", 1 ],
      [ "mechanism", 4 ],
      [ "magazine", 1 ],
      [ "muzzle", 1 ],
      [ "sights mount", 1 ],
      [ "sling", 1 ],
      [ "underbarrel mount", 1 ],
      [ "underbarrel", 1 ]
    ],
    "pocket_data": [
      {
        "pocket_type": "MAGAZINE_WELL",
        "holster": true,
        "max_contains_volume": "20 L",
        "magazine_well": "250 ml",
        "max_contains_weight": "20 kg",
        "item_restriction": [ "556223BL9mag" ]
      }
    ]
  },
  {
    "id": "BL9_shotgun",
    "looks_like": "remington_1100",
    "type": "GUN",
    "symbol": "(",
    "color": "red",
    "name": { "str": "BL9-infused shotgun" },
    "description": "12-gauge Pump-action shotgun that has somehow been infused with the almost sentient BL9, it seems to have made some sort of a home out of this weapon, covering it partially and strengthening it with it's tissue",
    "price": 580000,
    "ammo": [ "BL9shot_type", "shot" ],
    "material": [ "BL9", "steel" ],
    "ammo_effects": [ "NEVER_MISFIRES", "SHOT", "TANGLE", "BEANBAG" ],
    "flags": [ "NEVER_JAMS", "NO_UNLOAD", "NON-FOULING", "NEEDS_NO_LUBE", "RELOAD_ONE", "WATERPROOF_GUN" ],
    "skill": "shotgun",
    "weight": "4900 g",
    "volume": "2500 ml",
    "bashing": 8,
    "to_hit": -1,
    "ranged_damage": { "damage_type": "bullet", "amount": 1, "armor_penetration": 1 },
    "range": 12,
    "barrel_length": 2,
    "dispersion": 300,
    "durability": 8,
    "modes": [ [ "DEFAULT", "one shot", 1 ], [ "BURST", "double barrel", 2 ] ],
    "valid_mod_locations": [
      [ "accessories", 2 ],
      [ "stock mount", 1 ],
      [ "mechanism", 2 ],
      [ "barrel", 1 ],
      [ "grip mount", 1 ],
      [ "brass catcher", 1 ],
      [ "rail mount", 1 ],
      [ "sights mount", 1 ],
      [ "underbarrel mount", 1 ]
    ],
    "clip_size": 8,
    "pocket_data": [ { "pocket_type": "MAGAZINE", "rigid": true, "ammo_restriction": { "BL9shot_type": 8, "shot": 8 } } ]
  },
  {
    "id": "BL9_magnum",
    "looks_like": "ruger_redhawk",
    "type": "GUN",
    "symbol": "(",
    "color": "green",
    "name": { "str": "BL9-infused magnum" },
    "description": "A very high recoil, inaccurate even but quite deadly revolver that has somehow been infused with the almost sentient BL9, it seems to have made some sort of a home out of this weapon, covering it partially and strengthening it with it's tissue",
    "price": 580000,
    "ammo": [ "357magBL9_type", "357mag", "38", "44" ],
    "material": [ "BL9", "steel" ],
    "ammo_effects": [ "NEVER_MISFIRES", "TANGLE" ],
    "flags": [ "NEVER_JAMS", "NO_UNLOAD", "NON-FOULING", "NEEDS_NO_LUBE", "WATERPROOF_GUN" ],
    "skill": "pistol",
    "weight": "4200 g",
    "volume": "1900 ml",
    "bashing": 8,
    "to_hit": -1,
    "ranged_damage": { "damage_type": "bullet", "amount": 1, "armor_penetration": 1 },
    "range": 14,
    "dispersion": 225,
    "durability": 8,
    "modes": [ [ "DEFAULT", "semi", 1 ], [ "BURST", "burst", 2 ] ],
    "valid_mod_locations": [
      [ "accessories", 2 ],
      [ "barrel", 1 ],
      [ "bore", 1 ],
      [ "brass catcher", 1 ],
      [ "grip", 1 ],
      [ "mechanism", 4 ],
      [ "muzzle", 1 ],
      [ "rail", 1 ],
      [ "sights", 1 ],
      [ "stock", 1 ],
      [ "underbarrel", 1 ]
    ],
    "clip_size": 5,
    "pocket_data": [ { "pocket_type": "MAGAZINE", "rigid": true, "ammo_restriction": { "357magBL9_type": 5, "357mag": 5, "44": 5 } } ]
  },
  {
    "id": "BL9_sprayer",
    "looks_like": "chemical_thrower",
    "copy-from": "gun_base",
    "type": "GUN",
    "reload_noise": "slosh.",
    "name": { "str": "BL9-infused sprayer" },
    "description": "A bulky, BL9 sprayer that has somehow been infused with the almost sentient BL9, it seems to have made some sort of a home out of this weapon, covering it partially and strengthening it with it's tissue",
    "weight": "4588 g",
    "volume": "4250 ml",
    "price": 10000,
    "price_postapoc": 1000,
    "to_hit": -1,
    "bashing": 9,
    "material": [ "BL9", "steel" ],
    "flags": [ "FIRE_20", "NEVER_JAMS", "NO_UNLOAD", "NON-FOULING", "NEEDS_NO_LUBE", "WATERPROOF_GUN" ],
    "skill": "launcher",
    "ammo": [ "BL9spray_type" ],
    "dispersion": 235,
    "durability": 8,
    "valid_mod_locations": [
      [ "accessories", 4 ],
      [ "grip", 1 ],
      [ "rail", 1 ],
      [ "sights", 1 ],
      [ "sling", 1 ],
      [ "stock", 1 ],
      [ "underbarrel", 1 ]
    ],
    "pocket_data": [
      {
        "magazine_well": "2 L",
        "pocket_type": "MAGAZINE_WELL",
        "holster": true,
        "max_contains_volume": "20 L",
        "max_contains_weight": "20 kg",
        "item_restriction": [ "tank_BL9" ]
      }
    ]
  },
  {
    "id": "BL9_launcher",
    "looks_like": "mgl",
    "type": "GUN",
    "symbol": "(",
    "name": { "str": "BL9-infused launcher" },
    "description": "A high-quality modern grenade launcher with a well constructed magazine for the bomblets, it has somehow been infused with the almost sentient BL9, it seems to have made some sort of a home out of this weapon, covering it partially and strengthening it with it's tissue",
    "ammo": [ "40mmBL9_type", "40x46mm" ],
    "material": [ "BL9", "steel" ],
    "ammo_effects": [ "NEVER_MISFIRES", "TANGLE" ],
    "flags": [ "NEVER_JAMS", "NO_UNLOAD", "NON-FOULING", "NEEDS_NO_LUBE", "WATERPROOF_GUN" ],
    "skill": "launcher",
    "weight": "4300 g",
    "volume": "1500 ml",
    "price": 2920000,
    "price_postapoc": 8000,
    "to_hit": -1,
    "bashing": 8,
    "ranged_damage": { "damage_type": "bullet", "amount": 0, "armor_penetration": 0 },
    "range": 18,
    "dispersion": 165,
    "durability": 8,
    "modes": [ [ "DEFAULT", "single", 1, "NPC_AVOID" ] ],
    "valid_mod_locations": [
      [ "accessories", 4 ],
      [ "brass catcher", 1 ],
      [ "grip", 1 ],
      [ "mechanism", 4 ],
      [ "rail", 1 ],
      [ "sights", 1 ],
      [ "sling", 1 ],
      [ "stock", 1 ],
      [ "underbarrel", 1 ]
    ],
    "pocket_data": [
      {
        "pocket_type": "MAGAZINE_WELL",
        "holster": true,
        "max_contains_volume": "20 L",
        "magazine_well": "250 ml",
        "max_contains_weight": "20 kg",
        "item_restriction": [ "40BL9mag" ]
      }
    ]
  },
  {
    "id": "BL9_bow",
    "looks_like": "compositebow",
    "type": "GUN",
    "symbol": "(",
    "color": "yellow",
    "name": { "str": "BL9-infused bow" },
    "description": "A high-power bow with a modern design that has somehow been infused with the almost sentient BL9 covering it partially and strengthening it with it's tissue",
    "price": 55000,
    "material": [ "BL9", "steel" ],
    "flags": [ "FIRE_TWOHAND", "STR_DRAW", "RELOAD_AND_SHOOT", "PRIMITIVE_RANGED_WEAPON" ],
    "skill": "archery",
    "min_strength": 9,
    "ammo": [ "BL9arrow_type", "arrow" ],
    "weight": "907 g",
    "volume": "1500 ml",
    "price_postapoc": 3500,
    "bashing": 8,
    "to_hit": 1,
    "reload_noise_volume": 3,
    "loudness": 10,
    "ranged_damage": { "damage_type": "stab", "amount": 34 },
    "range": 16,
    "dispersion": 625,
    "durability": 8,
    "clip_size": 1,
    "valid_mod_locations": [ [ "underbarrel", 1 ], [ "sights", 1 ], [ "accessories", 2 ], [ "stabilizer", 1 ], [ "dampening", 1 ] ],
    "pocket_data": [ { "pocket_type": "MAGAZINE", "ammo_restriction": { "BL9arrow_type": 1, "arrow": 1 } } ]
  },
  {
    "id": "BL9_crossbow",
    "looks_like": "compositecrossbow",
    "type": "GUN",
    "symbol": "(",
    "color": "green",
    "name": { "str": "BL9-infused crossbow" },
    "reload_noise_volume": 4,
    "description": "A high-power crossbow with a modern design that has somehow been infused with the almost sentient BL9 covering it partially and strengthening it with it's tissue",
    "price": 200000,
    "material": [ "BL9", "steel" ],
    "flags": [ "FIRE_TWOHAND", "PRIMITIVE_RANGED_WEAPON" ],
    "skill": "rifle",
    "min_strength": 7,
    "ammo": [ "BL9bolt_type", "bolt" ],
    "weight": "3000 g",
    "volume": "1750 ml",
    "price_postapoc": 6000,
    "bashing": 11,
    "to_hit": 1,
    "ranged_damage": { "damage_type": "stab", "amount": 42 },
    "range": 14,
    "loudness": 12,
    "dispersion": 275,
    "durability": 8,
    "clip_size": 1,
    "reload": 1000,
    "valid_mod_locations": [
      [ "accessories", 4 ],
      [ "grip", 1 ],
      [ "mechanism", 4 ],
      [ "rail", 1 ],
      [ "sights", 1 ],
      [ "sling", 1 ],
      [ "stock", 1 ],
      [ "underbarrel", 1 ],
      [ "dampening", 1 ]
    ],
    "pocket_data": [ { "pocket_type": "MAGAZINE", "ammo_restriction": { "BL9bolt_type": 1, "bolt": 1 } } ]
  },
  {
    "id": "BL9_pistol_mk2",
    "looks_like": "walther_p38",
    "type": "GUN",
    "symbol": "(",
    "color": "green",
    "name": { "str": "BL9-infused pistol MK ii" },
    "description": "A semi-automatic pistol with very ergonomic design that has somehow been infused with the entirely sentient BL9 that somehow mentally communicates with you, it is covered and entirely reinforced with it's thick tissue with multiple spiky almost unnoticeabely vibrating protrusions that give it a more intimidating, animate look",
    "price": 580000,
    "ammo": [ "9mmBL9mk2_type", "9mm", "45", "22", "380" ],
    "material": [ "BL9", "steel" ],
    "ammo_effects": [ "NEVER_MISFIRES" ],
    "flags": [ "NEVER_JAMS", "NO_UNLOAD", "NON-FOULING", "NEEDS_NO_LUBE", "WATERPROOF_GUN" ],
    "skill": "pistol",
    "weight": "850 g",
    "volume": "500 ml",
    "bashing": 8,
    "to_hit": -1,
    "ranged_damage": { "damage_type": "bullet", "amount": 1, "armor_penetration": 1 },
    "range": 18,
    "dispersion": 160,
    "durability": 9,
    "modes": [ [ "DEFAULT", "semi", 1 ], [ "BURST", "burst", 2 ] ],
    "valid_mod_locations": [
      [ "accessories", 2 ],
      [ "barrel", 1 ],
      [ "bore", 1 ],
      [ "brass catcher", 1 ],
      [ "grip", 1 ],
      [ "mechanism", 4 ],
      [ "muzzle", 1 ],
      [ "rail", 1 ],
      [ "sights", 1 ],
      [ "stock", 1 ],
      [ "underbarrel", 1 ]
    ],
    "pocket_data": [
      {
        "pocket_type": "MAGAZINE_WELL",
        "holster": true,
        "max_contains_volume": "20 L",
        "magazine_well": "250 ml",
        "max_contains_weight": "20 kg",
        "item_restriction": [ "9mmBL9mk2mag" ]
      }
    ]
  },
  {
    "id": "BL9_smg_mk2",
    "looks_like": "TDI",
    "type": "GUN",
    "symbol": "(",
    "color": "green",
    "name": { "str": "BL9-infused submachine gun MK ii" },
    "description": "A fully automatic pistol caliber weapon with a very high rate of fire that has somehow been infused with the entirely sentient BL9 that somehow mentally communicates with you, it is covered and entirely reinforced with it's thick tissue with multiple spiky almost unnoticeabely vibrating protrusions that give it a more intimidating, animate look",
    "price": 580000,
    "ammo": [ "9mmBL9smgmk2_type", "9mm", "45", "22", "40" ],
    "material": [ "BL9", "steel" ],
    "ammo_effects": [ "NEVER_MISFIRES" ],
    "flags": [ "NEVER_JAMS", "NO_UNLOAD", "NON-FOULING", "NEEDS_NO_LUBE", "WATERPROOF_GUN" ],
    "skill": "smg",
    "weight": "2850 g",
    "volume": "1 L",
    "bashing": 8,
    "to_hit": -1,
    "ranged_damage": { "damage_type": "bullet", "amount": 1, "armor_penetration": 1 },
    "range": 18,
    "dispersion": 165,
    "durability": 9,
    "modes": [ [ "DEFAULT", "semi auto", 1 ], [ "BURST", "burst", 5 ], [ "AUTO", "auto", 10 ] ],
    "valid_mod_locations": [
      [ "accessories", 3 ],
      [ "barrel", 1 ],
      [ "bore", 1 ],
      [ "brass catcher", 1 ],
      [ "grip", 1 ],
      [ "mechanism", 4 ],
      [ "muzzle", 1 ],
      [ "rail", 1 ],
      [ "sights", 1 ],
      [ "sling", 1 ],
      [ "stock", 1 ],
      [ "underbarrel", 1 ]
    ],
    "pocket_data": [
      {
        "pocket_type": "MAGAZINE_WELL",
        "holster": true,
        "max_contains_volume": "20 L",
        "magazine_well": "250 ml",
        "max_contains_weight": "20 kg",
        "item_restriction": [ "9mmBL9smgmk2mag" ]
      }
    ]
  },
  {
    "id": "BL9_sniper_mk2",
    "looks_like": "as50",
    "type": "GUN",
    "symbol": "(",
    "color": "green",
    "name": { "str": "BL9-infused sniper rifle MK ii" },
    "description": "A semi-automatic high quality sniper rifle that has somehow been infused with the entirely sentient BL9 that somehow mentally communicates with you, it is covered and entirely reinforced with it's thick tissue with multiple spiky almost unnoticeabely vibrating protrusions that give it a more intimidating, animate look ",
    "price": 580000,
    "ammo": [ "308BL9mk2_type", "308", "3006" ],
    "material": [ "BL9", "steel" ],
    "ammo_effects": [ "NEVER_MISFIRES", "TANGLE" ],
    "flags": [ "NEVER_JAMS", "NO_UNLOAD", "NON-FOULING", "NEEDS_NO_LUBE", "WATERPROOF_GUN" ],
    "skill": "rifle",
    "weight": "4100 g",
    "volume": "3 L",
    "bashing": 8,
    "to_hit": -1,
    "ranged_damage": { "damage_type": "bullet", "amount": 1, "armor_penetration": 1 },
    "range": 35,
    "barrel_length": 2,
    "dispersion": 88,
    "durability": 9,
    "modes": [ [ "DEFAULT", "semi auto", 1 ], [ "BURST", "burst", 2 ] ],
    "valid_mod_locations": [
      [ "accessories", 2 ],
      [ "barrel", 1 ],
      [ "grip", 1 ],
      [ "mechanism", 4 ],
      [ "muzzle", 1 ],
      [ "sights", 1 ],
      [ "sling", 1 ],
      [ "rail mount", 1 ],
      [ "stock mount", 1 ],
      [ "underbarrel mount", 1 ]
    ],
    "pocket_data": [
      {
        "pocket_type": "MAGAZINE_WELL",
        "holster": true,
        "max_contains_volume": "20 L",
        "magazine_well": "250 ml",
        "max_contains_weight": "20 kg",
        "item_restriction": [ "308BL9mk2mag" ]
      }
    ]
  },
  {
    "id": "BL9_auto_mk2",
    "looks_like": "scar_l",
    "type": "GUN",
    "symbol": "(",
    "color": "red",
    "name": { "str": "BL9-infused automatic rifle MK ii" },
    "description": "A fully automatic sleek military automatic rifle that has somehow been infused with the entirely sentient BL9 that somehow mentally communicates with you, it is covered and entirely reinforced with it's thick tissue with multiple spiky almost unnoticeabely vibrating protrusions that give it a more intimidating, animate look",
    "price": 580000,
    "ammo": [ "556BL9mk2_type", "223" ],
    "material": [ "BL9", "steel" ],
    "ammo_effects": [ "NEVER_MISFIRES" ],
    "flags": [ "NEVER_JAMS", "NO_UNLOAD", "NON-FOULING", "NEEDS_NO_LUBE", "WATERPROOF_GUN" ],
    "skill": "rifle",
    "weight": "3600 g",
    "volume": "2 L",
    "bashing": 8,
    "to_hit": -1,
    "ranged_damage": { "damage_type": "bullet", "amount": 1, "armor_penetration": 1 },
    "range": 25,
    "dispersion": 125,
    "durability": 9,
    "modes": [ [ "DEFAULT", "semi auto", 1 ], [ "BURST", "burst", 5 ], [ "AUTO", "auto", 10 ] ],
    "valid_mod_locations": [
      [ "accessories", 4 ],
      [ "barrel", 1 ],
      [ "bore", 1 ],
      [ "brass catcher", 1 ],
      [ "grip mount", 1 ],
      [ "mechanism", 4 ],
      [ "magazine", 1 ],
      [ "muzzle", 1 ],
      [ "sights mount", 1 ],
      [ "sling", 1 ],
      [ "underbarrel mount", 1 ],
      [ "underbarrel", 1 ]
    ],
    "pocket_data": [
      {
        "pocket_type": "MAGAZINE_WELL",
        "holster": true,
        "max_contains_volume": "20 L",
        "magazine_well": "250 ml",
        "max_contains_weight": "20 kg",
        "item_restriction": [ "556223BL9mk2mag" ]
      }
    ]
  },
  {
    "id": "BL9_shotgun_mk2",
    "looks_like": "SPAS_12",
    "type": "GUN",
    "symbol": "(",
    "color": "red",
    "name": { "str": "BL9-infused shotgun MK ii" },
    "description": "12-gauge Pump-action shotgun that has somehow been infused with the entirely sentient BL9 that somehow mentally communicates with you, it is covered and entirely reinforced with it's thick tissue with multiple spiky almost unnoticeabely vibrating protrusions that give it a more intimidating, animate look",
    "price": 580000,
    "ammo": [ "BL9shotmk2_type", "shot", "20x66mm" ],
    "material": [ "BL9", "steel" ],
    "ammo_effects": [ "NEVER_MISFIRES", "SHOT", "TANGLE", "BEANBAG" ],
    "flags": [ "NEVER_JAMS", "NO_UNLOAD", "NON-FOULING", "NEEDS_NO_LUBE", "RELOAD_ONE", "WATERPROOF_GUN" ],
    "skill": "shotgun",
    "weight": "4900 g",
    "volume": "2500 ml",
    "bashing": 8,
    "to_hit": -1,
    "ranged_damage": { "damage_type": "bullet", "amount": 1, "armor_penetration": 1 },
    "range": 16,
    "barrel_length": 2,
    "dispersion": 245,
    "durability": 9,
    "modes": [ [ "DEFAULT", "one shot", 1 ], [ "BURST", "double barrel", 2 ] ],
    "valid_mod_locations": [
      [ "accessories", 2 ],
      [ "stock mount", 1 ],
      [ "mechanism", 2 ],
      [ "barrel", 1 ],
      [ "grip mount", 1 ],
      [ "brass catcher", 1 ],
      [ "rail mount", 1 ],
      [ "sights mount", 1 ],
      [ "underbarrel mount", 1 ]
    ],
    "clip_size": 10,
    "pocket_data": [
      { "pocket_type": "MAGAZINE", "rigid": true, "ammo_restriction": { "BL9shotmk2_type": 10, "shot": 10, "20x66mm": 10 } }
    ]
  },
  {
    "id": "BL9_magnum_mk2",
    "looks_like": "sw629",
    "type": "GUN",
    "symbol": "(",
    "color": "green",
    "name": { "str": "BL9-infused magnum MK ii" },
    "description": "A very high recoil, inaccurate even but quite deadly revolver that has somehow been infused with the entirely sentient BL9 that somehow mentally communicates with you, it is covered and entirely reinforced with it's thick tissue with multiple spiky almost unnoticeabely vibrating protrusions that give it a more intimidating, animate look",
    "price": 580000,
    "ammo": [ "357magBL9mk2_type", "357mag", "38", "44" ],
    "material": [ "BL9", "steel" ],
    "ammo_effects": [ "NEVER_MISFIRES", "TANGLE" ],
    "flags": [ "NEVER_JAMS", "NO_UNLOAD", "NON-FOULING", "NEEDS_NO_LUBE", "WATERPROOF_GUN" ],
    "skill": "pistol",
    "weight": "4200 g",
    "volume": "1900 ml",
    "bashing": 8,
    "to_hit": -1,
    "ranged_damage": { "damage_type": "bullet", "amount": 1, "armor_penetration": 1 },
    "range": 18,
    "dispersion": 175,
    "durability": 9,
    "modes": [ [ "DEFAULT", "semi", 1 ], [ "BURST", "burst", 2 ] ],
    "valid_mod_locations": [
      [ "accessories", 2 ],
      [ "barrel", 1 ],
      [ "bore", 1 ],
      [ "brass catcher", 1 ],
      [ "grip", 1 ],
      [ "mechanism", 4 ],
      [ "muzzle", 1 ],
      [ "rail", 1 ],
      [ "sights", 1 ],
      [ "stock", 1 ],
      [ "underbarrel", 1 ]
    ],
    "clip_size": 7,
    "pocket_data": [ { "pocket_type": "MAGAZINE", "rigid": true, "ammo_restriction": { "357magBL9mk2_type": 7, "357mag": 7, "44": 7 } } ]
  },
  {
    "id": "BL9_sprayer_mk2",
    "looks_like": "chemical_thrower",
    "copy-from": "gun_base",
    "type": "GUN",
    "reload_noise": "slosh.",
    "name": { "str": "BL9-infused sprayer MK ii" },
    "description": "A bulky, BL9 sprayer that has somehow been infused with the entirely sentient BL9 that somehow mentally communicates with you, it is covered and entirely reinforced with it's thick tissue with multiple spiky almost unnoticeabely vibrating protrusions that give it a more intimidating, animate look",
    "weight": "4588 g",
    "volume": "4250 ml",
    "price": 10000,
    "price_postapoc": 1000,
    "to_hit": -1,
    "bashing": 9,
    "material": [ "BL9", "steel" ],
    "flags": [ "FIRE_20", "NEVER_JAMS", "NO_UNLOAD", "NON-FOULING", "NEEDS_NO_LUBE", "WATERPROOF_GUN" ],
    "skill": "launcher",
    "ammo": [ "BL9spraymk2_type" ],
    "dispersion": 180,
    "durability": 9,
    "valid_mod_locations": [
      [ "accessories", 4 ],
      [ "grip", 1 ],
      [ "rail", 1 ],
      [ "sights", 1 ],
      [ "sling", 1 ],
      [ "stock", 1 ],
      [ "underbarrel", 1 ]
    ],
    "pocket_data": [
      {
        "magazine_well": "2 L",
        "pocket_type": "MAGAZINE_WELL",
        "holster": true,
        "max_contains_volume": "20 L",
        "max_contains_weight": "20 kg",
        "item_restriction": [ "tank_BL9_mk2" ]
      }
    ]
  },
  {
    "id": "BL9_launcher_mk2",
    "looks_like": "rm802",
    "type": "GUN",
    "symbol": "(",
    "name": { "str": "BL9-infused launcher MK ii" },
    "description": "A high-quality modern grenade launcher with a well constructed magazine for the bomblets, it has somehow been infused with the entirely sentient BL9 that somehow mentally communicates with you, it is covered and entirely reinforced with it's thick tissue with multiple spiky almost unnoticeabely vibrating protrusions that give it a more intimidating, animate look",
    "ammo": [ "40mmBL9mk2_type", "40x46mm" ],
    "material": [ "BL9", "steel" ],
    "ammo_effects": [ "NEVER_MISFIRES", "TANGLE" ],
    "flags": [ "NEVER_JAMS", "NO_UNLOAD", "NON-FOULING", "NEEDS_NO_LUBE", "WATERPROOF_GUN" ],
    "skill": "launcher",
    "weight": "4300 g",
    "volume": "1500 ml",
    "price": 2920000,
    "price_postapoc": 8000,
    "to_hit": -1,
    "bashing": 8,
    "ranged_damage": { "damage_type": "bullet", "amount": 0, "armor_penetration": 0 },
    "range": 23,
    "dispersion": 115,
    "durability": 9,
    "modes": [ [ "DEFAULT", "single", 1, "NPC_AVOID" ] ],
    "valid_mod_locations": [
      [ "accessories", 4 ],
      [ "brass catcher", 1 ],
      [ "grip", 1 ],
      [ "mechanism", 4 ],
      [ "rail", 1 ],
      [ "sights", 1 ],
      [ "sling", 1 ],
      [ "stock", 1 ],
      [ "underbarrel", 1 ]
    ],
    "pocket_data": [
      {
        "pocket_type": "MAGAZINE_WELL",
        "holster": true,
        "max_contains_volume": "20 L",
        "magazine_well": "250 ml",
        "max_contains_weight": "20 kg",
        "item_restriction": [ "40_BL9mk2mag" ]
      }
    ]
  },
  {
    "id": "BL9_bow_mk2",
    "looks_like": "compgreatbow",
    "type": "GUN",
    "symbol": "(",
    "color": "yellow",
    "name": { "str": "BL9-infused bow MK ii" },
    "description": "A high-power bow with a modern design that has somehow been infused with the entirely sentient BL9 that somehow mentally communicates with you, it is covered and entirely reinforced with it's thick tissue with multiple spiky almost unnoticeabely vibrating protrusions that give it a more intimidating, animate look",
    "price": 55000,
    "material": [ "BL9", "steel" ],
    "flags": [ "FIRE_TWOHAND", "STR_DRAW", "RELOAD_AND_SHOOT", "PRIMITIVE_RANGED_WEAPON" ],
    "skill": "archery",
    "min_strength": 9,
    "ammo": [ "BL9arrowmk2_type", "arrow" ],
    "weight": "907 g",
    "volume": "1500 ml",
    "price_postapoc": 3500,
    "bashing": 8,
    "to_hit": 1,
    "reload_noise_volume": 3,
    "loudness": 10,
    "ranged_damage": { "damage_type": "stab", "amount": 34 },
    "range": 24,
    "dispersion": 440,
    "durability": 9,
    "clip_size": 1,
    "valid_mod_locations": [ [ "underbarrel", 1 ], [ "sights", 1 ], [ "accessories", 2 ], [ "stabilizer", 1 ], [ "dampening", 1 ] ],
    "pocket_data": [ { "pocket_type": "MAGAZINE", "ammo_restriction": { "BL9arrowmk2_type": 1, "arrow": 1 } } ]
  },
  {
    "id": "BL9_crossbow_mk2",
    "looks_like": "compcrossbow",
    "type": "GUN",
    "symbol": "(",
    "color": "green",
    "name": { "str": "BL9-infused crossbow MK ii" },
    "reload_noise_volume": 4,
    "description": "A high-power crossbow with a modern design that has somehow been infused with the entirely sentient BL9 that somehow mentally communicates with you, it is covered and entirely reinforced with it's thick tissue with multiple spiky almost unnoticeabely vibrating protrusions that give it a more intimidating, animate look",
    "price": 200000,
    "material": [ "BL9", "steel" ],
    "flags": [ "FIRE_TWOHAND", "PRIMITIVE_RANGED_WEAPON" ],
    "skill": "rifle",
    "min_strength": 7,
    "ammo": [ "BL9boltmk2_type", "bolt" ],
    "weight": "3000 g",
    "volume": "1750 ml",
    "price_postapoc": 6000,
    "bashing": 11,
    "to_hit": 1,
    "ranged_damage": { "damage_type": "stab", "amount": 42 },
    "range": 21,
    "loudness": 12,
    "dispersion": 175,
    "durability": 9,
    "clip_size": 1,
    "reload": 1000,
    "valid_mod_locations": [
      [ "accessories", 4 ],
      [ "grip", 1 ],
      [ "mechanism", 4 ],
      [ "rail", 1 ],
      [ "sights", 1 ],
      [ "sling", 1 ],
      [ "stock", 1 ],
      [ "underbarrel", 1 ],
      [ "dampening", 1 ]
    ],
    "pocket_data": [ { "pocket_type": "MAGAZINE", "ammo_restriction": { "BL9boltmk2_type": 1, "bolt": 1 } } ]
  },
  {
    "id": "BL9_pistol_mk3",
    "looks_like": "walther_p38",
    "type": "GUN",
    "symbol": "(",
    "color": "green",
    "name": { "str": "BL9-infused pistol MK iii" },
    "description": "A semi-automatic pistol with very ergonomic design that has somehow been infused with the entirely sentient BL9 that somehow mentally communicates with you, it is entirely made out of BL9 and looks even more horrifying and fear instilling than ever - a live organism that somehow satisfies it's insatiable vile hunger by devouring everything with it's 'bullets'",
    "price": 580000,
    "ammo": [ "9mmBL9mk2_type", "9mm", "45", "22", "380" ],
    "material": [ "BL9", "steel" ],
    "ammo_effects": [ "NEVER_MISFIRES" ],
    "flags": [ "NEVER_JAMS", "NO_UNLOAD", "NON-FOULING", "NEEDS_NO_LUBE", "WATERPROOF_GUN" ],
    "skill": "pistol",
    "weight": "850 g",
    "volume": "500 ml",
    "bashing": 8,
    "to_hit": -1,
    "ranged_damage": { "damage_type": "bullet", "amount": 1, "armor_penetration": 1 },
    "range": 24,
    "dispersion": 125,
    "durability": 10,
    "modes": [ [ "DEFAULT", "semi", 1 ], [ "BURST", "burst", 2 ] ],
    "valid_mod_locations": [
      [ "accessories", 2 ],
      [ "barrel", 1 ],
      [ "bore", 1 ],
      [ "brass catcher", 1 ],
      [ "grip", 1 ],
      [ "mechanism", 4 ],
      [ "muzzle", 1 ],
      [ "rail", 1 ],
      [ "sights", 1 ],
      [ "stock", 1 ],
      [ "underbarrel", 1 ]
    ],
    "pocket_data": [
      {
        "pocket_type": "MAGAZINE_WELL",
        "holster": true,
        "max_contains_volume": "20 L",
        "magazine_well": "250 ml",
        "max_contains_weight": "20 kg",
        "item_restriction": [ "9mmBL9mk3mag" ]
      }
    ]
  },
  {
    "id": "BL9_smg_mk3",
    "looks_like": "TDI",
    "type": "GUN",
    "symbol": "(",
    "color": "green",
    "name": { "str": "BL9-infused submachine gun MK iii" },
    "description": "A fully automatic pistol caliber weapon with a very high rate of fire that has somehow been infused with the entirely sentient BL9 that somehow mentally communicates with you, it is entirely made out of BL9 and looks even more horrifying and fear instilling than ever - a live organism that somehow satisfies it's insatiable vile hunger by devouring everything with it's 'bullets'",
    "price": 580000,
    "ammo": [ "9mmBL9smgmk2_type", "9mm", "45", "22", "40" ],
    "material": [ "BL9", "steel" ],
    "ammo_effects": [ "NEVER_MISFIRES" ],
    "flags": [ "NEVER_JAMS", "NO_UNLOAD", "NON-FOULING", "NEEDS_NO_LUBE", "WATERPROOF_GUN" ],
    "skill": "smg",
    "weight": "2850 g",
    "volume": "1 L",
    "bashing": 8,
    "to_hit": -1,
    "ranged_damage": { "damage_type": "bullet", "amount": 1, "armor_penetration": 1 },
    "range": 24,
    "dispersion": 135,
    "durability": 10,
    "modes": [ [ "DEFAULT", "semi auto", 1 ], [ "BURST", "burst", 5 ], [ "AUTO", "auto", 10 ] ],
    "valid_mod_locations": [
      [ "accessories", 3 ],
      [ "barrel", 1 ],
      [ "bore", 1 ],
      [ "brass catcher", 1 ],
      [ "grip", 1 ],
      [ "mechanism", 4 ],
      [ "muzzle", 1 ],
      [ "rail", 1 ],
      [ "sights", 1 ],
      [ "sling", 1 ],
      [ "stock", 1 ],
      [ "underbarrel", 1 ]
    ],
    "pocket_data": [
      {
        "pocket_type": "MAGAZINE_WELL",
        "holster": true,
        "max_contains_volume": "20 L",
        "magazine_well": "250 ml",
        "max_contains_weight": "20 kg",
        "item_restriction": [ "9mmBL9smgmk3mag" ]
      }
    ]
  },
  {
    "id": "BL9_sniper_mk3",
    "looks_like": "as50",
    "type": "GUN",
    "symbol": "(",
    "color": "green",
    "name": { "str": "BL9-infused sniper rifle MK iii" },
    "description": "A semi-automatic high quality sniper rifle that has somehow been infused with the entirely sentient BL9 that somehow mentally communicates with you, it is entirely made out of BL9 and looks even more horrifying and fear instilling than ever - a live organism that somehow satisfies it's insatiable vile hunger by devouring everything with it's 'bullets'",
    "price": 580000,
    "ammo": [ "308BL9mk2_type", "308", "3006" ],
    "material": [ "BL9", "steel" ],
    "ammo_effects": [ "NEVER_MISFIRES", "TANGLE" ],
    "flags": [ "NEVER_JAMS", "NO_UNLOAD", "NON-FOULING", "NEEDS_NO_LUBE", "WATERPROOF_GUN" ],
    "skill": "rifle",
    "weight": "4100 g",
    "volume": "3 L",
    "bashing": 8,
    "to_hit": -1,
    "ranged_damage": { "damage_type": "bullet", "amount": 1, "armor_penetration": 1 },
    "range": 45,
    "barrel_length": 2,
    "dispersion": 72,
    "durability": 10,
    "modes": [ [ "DEFAULT", "semi auto", 1 ], [ "BURST", "burst", 2 ] ],
    "valid_mod_locations": [
      [ "accessories", 2 ],
      [ "barrel", 1 ],
      [ "grip", 1 ],
      [ "mechanism", 4 ],
      [ "muzzle", 1 ],
      [ "sights", 1 ],
      [ "sling", 1 ],
      [ "rail mount", 1 ],
      [ "stock mount", 1 ],
      [ "underbarrel mount", 1 ]
    ],
    "pocket_data": [
      {
        "pocket_type": "MAGAZINE_WELL",
        "holster": true,
        "max_contains_volume": "20 L",
        "magazine_well": "250 ml",
        "max_contains_weight": "20 kg",
        "item_restriction": [ "308BL9mk3mag" ]
      }
    ]
  },
  {
    "id": "BL9_auto_mk3",
    "looks_like": "scar_l",
    "type": "GUN",
    "symbol": "(",
    "color": "red",
    "name": { "str": "BL9-infused automatic rifle MK iii" },
    "description": "A fully automatic sleek military automatic rifle that has somehow been infused with the entirely sentient BL9 that somehow mentally communicates with you, it is entirely made out of BL9 and looks even more horrifying and fear instilling than ever - a live organism that somehow satisfies it's insatiable vile hunger by devouring everything with it's 'bullets'",
    "price": 580000,
    "ammo": [ "556BL9mk2_type", "223" ],
    "material": [ "BL9", "steel" ],
    "ammo_effects": [ "NEVER_MISFIRES" ],
    "flags": [ "NEVER_JAMS", "NO_UNLOAD", "NON-FOULING", "NEEDS_NO_LUBE", "WATERPROOF_GUN" ],
    "skill": "rifle",
    "weight": "3600 g",
    "volume": "2 L",
    "bashing": 8,
    "to_hit": -1,
    "ranged_damage": { "damage_type": "bullet", "amount": 1, "armor_penetration": 1 },
    "range": 35,
    "dispersion": 88,
    "durability": 10,
    "modes": [ [ "DEFAULT", "semi auto", 1 ], [ "BURST", "burst", 5 ], [ "AUTO", "auto", 10 ] ],
    "valid_mod_locations": [
      [ "accessories", 4 ],
      [ "barrel", 1 ],
      [ "bore", 1 ],
      [ "brass catcher", 1 ],
      [ "grip mount", 1 ],
      [ "mechanism", 4 ],
      [ "magazine", 1 ],
      [ "muzzle", 1 ],
      [ "sights mount", 1 ],
      [ "sling", 1 ],
      [ "underbarrel mount", 1 ],
      [ "underbarrel", 1 ]
    ],
    "pocket_data": [
      {
        "pocket_type": "MAGAZINE_WELL",
        "holster": true,
        "max_contains_volume": "20 L",
        "magazine_well": "250 ml",
        "max_contains_weight": "20 kg",
        "item_restriction": [ "556223BL9mk3mag" ]
      }
    ]
  },
  {
    "id": "BL9_shotgun_mk3",
    "looks_like": "SPAS_12",
    "type": "GUN",
    "symbol": "(",
    "color": "red",
    "name": { "str": "BL9-infused shotgun MK iii" },
    "description": "12-gauge Pump-action shotgun that has somehow been infused with the entirely sentient BL9 that somehow mentally communicates with you, it is entirely made out of BL9 and looks even more horrifying and fear instilling than ever - a live organism that somehow satisfies it's insatiable vile hunger by devouring everything with it's 'shots'",
    "price": 580000,
    "ammo": [ "BL9shotmk2_type", "shot", "20x66mm" ],
    "material": [ "BL9", "steel" ],
    "ammo_effects": [ "NEVER_MISFIRES", "SHOT", "TANGLE", "BEANBAG" ],
    "flags": [ "NEVER_JAMS", "NO_UNLOAD", "NON-FOULING", "NEEDS_NO_LUBE", "RELOAD_ONE", "WATERPROOF_GUN" ],
    "skill": "shotgun",
    "weight": "4900 g",
    "volume": "2500 ml",
    "bashing": 8,
    "to_hit": -1,
    "ranged_damage": { "damage_type": "bullet", "amount": 1, "armor_penetration": 1 },
    "range": 24,
    "barrel_length": 2,
    "dispersion": 210,
    "durability": 10,
    "modes": [ [ "DEFAULT", "one shot", 1 ], [ "BURST", "double barrel", 2 ] ],
    "valid_mod_locations": [
      [ "accessories", 2 ],
      [ "stock mount", 1 ],
      [ "mechanism", 2 ],
      [ "barrel", 1 ],
      [ "grip mount", 1 ],
      [ "brass catcher", 1 ],
      [ "rail mount", 1 ],
      [ "sights mount", 1 ],
      [ "underbarrel mount", 1 ]
    ],
    "clip_size": 12,
    "pocket_data": [
      { "pocket_type": "MAGAZINE", "rigid": true, "ammo_restriction": { "BL9shotmk2_type": 12, "shot": 12, "20x66mm": 12 } }
    ]
  },
  {
    "id": "BL9_magnum_mk3",
    "looks_like": "sw629",
    "type": "GUN",
    "symbol": "(",
    "color": "green",
    "name": { "str": "BL9-infused magnum MK iii" },
    "description": "A very high recoil, inaccurate even but quite deadly revolver that has somehow been infused with the entirely sentient BL9 that somehow mentally communicates with you, it is entirely made out of BL9 and looks even more horrifying and fear instilling than ever - a live organism that somehow satisfies it's insatiable vile hunger by devouring everything with it's 'bullets'",
    "price": 580000,
    "ammo": [ "357magBL9mk2_type", "357mag", "38", "44" ],
    "material": [ "BL9", "steel" ],
    "ammo_effects": [ "NEVER_MISFIRES", "TANGLE" ],
    "flags": [ "NEVER_JAMS", "NO_UNLOAD", "NON-FOULING", "NEEDS_NO_LUBE", "WATERPROOF_GUN" ],
    "skill": "pistol",
    "weight": "4200 g",
    "volume": "1900 ml",
    "bashing": 8,
    "to_hit": -1,
    "ranged_damage": { "damage_type": "bullet", "amount": 1, "armor_penetration": 1 },
    "range": 24,
    "dispersion": 145,
    "durability": 10,
    "modes": [ [ "DEFAULT", "semi", 1 ], [ "BURST", "burst", 2 ] ],
    "valid_mod_locations": [
      [ "accessories", 2 ],
      [ "barrel", 1 ],
      [ "bore", 1 ],
      [ "brass catcher", 1 ],
      [ "grip", 1 ],
      [ "mechanism", 4 ],
      [ "muzzle", 1 ],
      [ "rail", 1 ],
      [ "sights", 1 ],
      [ "stock", 1 ],
      [ "underbarrel", 1 ]
    ],
    "clip_size": 9,
    "pocket_data": [ { "pocket_type": "MAGAZINE", "rigid": true, "ammo_restriction": { "357magBL9mk2_type": 9, "357mag": 9, "44": 9 } } ]
  },
  {
    "id": "BL9_sprayer_mk3",
    "looks_like": "chemical_thrower",
    "copy-from": "gun_base",
    "type": "GUN",
    "reload_noise": "slosh.",
    "name": { "str": "BL9-infused sprayer MK iii" },
    "description": "A bulky, BL9 sprayer that has somehow been infused with the entirely sentient BL9 that somehow mentally communicates with you, it is entirely made out of BL9 and looks even more horrifying and fear instilling than ever - a live organism that somehow satisfies it's insatiable vile hunger by devouring everything with it's 'spray'",
    "weight": "4588 g",
    "volume": "4250 ml",
    "price": 10000,
    "price_postapoc": 1000,
    "to_hit": -1,
    "bashing": 9,
    "material": [ "BL9", "steel" ],
    "flags": [ "FIRE_20", "NEVER_JAMS", "NO_UNLOAD", "NON-FOULING", "NEEDS_NO_LUBE", "WATERPROOF_GUN" ],
    "skill": "launcher",
    "ammo": [ "BL9spraymk2_type" ],
    "dispersion": 145,
    "durability": 10,
    "valid_mod_locations": [
      [ "accessories", 4 ],
      [ "grip", 1 ],
      [ "rail", 1 ],
      [ "sights", 1 ],
      [ "sling", 1 ],
      [ "stock", 1 ],
      [ "underbarrel", 1 ]
    ],
    "pocket_data": [
      {
        "magazine_well": "2 L",
        "pocket_type": "MAGAZINE_WELL",
        "holster": true,
        "max_contains_volume": "20 L",
        "max_contains_weight": "20 kg",
        "item_restriction": [ "tank_BL9_mk3" ]
      }
    ]
  },
  {
    "id": "BL9_launcher_mk3",
    "looks_like": "rm802",
    "type": "GUN",
    "symbol": "(",
    "name": { "str": "BL9-infused launcher MK iii" },
    "description": "A high-quality modern grenade launcher with a well constructed magazine for the bomblets, it has somehow been infused with the entirely sentient BL9 that somehow mentally communicates with you, it is entirely made out of BL9 and looks even more horrifying and fear instilling than ever - a live organism that somehow satisfies it's insatiable vile hunger by devouring everything with it's 'fragments'",
    "ammo": [ "40mmBL9mk2_type", "40x46mm" ],
    "material": [ "BL9", "steel" ],
    "ammo_effects": [ "NEVER_MISFIRES", "TANGLE" ],
    "flags": [ "NEVER_JAMS", "NO_UNLOAD", "NON-FOULING", "NEEDS_NO_LUBE", "WATERPROOF_GUN" ],
    "skill": "launcher",
    "weight": "4300 g",
    "volume": "1500 ml",
    "price": 2920000,
    "price_postapoc": 8000,
    "to_hit": -1,
    "bashing": 8,
    "ranged_damage": { "damage_type": "bullet", "amount": 0, "armor_penetration": 0 },
    "range": 30,
    "dispersion": 88,
    "durability": 10,
    "modes": [ [ "DEFAULT", "single", 1, "NPC_AVOID" ] ],
    "valid_mod_locations": [
      [ "accessories", 4 ],
      [ "brass catcher", 1 ],
      [ "grip", 1 ],
      [ "mechanism", 4 ],
      [ "rail", 1 ],
      [ "sights", 1 ],
      [ "sling", 1 ],
      [ "stock", 1 ],
      [ "underbarrel", 1 ]
    ],
    "pocket_data": [
      {
        "pocket_type": "MAGAZINE_WELL",
        "holster": true,
        "max_contains_volume": "20 L",
        "magazine_well": "250 ml",
        "max_contains_weight": "20 kg",
        "item_restriction": [ "40_BL9mk3mag" ]
      }
    ]
  },
  {
    "id": "BL9_bow_mk3",
    "looks_like": "compgreatbow",
    "type": "GUN",
    "symbol": "(",
    "color": "yellow",
    "name": { "str": "BL9-infused bow MK iii" },
    "description": "A high-power bow with a modern design that has somehow been infused with the entirely sentient BL9 that somehow mentally communicates with you, it is entirely made out of BL9 and looks even more horrifying and fear instilling than ever - a live organism that somehow satisfies it's insatiable vile hunger by devouring everything with it's 'arrows'",
    "price": 55000,
    "material": [ "BL9", "steel" ],
    "flags": [ "FIRE_TWOHAND", "STR_DRAW", "RELOAD_AND_SHOOT", "PRIMITIVE_RANGED_WEAPON" ],
    "skill": "archery",
    "min_strength": 9,
    "ammo": [ "BL9arrowmk2_type", "arrow" ],
    "weight": "907 g",
    "volume": "1500 ml",
    "price_postapoc": 3500,
    "bashing": 8,
    "to_hit": 1,
    "reload_noise_volume": 3,
    "loudness": 10,
    "ranged_damage": { "damage_type": "stab", "amount": 34 },
    "range": 32,
    "dispersion": 365,
    "durability": 10,
    "clip_size": 1,
    "valid_mod_locations": [ [ "underbarrel", 1 ], [ "sights", 1 ], [ "accessories", 2 ], [ "stabilizer", 1 ], [ "dampening", 1 ] ],
    "pocket_data": [ { "pocket_type": "MAGAZINE", "ammo_restriction": { "BL9arrowmk2_type": 1, "arrow": 1 } } ]
  },
  {
    "id": "BL9_crossbow_mk3",
    "looks_like": "compcrossbow",
    "type": "GUN",
    "symbol": "(",
    "color": "green",
    "name": { "str": "BL9-infused crossbow MK iii" },
    "reload_noise_volume": 4,
    "description": "A high-power crossbow with a modern design that has somehow been infused with the entirely sentient BL9 that somehow mentally communicates with you, it is entirely made out of BL9 and looks even more horrifying and fear instilling than ever - a live organism that somehow satisfies it's insatiable vile hunger by devouring everything with it's 'bolts'",
    "price": 200000,
    "material": [ "BL9", "steel" ],
    "flags": [ "FIRE_TWOHAND", "PRIMITIVE_RANGED_WEAPON" ],
    "skill": "rifle",
    "min_strength": 7,
    "ammo": [ "BL9boltmk2_type", "bolt" ],
    "weight": "3000 g",
    "volume": "1750 ml",
    "price_postapoc": 6000,
    "bashing": 11,
    "to_hit": 1,
    "ranged_damage": { "damage_type": "stab", "amount": 42 },
    "range": 27,
    "loudness": 12,
    "dispersion": 145,
    "durability": 10,
    "clip_size": 1,
    "reload": 1000,
    "valid_mod_locations": [
      [ "accessories", 4 ],
      [ "grip", 1 ],
      [ "mechanism", 4 ],
      [ "rail", 1 ],
      [ "sights", 1 ],
      [ "sling", 1 ],
      [ "stock", 1 ],
      [ "underbarrel", 1 ],
      [ "dampening", 1 ]
    ],
    "pocket_data": [ { "pocket_type": "MAGAZINE", "ammo_restriction": { "BL9boltmk2_type": 1, "bolt": 1 } } ]
  }
]
