[
  {
    "type": "terrain",
    "id": "t_uniqmazing_fl_red",
    "name": "Red strange floor",
    "description": "Red floor of unknown origin, looks strange",
    "symbol": "~",
    "color": "red",
    "move_cost": 2,
    "flags": [ "TRANSPARENT", "FLAT" ]
  },
  {
    "type": "terrain",
    "id": "t_uniqmazing_fl_azurblue",
    "name": "Azure-blue strange floor",
    "description": "Azure-blue floor of unknown origin, looks strange",
    "symbol": "~",
    "color": "blue",
    "move_cost": 2,
    "flags": [ "TRANSPARENT", "FLAT" ]
  },
  {
    "type": "terrain",
    "id": "t_uniqmazing_fl_limegreen",
    "name": "Lime-green strange floor",
    "description": "Lime-green floor of unknown origin, looks strange",
    "symbol": "~",
    "color": "green",
    "move_cost": 2,
    "flags": [ "TRANSPARENT", "FLAT" ]
  },
  {
    "type": "terrain",
    "id": "t_uniqmazing_fl_purple",
    "name": "Purple strange floor",
    "description": "Purple floor of unknown origin, looks strange",
    "symbol": "~",
    "color": "red",
    "move_cost": 2,
    "flags": [ "TRANSPARENT", "FLAT" ]
  },
  {
    "type": "terrain",
    "id": "t_uniqmazing_fl_cyan",
    "name": "Cyan strange floor",
    "description": "Cyan floor of unknown origin, looks strange",
    "symbol": "~",
    "color": "blue",
    "move_cost": 2,
    "flags": [ "TRANSPARENT", "FLAT" ]
  },
  {
    "type": "terrain",
    "id": "t_uniqmazing_fl_orange",
    "name": "Orange strange floor",
    "description": "Orange floor of unknown origin, looks strange",
    "symbol": "~",
    "color": "red",
    "move_cost": 2,
    "flags": [ "TRANSPARENT", "FLAT" ]
  },
  {
    "type": "terrain",
    "id": "t_uniqmazing_fl_black",
    "name": "Black strange floor",
    "description": "Black floor of unknown origin, looks strange",
    "symbol": "~",
    "color": "blue",
    "move_cost": 2,
    "flags": [ "TRANSPARENT", "FLAT" ]
  },
  {
    "type": "terrain",
    "id": "t_uniqmazing_fl_yellow",
    "name": "Yellow strange floor",
    "description": "Yellow floor of unknown origin, looks strange",
    "symbol": "~",
    "color": "green",
    "move_cost": 2,
    "flags": [ "TRANSPARENT", "FLAT" ]
  },
  {
    "type": "terrain",
    "id": "t_uniqmazing_fl_corral",
    "name": "Corral strange floor",
    "description": "Corral floor of unknown origin, looks strange",
    "symbol": "~",
    "color": "red",
    "move_cost": 2,
    "flags": [ "TRANSPARENT", "FLAT" ]
  },
  {
    "type": "terrain",
    "id": "t_uniqmazing_fl_sandbrown",
    "name": "Sand-brown strange floor",
    "description": "Sand-brown floor of unknown origin, looks strange",
    "symbol": "~",
    "color": "blue",
    "move_cost": 2,
    "flags": [ "TRANSPARENT", "FLAT" ]
  },
  {
    "type": "terrain",
    "id": "t_uniqmazing_liq_red",
    "name": "Red strange liquid",
    "description": "Red liquid of unknown origin, looks strange",
    "symbol": "~",
    "color": "light_blue",
    "move_cost": 5,
    "flags": [ "TRANSPARENT", "LIQUID", "NO_SCENT", "SWIMMABLE", "FISHABLE", "SHALLOW_WATER" ],
    "connects_to": "WATER",
    "examine_action": "water_source"
  },
  {
    "type": "terrain",
    "id": "t_uniqmazing_liq_azureblue",
    "name": "Azure-blue strange liquid",
    "description": "Azure-blue liquid of unknown origin, looks strange",
    "symbol": "~",
    "color": "light_blue",
    "move_cost": 5,
    "flags": [ "TRANSPARENT", "LIQUID", "NO_SCENT", "SWIMMABLE", "FISHABLE", "SHALLOW_WATER" ],
    "connects_to": "WATER",
    "examine_action": "water_source"
  },
  {
    "type": "terrain",
    "id": "t_uniqmazing_liq_limegreen",
    "name": "Lime-green strange liquid",
    "description": "Lime-green liquid of unknown origin, looks strange",
    "symbol": "~",
    "color": "light_blue",
    "move_cost": 5,
    "flags": [ "TRANSPARENT", "LIQUID", "NO_SCENT", "SWIMMABLE", "FISHABLE", "SHALLOW_WATER" ],
    "connects_to": "WATER",
    "examine_action": "water_source"
  },
  {
    "type": "terrain",
    "id": "t_uniqmazing_liq_purple",
    "name": "Purple strange liquid",
    "description": "Purple liquid of unknown origin, looks strange",
    "symbol": "~",
    "color": "light_blue",
    "move_cost": 5,
    "flags": [ "TRANSPARENT", "LIQUID", "NO_SCENT", "SWIMMABLE", "FISHABLE", "SHALLOW_WATER" ],
    "connects_to": "WATER",
    "examine_action": "water_source"
  },
  {
    "type": "terrain",
    "id": "t_uniqmazing_liq_cyan",
    "name": "Cyan strange liquid",
    "description": "Cyan liquid of unknown origin, looks strange",
    "symbol": "~",
    "color": "light_blue",
    "move_cost": 5,
    "flags": [ "TRANSPARENT", "LIQUID", "NO_SCENT", "SWIMMABLE", "FISHABLE", "SHALLOW_WATER" ],
    "connects_to": "WATER",
    "examine_action": "water_source"
  },
  {
    "type": "terrain",
    "id": "t_uniqmazing_liq_orange",
    "name": "Orange strange liquid",
    "description": "Orange liquid of unknown origin, looks strange",
    "symbol": "~",
    "color": "light_blue",
    "move_cost": 5,
    "flags": [ "TRANSPARENT", "LIQUID", "NO_SCENT", "SWIMMABLE", "FISHABLE", "SHALLOW_WATER" ],
    "connects_to": "WATER",
    "examine_action": "water_source"
  },
  {
    "type": "terrain",
    "id": "t_uniqmazing_liq_black",
    "name": "Black strange liquid",
    "description": "Black liquid of unknown origin, looks strange",
    "symbol": "~",
    "color": "light_blue",
    "move_cost": 5,
    "flags": [ "TRANSPARENT", "LIQUID", "NO_SCENT", "SWIMMABLE", "FISHABLE", "SHALLOW_WATER" ],
    "connects_to": "WATER",
    "examine_action": "water_source"
  },
  {
    "type": "terrain",
    "id": "t_uniqmazing_liq_yellow",
    "name": "Yellow strange liquid",
    "description": "Yellow liquid of unknown origin, looks strange",
    "symbol": "~",
    "color": "light_blue",
    "move_cost": 5,
    "flags": [ "TRANSPARENT", "LIQUID", "NO_SCENT", "SWIMMABLE", "FISHABLE", "SHALLOW_WATER" ],
    "connects_to": "WATER",
    "examine_action": "water_source"
  },
  {
    "type": "terrain",
    "id": "t_uniqmazing_liq_corral",
    "name": "Corral strange liquid",
    "description": "Corral liquid of unknown origin, looks strange",
    "symbol": "~",
    "color": "light_blue",
    "move_cost": 5,
    "flags": [ "TRANSPARENT", "LIQUID", "NO_SCENT", "SWIMMABLE", "FISHABLE", "SHALLOW_WATER" ],
    "connects_to": "WATER",
    "examine_action": "water_source"
  },
  {
    "type": "terrain",
    "id": "t_uniqmazing_liq_sandbrown",
    "name": "Sand-brown strange liquid",
    "description": "Sand-brown liquid of unknown origin, looks strange",
    "symbol": "~",
    "color": "light_blue",
    "move_cost": 5,
    "flags": [ "TRANSPARENT", "LIQUID", "NO_SCENT", "SWIMMABLE", "FISHABLE", "SHALLOW_WATER" ],
    "connects_to": "WATER",
    "examine_action": "water_source"
  },
  {
    "type": "terrain",
    "id": "t_uniqmazing_wl_red",
    "name": "Red strange wall",
    "description": "Red wall of unknown origin, looks strange",
    "symbol": "#",
    "color": "white",
    "move_cost": 0,
    "coverage": 100,
    "flags": [ "NOITEM", "SUPPORTS_ROOF", "WALL", "NO_SCENT", "MINEABLE", "BLOCK_WIND" ],
    "roof": "t_rock_floor",
    "bash": {
      "str_min": 100,
      "str_max": 285,
      "sound": "crash!",
      "sound_fail": "whump!",
      "ter_set": "t_rock_floor",
      "ter_set_bashed_from_above": "t_rock_floor_no_roof",
      "items": [
        { "item": "rock", "count": [ 3, 7 ] },
        { "item": "coal_lump", "charges": [ 250, 500 ], "prob": 10 },
        { "item": "material_limestone", "charges": [ 10, 25 ], "prob": 80 },
        { "item": "material_rocksalt", "count": [ 0, 1 ], "prob": 20 },
        { "item": "material_rhodonite", "count": [ 0, 1 ], "prob": 3 },
        { "item": "material_zincite", "count": [ 0, 5 ], "prob": 5 }
      ]
    }
  },
  {
    "type": "terrain",
    "id": "t_uniqmazing_wl_azureblue",
    "name": "Azure-blue wall",
    "description": "Azure-blue wall of unknown origin, looks strange",
    "symbol": "#",
    "color": "white",
    "move_cost": 0,
    "coverage": 100,
    "flags": [ "NOITEM", "SUPPORTS_ROOF", "WALL", "NO_SCENT", "MINEABLE", "BLOCK_WIND" ],
    "roof": "t_rock_floor",
    "bash": {
      "str_min": 100,
      "str_max": 285,
      "sound": "crash!",
      "sound_fail": "whump!",
      "ter_set": "t_rock_floor",
      "ter_set_bashed_from_above": "t_rock_floor_no_roof",
      "items": [
        { "item": "rock", "count": [ 3, 7 ] },
        { "item": "coal_lump", "charges": [ 250, 500 ], "prob": 10 },
        { "item": "material_limestone", "charges": [ 10, 25 ], "prob": 80 },
        { "item": "material_rocksalt", "count": [ 0, 1 ], "prob": 20 },
        { "item": "material_rhodonite", "count": [ 0, 1 ], "prob": 3 },
        { "item": "material_zincite", "count": [ 0, 5 ], "prob": 5 }
      ]
    }
  },
  {
    "type": "terrain",
    "id": "t_uniqmazing_wl_limegreen",
    "name": "Lime-green strange wall",
    "description": "Lime-green wall of unknown origin, looks strange",
    "symbol": "#",
    "color": "white",
    "move_cost": 0,
    "coverage": 100,
    "flags": [ "NOITEM", "SUPPORTS_ROOF", "WALL", "NO_SCENT", "MINEABLE", "BLOCK_WIND" ],
    "roof": "t_rock_floor",
    "bash": {
      "str_min": 100,
      "str_max": 285,
      "sound": "crash!",
      "sound_fail": "whump!",
      "ter_set": "t_rock_floor",
      "ter_set_bashed_from_above": "t_rock_floor_no_roof",
      "items": [
        { "item": "rock", "count": [ 3, 7 ] },
        { "item": "coal_lump", "charges": [ 250, 500 ], "prob": 10 },
        { "item": "material_limestone", "charges": [ 10, 25 ], "prob": 80 },
        { "item": "material_rocksalt", "count": [ 0, 1 ], "prob": 20 },
        { "item": "material_rhodonite", "count": [ 0, 1 ], "prob": 3 },
        { "item": "material_zincite", "count": [ 0, 5 ], "prob": 5 }
      ]
    }
  },
  {
    "type": "terrain",
    "id": "t_uniqmazing_wl_purple",
    "name": "Purple strange wall",
    "description": "Purple wall of unknown origin, looks strange",
    "symbol": "#",
    "color": "white",
    "move_cost": 0,
    "coverage": 100,
    "flags": [ "NOITEM", "SUPPORTS_ROOF", "WALL", "NO_SCENT", "MINEABLE", "BLOCK_WIND" ],
    "roof": "t_rock_floor",
    "bash": {
      "str_min": 100,
      "str_max": 285,
      "sound": "crash!",
      "sound_fail": "whump!",
      "ter_set": "t_rock_floor",
      "ter_set_bashed_from_above": "t_rock_floor_no_roof",
      "items": [
        { "item": "rock", "count": [ 3, 7 ] },
        { "item": "coal_lump", "charges": [ 250, 500 ], "prob": 10 },
        { "item": "material_limestone", "charges": [ 10, 25 ], "prob": 80 },
        { "item": "material_rocksalt", "count": [ 0, 1 ], "prob": 20 },
        { "item": "material_rhodonite", "count": [ 0, 1 ], "prob": 3 },
        { "item": "material_zincite", "count": [ 0, 5 ], "prob": 5 }
      ]
    }
  },
  {
    "type": "terrain",
    "id": "t_uniqmazing_wl_cyan",
    "name": "Cyan strange wall",
    "description": "Cyan wall of unknown origin, looks strange",
    "symbol": "#",
    "color": "white",
    "move_cost": 0,
    "coverage": 100,
    "flags": [ "NOITEM", "SUPPORTS_ROOF", "WALL", "NO_SCENT", "MINEABLE", "BLOCK_WIND" ],
    "roof": "t_rock_floor",
    "bash": {
      "str_min": 100,
      "str_max": 285,
      "sound": "crash!",
      "sound_fail": "whump!",
      "ter_set": "t_rock_floor",
      "ter_set_bashed_from_above": "t_rock_floor_no_roof",
      "items": [
        { "item": "rock", "count": [ 3, 7 ] },
        { "item": "coal_lump", "charges": [ 250, 500 ], "prob": 10 },
        { "item": "material_limestone", "charges": [ 10, 25 ], "prob": 80 },
        { "item": "material_rocksalt", "count": [ 0, 1 ], "prob": 20 },
        { "item": "material_rhodonite", "count": [ 0, 1 ], "prob": 3 },
        { "item": "material_zincite", "count": [ 0, 5 ], "prob": 5 }
      ]
    }
  },
  {
    "type": "terrain",
    "id": "t_uniqmazing_wl_orange",
    "name": "Orange strange wall",
    "description": "Orange wall of unknown origin, looks strange",
    "symbol": "#",
    "color": "white",
    "move_cost": 0,
    "coverage": 100,
    "flags": [ "NOITEM", "SUPPORTS_ROOF", "WALL", "NO_SCENT", "MINEABLE", "BLOCK_WIND" ],
    "roof": "t_rock_floor",
    "bash": {
      "str_min": 100,
      "str_max": 285,
      "sound": "crash!",
      "sound_fail": "whump!",
      "ter_set": "t_rock_floor",
      "ter_set_bashed_from_above": "t_rock_floor_no_roof",
      "items": [
        { "item": "rock", "count": [ 3, 7 ] },
        { "item": "coal_lump", "charges": [ 250, 500 ], "prob": 10 },
        { "item": "material_limestone", "charges": [ 10, 25 ], "prob": 80 },
        { "item": "material_rocksalt", "count": [ 0, 1 ], "prob": 20 },
        { "item": "material_rhodonite", "count": [ 0, 1 ], "prob": 3 },
        { "item": "material_zincite", "count": [ 0, 5 ], "prob": 5 }
      ]
    }
  },
  {
    "type": "terrain",
    "id": "t_uniqmazing_wl_black",
    "name": "Black strange wall",
    "description": "Black wall of unknown origin, looks strange",
    "symbol": "#",
    "color": "white",
    "move_cost": 0,
    "coverage": 100,
    "flags": [ "NOITEM", "SUPPORTS_ROOF", "WALL", "NO_SCENT", "MINEABLE", "BLOCK_WIND" ],
    "roof": "t_rock_floor",
    "bash": {
      "str_min": 100,
      "str_max": 285,
      "sound": "crash!",
      "sound_fail": "whump!",
      "ter_set": "t_rock_floor",
      "ter_set_bashed_from_above": "t_rock_floor_no_roof",
      "items": [
        { "item": "rock", "count": [ 3, 7 ] },
        { "item": "coal_lump", "charges": [ 250, 500 ], "prob": 10 },
        { "item": "material_limestone", "charges": [ 10, 25 ], "prob": 80 },
        { "item": "material_rocksalt", "count": [ 0, 1 ], "prob": 20 },
        { "item": "material_rhodonite", "count": [ 0, 1 ], "prob": 3 },
        { "item": "material_zincite", "count": [ 0, 5 ], "prob": 5 }
      ]
    }
  },
  {
    "type": "terrain",
    "id": "t_uniqmazing_wl_yellow",
    "name": "Yellow strange wall",
    "description": "Yellow wall of unknown origin, looks strange",
    "symbol": "#",
    "color": "white",
    "move_cost": 0,
    "coverage": 100,
    "flags": [ "NOITEM", "SUPPORTS_ROOF", "WALL", "NO_SCENT", "MINEABLE", "BLOCK_WIND" ],
    "roof": "t_rock_floor",
    "bash": {
      "str_min": 100,
      "str_max": 285,
      "sound": "crash!",
      "sound_fail": "whump!",
      "ter_set": "t_rock_floor",
      "ter_set_bashed_from_above": "t_rock_floor_no_roof",
      "items": [
        { "item": "rock", "count": [ 3, 7 ] },
        { "item": "coal_lump", "charges": [ 250, 500 ], "prob": 10 },
        { "item": "material_limestone", "charges": [ 10, 25 ], "prob": 80 },
        { "item": "material_rocksalt", "count": [ 0, 1 ], "prob": 20 },
        { "item": "material_rhodonite", "count": [ 0, 1 ], "prob": 3 },
        { "item": "material_zincite", "count": [ 0, 5 ], "prob": 5 }
      ]
    }
  },
  {
    "type": "terrain",
    "id": "t_uniqmazing_wl_corral",
    "name": "Corral strange wall",
    "description": "Corral wall of unknown origin, looks strange",
    "symbol": "#",
    "color": "white",
    "move_cost": 0,
    "coverage": 100,
    "flags": [ "NOITEM", "SUPPORTS_ROOF", "WALL", "NO_SCENT", "MINEABLE", "BLOCK_WIND" ],
    "roof": "t_rock_floor",
    "bash": {
      "str_min": 100,
      "str_max": 285,
      "sound": "crash!",
      "sound_fail": "whump!",
      "ter_set": "t_rock_floor",
      "ter_set_bashed_from_above": "t_rock_floor_no_roof",
      "items": [
        { "item": "rock", "count": [ 3, 7 ] },
        { "item": "coal_lump", "charges": [ 250, 500 ], "prob": 10 },
        { "item": "material_limestone", "charges": [ 10, 25 ], "prob": 80 },
        { "item": "material_rocksalt", "count": [ 0, 1 ], "prob": 20 },
        { "item": "material_rhodonite", "count": [ 0, 1 ], "prob": 3 },
        { "item": "material_zincite", "count": [ 0, 5 ], "prob": 5 }
      ]
    }
  },
  {
    "type": "terrain",
    "id": "t_uniqmazing_wl_sandbrown",
    "name": "Sand-brown strange wall",
    "description": "Sand-brown wall of unknown origin, looks strange",
    "symbol": "#",
    "color": "white",
    "move_cost": 0,
    "coverage": 100,
    "flags": [ "NOITEM", "SUPPORTS_ROOF", "WALL", "NO_SCENT", "MINEABLE", "BLOCK_WIND" ],
    "roof": "t_rock_floor",
    "bash": {
      "str_min": 100,
      "str_max": 285,
      "sound": "crash!",
      "sound_fail": "whump!",
      "ter_set": "t_rock_floor",
      "ter_set_bashed_from_above": "t_rock_floor_no_roof",
      "items": [
        { "item": "rock", "count": [ 3, 7 ] },
        { "item": "coal_lump", "charges": [ 250, 500 ], "prob": 10 },
        { "item": "material_limestone", "charges": [ 10, 25 ], "prob": 80 },
        { "item": "material_rocksalt", "count": [ 0, 1 ], "prob": 20 },
        { "item": "material_rhodonite", "count": [ 0, 1 ], "prob": 3 },
        { "item": "material_zincite", "count": [ 0, 5 ], "prob": 5 }
      ]
    }
  },
  {
    "type": "terrain",
    "id": "t_uniqmazing_wl_lava",
    "name": "Lava strange wall",
    "description": "Lava wall of unknown origin, looks strange",
    "symbol": "#",
    "color": "white",
    "move_cost": 0,
    "coverage": 100,
    "flags": [ "NOITEM", "SUPPORTS_ROOF", "WALL", "NO_SCENT", "MINEABLE", "BLOCK_WIND" ],
    "roof": "t_rock_floor",
    "bash": {
      "str_min": 100,
      "str_max": 285,
      "sound": "crash!",
      "sound_fail": "whump!",
      "ter_set": "t_rock_floor",
      "ter_set_bashed_from_above": "t_rock_floor_no_roof",
      "items": [
        { "item": "rock", "count": [ 3, 7 ] },
        { "item": "coal_lump", "charges": [ 250, 500 ], "prob": 10 },
        { "item": "material_limestone", "charges": [ 10, 25 ], "prob": 80 },
        { "item": "material_rocksalt", "count": [ 0, 1 ], "prob": 20 },
        { "item": "material_rhodonite", "count": [ 0, 1 ], "prob": 3 },
        { "item": "material_zincite", "count": [ 0, 5 ], "prob": 5 }
      ]
    }
  },
  {
    "type": "terrain",
    "id": "t_BL9_hole",
    "name": "empty space",
    "looks_like": "tr_ledge",
    "description": "This is empty space.",
    "symbol": "LINE_OXOX",
    "color": "light_cyan",
    "move_cost": 0,
    "coverage": 90,
    "roof": "t_flat_roof",
    "flags": [ "TRANSPARENT", "NOITEM", "WALL", "NO_SCENT", "AUTO_WALL_SYMBOL" ],
    "bash": {
      "str_min": 100,
      "str_max": 275,
      "sound": "glass breaking!",
      "sound_fail": "whack!",
      "sound_vol": 16,
      "sound_fail_vol": 10,
      "ter_set": "t_floor",
      "items": [ { "item": "glass_shard", "count": [ 42, 84 ] } ]
    }
  },
  {
    "type": "terrain",
    "id": "t_BL9_secret_console",
    "looks_like": "f_console",
    "name": "Reactor override console",
    "description": "This is a standalone computer terminal.Destroying it will override the reactor, this is the only way to unlock the secret path though...",
    "symbol": "6",
    "color": "blue",
    "move_cost_mod": 3,
    "required_str": -1,
    "move_cost": 3,
    "coverage": 50,
    "light_emitted": 10,
    "roof": "t_flat_roof",
    "flags": [ "TRANSPARENT", "CONSOLE", "NOITEM", "INDOORS", "SHORT", "PERMEABLE" ],
    "bash": {
      "str_min": 8,
      "str_max": 150,
      "sound": "crunch!",
      "sound_fail": "whack!",
      "ter_set": "t_null",
      "items": [ { "item": "buildinggoesboomhahafunny", "count": 1 } ]
    }
  },
  {
    "type": "terrain",
    "id": "t_BL9_svat",
    "name": "safety vat",
    "description": "The safety vat",
    "symbol": "0",
    "color": "light_cyan",
    "looks_like": "f_standing_tank",
    "move_cost": 0,
    "coverage": 40,
    "roof": "t_flat_roof",
    "flags": [ "BL9" ],
    "bash": {
      "str_min": 2,
      "str_max": 80,
      "sound": "ker-rash!",
      "sound_fail": "plunk.",
      "sound_vol": 16,
      "sound_fail_vol": 12,
      "ter_set": "t_floor",
      "items": [ { "item": "glass_shard", "count": [ 42, 84 ] }, { "item": "scrap", "count": [ 0, 2 ] } ]
    }
  },
  {
    "type": "terrain",
    "id": "t_BL9_rockblue",
    "name": "Rock blue wall",
    "description": "A very hard and sturdy blue wall made of a rock of a strange, unknown origin",
    "symbol": "#",
    "color": "white",
    "move_cost": 0,
    "coverage": 100,
    "flags": [ "NOITEM", "SUPPORTS_ROOF", "WALL", "NO_SCENT", "MINEABLE", "BLOCK_WIND" ],
    "roof": "t_rock_floor",
    "bash": {
      "str_min": 100,
      "str_max": 285,
      "sound": "crash!",
      "sound_fail": "whump!",
      "ter_set": "t_rock_floor",
      "ter_set_bashed_from_above": "t_rock_floor_no_roof",
      "items": [
        { "item": "rock", "count": [ 3, 7 ] },
        { "item": "coal_lump", "charges": [ 250, 500 ], "prob": 10 },
        { "item": "material_limestone", "charges": [ 10, 25 ], "prob": 80 },
        { "item": "material_rocksalt", "count": [ 0, 1 ], "prob": 20 },
        { "item": "material_rhodonite", "count": [ 0, 1 ], "prob": 3 },
        { "item": "material_zincite", "count": [ 0, 5 ], "prob": 5 }
      ]
    }
  },
  {
    "type": "terrain",
    "id": "t_BL9_rockblue",
    "looks_like": "t_rock_blue",
    "name": "Blue rock wall",
    "description": "A very hard and sturdy blue wall made of a rock of strange, unknown origin",
    "symbol": "#",
    "color": "blue",
    "move_cost": 0,
    "coverage": 100,
    "flags": [ "NOITEM", "SUPPORTS_ROOF", "WALL", "NO_SCENT", "MINEABLE", "BLOCK_WIND" ],
    "roof": "t_rock_floor",
    "bash": {
      "str_min": 100,
      "str_max": 285,
      "sound": "crash!",
      "sound_fail": "whump!",
      "ter_set": "t_rock_floor",
      "ter_set_bashed_from_above": "t_rock_floor_no_roof",
      "items": [
        { "item": "rock", "count": [ 3, 7 ] },
        { "item": "coal_lump", "charges": [ 250, 500 ], "prob": 10 },
        { "item": "material_limestone", "charges": [ 10, 25 ], "prob": 80 },
        { "item": "material_rocksalt", "count": [ 0, 1 ], "prob": 20 },
        { "item": "material_rhodonite", "count": [ 0, 1 ], "prob": 3 },
        { "item": "material_zincite", "count": [ 0, 5 ], "prob": 5 }
      ]
    }
  },
  {
    "type": "terrain",
    "id": "t_BL9_rockred",
    "looks_like": "t_rock_red",
    "name": "Red rock wall",
    "description": "A very hard and sturdy red wall made of a rock of strange, unknown origin",
    "symbol": "#",
    "color": "red",
    "move_cost": 0,
    "coverage": 100,
    "flags": [ "NOITEM", "SUPPORTS_ROOF", "WALL", "NO_SCENT", "MINEABLE", "BLOCK_WIND" ],
    "roof": "t_rock_floor",
    "bash": {
      "str_min": 100,
      "str_max": 285,
      "sound": "crash!",
      "sound_fail": "whump!",
      "ter_set": "t_rock_floor",
      "ter_set_bashed_from_above": "t_rock_floor_no_roof",
      "items": [
        { "item": "rock", "count": [ 3, 7 ] },
        { "item": "coal_lump", "charges": [ 250, 500 ], "prob": 10 },
        { "item": "material_limestone", "charges": [ 10, 25 ], "prob": 80 },
        { "item": "material_rocksalt", "count": [ 0, 1 ], "prob": 20 },
        { "item": "material_rhodonite", "count": [ 0, 1 ], "prob": 3 },
        { "item": "material_zincite", "count": [ 0, 5 ], "prob": 5 }
      ]
    }
  },
  {
    "type": "terrain",
    "id": "t_BL9_rockgreen",
    "looks_like": "t_rock_green",
    "name": "Red rock wall",
    "description": "A very hard and sturdy red wall made of a rock of strange, unknown origin",
    "symbol": "#",
    "color": "red",
    "move_cost": 0,
    "coverage": 100,
    "flags": [ "NOITEM", "SUPPORTS_ROOF", "WALL", "NO_SCENT", "MINEABLE", "BLOCK_WIND" ],
    "roof": "t_rock_floor",
    "bash": {
      "str_min": 100,
      "str_max": 285,
      "sound": "crash!",
      "sound_fail": "whump!",
      "ter_set": "t_rock_floor",
      "ter_set_bashed_from_above": "t_rock_floor_no_roof",
      "items": [
        { "item": "rock", "count": [ 3, 7 ] },
        { "item": "coal_lump", "charges": [ 250, 500 ], "prob": 10 },
        { "item": "material_limestone", "charges": [ 10, 25 ], "prob": 80 },
        { "item": "material_rocksalt", "count": [ 0, 1 ], "prob": 20 },
        { "item": "material_rhodonite", "count": [ 0, 1 ], "prob": 3 },
        { "item": "material_zincite", "count": [ 0, 5 ], "prob": 5 }
      ]
    }
  },
  {
    "type": "terrain",
    "id": "t_gud_lava",
    "looks_like": "t_lava",
    "name": "Gud lava",
    "description": "An extremely hot, glowing liquid, composed of molten rock and/or metal.Not deadly at all compared to vanilla so Kevin will truly despise this",
    "symbol": ".",
    "color": "red",
    "move_cost": 2,
    "move_cost_mod": 1,
    "flags": [ "TRANSPARENT" ]
  }
]
