[
  {
    "type": "item_group",
    "id": "BL9_treasure_search1",
    "subtype": "collection",
    "entries": [ { "item": "goldcoin", "prob": 100, "count": [ 65, 67 ] } ]
  },
  {
    "type": "item_group",
    "id": "BL9_treasure1",
    "subtype": "collection",
    "entries": [ { "item": "goldcoin", "prob": 100, "count": [ 65, 67 ] }, { "item": "BL9_sample", "prob": 100, "count": [ 19, 25 ] } ]
  },
  {
    "type": "item_group",
    "id": "BL9_patroltreasure1",
    "subtype": "collection",
    "entries": [ { "item": "goldcoin", "prob": 100, "count": [ 3, 4 ] }, { "item": "BL9_sample", "prob": 100, "count": [ 3, 5 ] } ]
  },
  {
    "type": "item_group",
    "id": "BL9_treasure2",
    "subtype": "collection",
    "entries": [
      { "item": "goldcoin", "prob": 100, "count": [ 290, 295 ] },
      { "item": "BL9_sample", "prob": 100, "count": [ 35, 37 ] }
    ]
  },
  {
    "type": "item_group",
    "id": "BL9_treasure4",
    "subtype": "collection",
    "entries": [
      { "item": "goldcoin", "prob": 100, "count": [ 565, 645 ] },
      { "item": "BL9_sample", "prob": 100, "count": [ 73, 75 ] }
    ]
  },
  {
    "type": "item_group",
    "id": "BL9_treasure5",
    "subtype": "collection",
    "entries": [ { "item": "goldcoin", "prob": 100, "count": [ 2785, 3395 ] } ]
  },
  {
    "type": "item_group",
    "id": "BL9_treasure_search2",
    "subtype": "collection",
    "entries": [ { "item": "platcoin", "prob": 100, "count": [ 114, 115 ] } ]
  },
  {
    "type": "item_group",
    "id": "BL9_treasure6",
    "subtype": "collection",
    "entries": [
      { "item": "platcoin", "prob": 100, "count": [ 175, 176 ] },
      { "item": "BL9_sample", "prob": 100, "count": [ 23, 27 ] }
    ]
  },
  {
    "type": "item_group",
    "id": "BL9_patroltreasure6",
    "subtype": "collection",
    "entries": [ { "item": "platcoin", "prob": 100, "count": [ 8, 9 ] }, { "item": "BL9_sample", "prob": 100, "count": [ 6, 9 ] } ]
  },
  {
    "type": "item_group",
    "id": "BL9_treasure7",
    "subtype": "collection",
    "entries": [
      { "item": "platcoin", "prob": 100, "count": [ 500, 510 ] },
      { "item": "BL9_sample", "prob": 100, "count": [ 37, 45 ] }
    ]
  },
  {
    "type": "item_group",
    "id": "BL9_treasure8",
    "subtype": "collection",
    "entries": [
      { "item": "platcoin", "prob": 100, "count": [ 840, 865 ] },
      { "item": "BL9_sample", "prob": 100, "count": [ 73, 75 ] }
    ]
  },
  {
    "type": "item_group",
    "id": "BL9_treasure9",
    "subtype": "collection",
    "entries": [
      { "item": "platcoin", "prob": 100, "count": [ 1500, 1545 ] },
      { "item": "BL9_sample", "prob": 100, "count": [ 97, 105 ] }
    ]
  },
  {
    "type": "item_group",
    "id": "BL9_treasure10",
    "subtype": "collection",
    "entries": [ { "item": "platcoin", "prob": 100, "count": [ 7900, 9900 ] } ]
  },
  {
    "type": "item_group",
    "id": "BL9_herbs",
    "items": [ [ "mild_curing_herb", 45 ], [ "medium_curing_herb", 25 ], [ "strong_curing_herb", 10 ] ]
  },
  {
    "type": "item_group",
    "id": "BL9_enemy_drinks",
    "items": [
      [ "water_clean", 75 ],
      [ "water_mineral", 75 ],
      [ "oj", 75 ],
      [ "juice", 75 ],
      [ "cranberry_juice", 75 ],
      [ "sports_drink", 75 ],
      [ "apple_cider", 75 ],
      [ "lemonade", 75 ],
      [ "energy_drink", 75 ],
      [ "energy_drink_atomic", 75 ],
      { "group": "softdrinks_canned", "prob": 75 },
      { "item": "cola", "prob": 75, "container-item": "bottle_plastic" },
      { "item": "rootbeer", "prob": 75, "container-item": "bottle_plastic" },
      { "item": "creamsoda", "prob": 75, "container-item": "bottle_plastic" },
      { "item": "lemonlime", "prob": 75, "container-item": "bottle_plastic" },
      { "item": "orangesoda", "prob": 75, "container-item": "bottle_plastic" },
      { "item": "colamdew", "prob": 75, "container-item": "bottle_plastic" },
      { "item": "rootbeer", "prob": 75, "container-item": "bottle_plastic" },
      [ "purple_drink", 75 ],
      [ "herbal_tea", 75 ],
      [ "V8", 75 ]
    ]
  },
  {
    "id": "BL9_enemy_food",
    "type": "item_group",
    "items": [
      [ "water_clean", 75 ],
      [ "water_mineral", 75 ],
      [ "V8", 75 ],
      [ "milk", 75 ],
      { "item": "butter", "prob": 75, "charges-min": 8, "charges-max": 64, "container-item": "wrapper" },
      [ "yoghurt", 75 ],
      [ "pudding", 75 ],
      [ "apple", 75 ],
      [ "sandwich_t", 75 ],
      [ "mushroom", 75 ],
      [ "tomato", 75 ],
      [ "lettuce", 75 ],
      [ "zucchini", 75 ],
      [ "foodplace_food", 75 ],
      [ "onion", 75 ],
      [ "carrot", 75 ],
      [ "potato", 75 ],
      [ "irradiated_tomato", 75 ],
      [ "irradiated_lettuce", 75 ],
      [ "irradiated_zucchini", 75 ],
      [ "irradiated_onion", 75 ],
      [ "irradiated_carrot", 75 ],
      [ "chili", 75 ],
      { "group": "wines_worthy", "prob": 75 },
      [ "fish_fried", 75 ],
      [ "cheese", 75 ],
      [ "lemon", 75 ],
      { "item": "pickle", "prob": 45, "charges": 6, "container-item": "jar_glass_sealed" },
      [ "lutefisk", 75 ],
      [ "fries", 75 ],
      [ "cheese_fries", 75 ],
      [ "onion_rings", 75 ],
      [ "royal_beef", 75 ],
      [ "tofu", 75 ],
      [ "sausage", 75 ],
      [ "bratwurst_sausage", 75 ],
      [ "sweet_sausage", 75 ],
      [ "soup_meat", 75 ],
      [ "veggy_salad", 75 ],
      { "item": "broccoli", "prob": 75, "container-item": "bowl_plastic" },
      { "item": "cabbage", "prob": 75, "container-item": "bowl_plastic" },
      [ "peach", 75 ],
      [ "watermelon", 75 ],
      [ "melon", 75 ],
      [ "blackberries", 75 ],
      [ "mango", 75 ],
      [ "raspberries", 75 ],
      [ "strawberries", 75 ],
      [ "blueberries", 75 ],
      [ "banana", 75 ],
      [ "orange", 75 ],
      [ "grapefruit", 75 ],
      [ "pear", 75 ],
      [ "cherries", 75 ],
      [ "plums", 75 ],
      [ "grapes", 75 ],
      [ "pineapple", 75 ]
    ]
  },
  {
    "id": "BL9_castle_melee",
    "type": "item_group",
    "items": [
      [ "hollow_cane", 2 ],
      [ "sword_cane", 2 ],
      [ "katana_fake", 8 ],
      [ "cutlass_fake", 8 ],
      [ "scimitar_fake", 10 ],
      [ "arming_sword_fake", 7 ],
      [ "broadsword_fake", 8 ],
      [ "longsword_fake", 8 ],
      [ "jian_fake", 8 ],
      [ "rapier_fake", 8 ],
      [ "cavalry_sabre_fake", 8 ],
      [ "estoc_fake", 5 ],
      [ "kris_fake", 8 ],
      [ "zweihander_fake", 6 ],
      [ "nodachi_fake", 6 ],
      [ "bullwhip", 6 ],
      [ "wakizashi_fake", 8 ],
      [ "halberd_fake", 6 ],
      [ "lucern_hammerfake", 4 ],
      [ "battleaxe_fake", 6 ],
      [ "mace_fake", 2 ],
      [ "morningstar_fake", 3 ]
    ]
  },
  {
    "id": "BL9_lore_journal",
    "type": "item_group",
	"subtype": "collection",
	"entries": [ { "item": "BL9_agent_journal1", "prob": 100 }, { "item": "BL9_agent_journal2", "prob": 100 }, { "item": "BL9_agent_journal3", "prob": 100 }, { "item": "BL9_agent_journal4", "prob": 100 }, { "item": "BL9_agent_journal5", "prob": 100 }, { "item": "BL9_agent_journal6", "prob": 100 }, { "item": "BL9_agent_journal7", "prob": 100 }, { "item": "BL9_agent_journal8", "prob": 100 }, { "item": "BL9_agent_journal9", "prob": 100 } ]
  },
  {
    "id": "BL9_lore_journal_patrol",
    "type": "item_group",
	"subtype": "collection",
    "entries": [ { "item": "BL9_guide_note3", "prob": 80 }, { "item": "BL9_guide_note4", "prob": 80 }, { "item": "BL9_guide_note5", "prob": 80 }, { "item": "BL9_agent_journal1", "prob": 45 }, { "item": "BL9_agent_journal2", "prob": 45 }, { "item": "BL9_agent_journal3", "prob": 45 }, { "item": "BL9_agent_journal4", "prob": 45 }, { "item": "BL9_agent_journal5", "prob": 45 }, { "item": "BL9_agent_journal6", "prob": 45 }, { "item": "BL9_agent_journal7", "prob": 45 }, { "item": "BL9_agent_journal8", "prob": 45 }, { "item": "BL9_agent_journal9", "prob": 45 } ]
  }
]
