[
  {
    "id": "9mmBL9mag",
    "type": "MAGAZINE",
    "name": { "str": "BL9 9mm magazine" },
    "description": "A plastic magazine made for BL9 9mm caliber ammo",
    "weight": "490 g",
    "volume": "500 ml",
    "price": 9920,
    "price_postapoc": 500,
    "material": [ "plastic" ],
    "symbol": "#",
    "color": "light_gray",
    "ammo_type": [ "9mmBL9_type", "9mm", "45", "22", "380" ],
    "capacity": 12,
    "reload_time": 125,
    "flags": [ "MAG_COMPACT" ],
    "pocket_data": [
      {
        "pocket_type": "MAGAZINE",
        "rigid": true,
        "ammo_restriction": { "9mmBL9_type": 12, "9mm": 12, "45": 12, "22": 12, "380": 12 }
      }
    ]
  },
  {
    "id": "9mmBL9mk2mag",
    "type": "MAGAZINE",
    "name": { "str": "BL9 9mm MK ii magazine" },
    "description": "A plastic magazine made for BL9 9mm MK ii caliber ammo",
    "weight": "490 g",
    "volume": "500 ml",
    "price": 9920,
    "price_postapoc": 500,
    "material": [ "plastic" ],
    "symbol": "#",
    "color": "light_gray",
    "ammo_type": [ "9mmBL9mk2_type", "9mm", "45", "22", "380" ],
    "capacity": 16,
    "reload_time": 110,
    "flags": [ "MAG_COMPACT" ],
    "pocket_data": [
      {
        "pocket_type": "MAGAZINE",
        "rigid": true,
        "ammo_restriction": { "9mmBL9mk2_type": 16, "9mm": 16, "45": 16, "22": 16, "380": 16 }
      }
    ]
  },
  {
    "id": "9mmBL9mk3mag",
    "type": "MAGAZINE",
    "name": { "str": "BL9 9mm MK iii magazine" },
    "description": "A plastic magazine made for BL9 9mm MK iii caliber ammo",
    "weight": "490 g",
    "volume": "500 ml",
    "price": 9920,
    "price_postapoc": 500,
    "material": [ "plastic" ],
    "symbol": "#",
    "color": "light_gray",
    "ammo_type": [ "9mmBL9mk2_type", "9mm", "45", "22", "380" ],
    "capacity": 20,
    "reload_time": 95,
    "flags": [ "MAG_COMPACT" ],
    "pocket_data": [
      {
        "pocket_type": "MAGAZINE",
        "rigid": true,
        "ammo_restriction": { "9mmBL9mk2_type": 20, "9mm": 20, "45": 20, "22": 20, "380": 20 }
      }
    ]
  },
  {
    "id": "9mmBL9smgmag",
    "type": "MAGAZINE",
    "name": { "str": "BL9 9mm smg magazine" },
    "description": "A plastic magazine made for BL9 9mm caliber smg ammo",
    "weight": "210 g",
    "volume": "500 ml",
    "price": 4700,
    "price_postapoc": 500,
    "material": [ "plastic" ],
    "symbol": "#",
    "color": "light_gray",
    "ammo_type": [ "9mmBL9smg_type", "9mm", "45", "22", "40" ],
    "capacity": 50,
    "reload_time": 125,
    "flags": [ "MAG_COMPACT" ],
    "pocket_data": [
      {
        "pocket_type": "MAGAZINE",
        "rigid": true,
        "ammo_restriction": { "9mmBL9smg_type": 50, "9mm": 50, "45": 50, "22": 50, "40": 50 }
      }
    ]
  },
  {
    "id": "9mmBL9smgmk2mag",
    "type": "MAGAZINE",
    "name": { "str": "BL9 9mm MK ii smg magazine" },
    "description": "A plastic magazine made for BL9 9mm MK ii caliber smg ammo",
    "weight": "210 g",
    "volume": "500 ml",
    "price": 4700,
    "price_postapoc": 500,
    "material": [ "plastic" ],
    "symbol": "#",
    "color": "light_gray",
    "ammo_type": [ "9mmBL9smgmk2_type", "9mm", "45", "22", "40" ],
    "capacity": 65,
    "reload_time": 110,
    "flags": [ "MAG_COMPACT" ],
    "pocket_data": [
      {
        "pocket_type": "MAGAZINE",
        "rigid": true,
        "ammo_restriction": { "9mmBL9smgmk2_type": 65, "9mm": 65, "45": 65, "22": 65, "40": 65 }
      }
    ]
  },
  {
    "id": "9mmBL9smgmk3mag",
    "type": "MAGAZINE",
    "name": { "str": "BL9 9mm MK iii smg magazine" },
    "description": "A plastic magazine made for BL9 9mm MK iii caliber smg ammo",
    "weight": "210 g",
    "volume": "500 ml",
    "price": 4700,
    "price_postapoc": 500,
    "material": [ "plastic" ],
    "symbol": "#",
    "color": "light_gray",
    "ammo_type": [ "9mmBL9smgmk2_type", "9mm", "45", "22", "40" ],
    "capacity": 80,
    "reload_time": 90,
    "flags": [ "MAG_COMPACT" ],
    "pocket_data": [
      {
        "pocket_type": "MAGAZINE",
        "rigid": true,
        "ammo_restriction": { "9mmBL9smgmk2_type": 80, "9mm": 80, "45": 80, "22": 80, "40": 80 }
      }
    ]
  },
  {
    "id": "308BL9mag",
    "type": "MAGAZINE",
    "name": { "str": "BL9 308 sniper magazine" },
    "description": "A plastic magazine made for BL9 308 caliber sniper rifle ammo",
    "weight": "105 g",
    "volume": "250 ml",
    "price": 2900,
    "price_postapoc": 100,
    "material": [ "plastic" ],
    "symbol": "#",
    "color": "light_gray",
    "ammo_type": [ "308BL9_type", "308", "3006" ],
    "capacity": 7,
    "reload_time": 175,
    "flags": [ "MAG_COMPACT" ],
    "pocket_data": [ { "pocket_type": "MAGAZINE", "rigid": true, "ammo_restriction": { "308BL9_type": 7, "308": 7, "3006": 7 } } ]
  },
  {
    "id": "308BL9mk2mag",
    "type": "MAGAZINE",
    "name": { "str": "BL9 308 MK ii sniper magazine" },
    "description": "A plastic magazine made for BL9 308 MK ii caliber sniper rifle ammo",
    "weight": "105 g",
    "volume": "250 ml",
    "price": 2900,
    "price_postapoc": 100,
    "material": [ "plastic" ],
    "symbol": "#",
    "color": "light_gray",
    "ammo_type": [ "308BL9mk2_type", "308", "3006" ],
    "capacity": 10,
    "reload_time": 160,
    "flags": [ "MAG_COMPACT" ],
    "pocket_data": [ { "pocket_type": "MAGAZINE", "rigid": true, "ammo_restriction": { "308BL9mk2_type": 10, "308": 10, "3006": 10 } } ]
  },
  {
    "id": "308BL9mk3mag",
    "type": "MAGAZINE",
    "name": { "str": "BL9 308 MK iii sniper magazine" },
    "description": "A plastic magazine made for BL9 308 MK iii caliber sniper rifle ammo",
    "weight": "105 g",
    "volume": "250 ml",
    "price": 2900,
    "price_postapoc": 100,
    "material": [ "plastic" ],
    "symbol": "#",
    "color": "light_gray",
    "ammo_type": [ "308BL9mk2_type", "308", "3006" ],
    "capacity": 14,
    "reload_time": 140,
    "flags": [ "MAG_COMPACT" ],
    "pocket_data": [ { "pocket_type": "MAGAZINE", "rigid": true, "ammo_restriction": { "308BL9mk2_type": 14, "308": 14, "3006": 14 } } ]
  },
  {
    "id": "556223BL9mag",
    "type": "MAGAZINE",
    "name": { "str": "BL9 556/223 automatic magazine" },
    "description": "A plastic magazine for BL9 556 and 223 caliber automatic rifle ammo",
    "weight": "105 g",
    "volume": "250 ml",
    "price": 2900,
    "price_postapoc": 100,
    "material": [ "plastic" ],
    "symbol": "#",
    "color": "light_gray",
    "ammo_type": [ "556BL9_type", "223" ],
    "capacity": 30,
    "reload_time": 140,
    "flags": [ "MAG_COMPACT" ],
    "pocket_data": [ { "pocket_type": "MAGAZINE", "rigid": true, "ammo_restriction": { "556BL9_type": 30, "223": 30 } } ]
  },
  {
    "id": "556223BL9mk2mag",
    "type": "MAGAZINE",
    "name": { "str": "BL9 556/223 MK ii automatic magazine" },
    "description": "A plastic magazine for BL9 556 and 223 MK ii caliber automatic rifle ammo",
    "weight": "105 g",
    "volume": "250 ml",
    "price": 2900,
    "price_postapoc": 100,
    "material": [ "plastic" ],
    "symbol": "#",
    "color": "light_gray",
    "ammo_type": [ "556BL9mk2_type", "223" ],
    "capacity": 45,
    "reload_time": 125,
    "flags": [ "MAG_COMPACT" ],
    "pocket_data": [ { "pocket_type": "MAGAZINE", "rigid": true, "ammo_restriction": { "556BL9mk2_type": 45, "223": 45 } } ]
  },
  {
    "id": "556223BL9mk3mag",
    "type": "MAGAZINE",
    "name": { "str": "BL9 556/223 MK iii automatic magazine" },
    "description": "A plastic magazine for BL9 556 and 223 MK iii caliber automatic rifle ammo",
    "weight": "105 g",
    "volume": "250 ml",
    "price": 2900,
    "price_postapoc": 100,
    "material": [ "plastic" ],
    "symbol": "#",
    "color": "light_gray",
    "ammo_type": [ "556BL9mk2_type", "223" ],
    "capacity": 60,
    "reload_time": 110,
    "flags": [ "MAG_COMPACT" ],
    "pocket_data": [ { "pocket_type": "MAGAZINE", "rigid": true, "ammo_restriction": { "556BL9mk2_type": 60, "223": 60 } } ]
  },
  {
    "id": "tank_BL9",
    "type": "MAGAZINE",
    "name": { "str": "BL9 tank" },
    "description": "A makeshift 2L canister containing a living liquified BL9 that is very acidic, may be used in a makeshift `BL9-thrower`",
    "weight": "800 g",
    "volume": "2 L",
    "price": 5000,
    "price_postapoc": 50,
    "material": [ "steel" ],
    "symbol": "#",
    "color": "light_gray",
    "ammo_type": [ "BL9spray_type" ],
    "capacity": 500,
    "reload_time": 3,
    "pocket_data": [ { "pocket_type": "MAGAZINE", "rigid": true, "ammo_restriction": { "BL9spray_type": 500 }, "watertight": true } ]
  },
  {
    "id": "tank_BL9_mk2",
    "type": "MAGAZINE",
    "name": { "str": "BL9 enhanced tank" },
    "description": "A makeshift 2L canister containing an even more corrosive living liquified BL9 that has very strong acidic properties, may be used in a makeshift `BL9-thrower`",
    "weight": "800 g",
    "volume": "2 L",
    "price": 5000,
    "price_postapoc": 50,
    "material": [ "steel" ],
    "symbol": "#",
    "color": "light_gray",
    "ammo_type": [ "BL9spraymk2_type" ],
    "capacity": 600,
    "reload_time": 3,
    "pocket_data": [ { "pocket_type": "MAGAZINE", "rigid": true, "ammo_restriction": { "BL9spraymk2_type": 600 }, "watertight": true } ]
  },
  {
    "id": "tank_BL9_mk3",
    "type": "MAGAZINE",
    "name": { "str": "BL9 super resistant tank" },
    "description": "A makeshift 2L canister containing an incredibly corrosive living liquified BL9 that has very lethal and dangerous caustic properties, may be used in a makeshift `BL9-thrower`",
    "weight": "800 g",
    "volume": "2 L",
    "price": 5000,
    "price_postapoc": 50,
    "material": [ "steel" ],
    "symbol": "#",
    "color": "light_gray",
    "ammo_type": [ "BL9spraymk2_type" ],
    "capacity": 800,
    "reload_time": 3,
    "pocket_data": [ { "pocket_type": "MAGAZINE", "rigid": true, "ammo_restriction": { "BL9spraymk2_type": 800 }, "watertight": true } ]
  },
  {
    "id": "40BL9mag",
    "type": "MAGAZINE",
    "name": { "str": "BL9 launcher magazine" },
    "description": "An elaborately constructed but quite bulky magazine for BL9 launcher to launch unstable bits of BL9 - 'BL9 bomblets' ",
    "weight": "400 g",
    "volume": "590 ml",
    "price": 0,
    "price_postapoc": 0,
    "material": [ "plastic" ],
    "symbol": "#",
    "color": "light_gray",
    "ammo_type": [ "40mmBL9_type", "40x46mm" ],
    "capacity": 5,
    "flags": [ "MAG_BULKY" ],
    "pocket_data": [ { "pocket_type": "MAGAZINE", "rigid": true, "ammo_restriction": { "40mmBL9_type": 5, "40x46mm": 5 } } ]
  },
  {
    "id": "40_BL9mk2mag",
    "type": "MAGAZINE",
    "name": { "str": "BL9 launcher MK ii magazine" },
    "description": "An elaborately constructed but quite bulky magazine for BL9 launcher mk2 to launch very unstable bits of BL9 - 'BL9 bombs' ",
    "weight": "600 g",
    "volume": "790 ml",
    "price": 0,
    "price_postapoc": 0,
    "material": [ "plastic" ],
    "symbol": "#",
    "color": "light_gray",
    "ammo_type": [ "40mmBL9mk2_type", "40x46mm" ],
    "capacity": 7,
    "flags": [ "MAG_BULKY" ],
    "pocket_data": [ { "pocket_type": "MAGAZINE", "rigid": true, "ammo_restriction": { "40mmBL9mk2_type": 7, "40x46mm": 7 } } ]
  },
  {
    "id": "40_BL9mk3mag",
    "type": "MAGAZINE",
    "name": { "str": "BL9 launcher MK iii magazine" },
    "description": "An elaborately constructed but quite bulky magazine for BL9 launcher mk3 to launch incredibly unstable seeming to be eager to explode bits of BL9 - 'BL9 megabomblets' ",
    "weight": "600 g",
    "volume": "790 ml",
    "price": 0,
    "price_postapoc": 0,
    "material": [ "plastic" ],
    "symbol": "#",
    "color": "light_gray",
    "ammo_type": [ "40mmBL9mk2_type", "40x46mm" ],
    "capacity": 10,
    "flags": [ "MAG_BULKY" ],
    "pocket_data": [ { "pocket_type": "MAGAZINE", "rigid": true, "ammo_restriction": { "40mmBL9mk2_type": 10, "40x46mm": 10 } } ]
  }
]
