[
  {
    "type": "material",
    "ident": "BL9",
    "name": "BL9",
    "density": 6,
    "bash_resist": 12,
    "cut_resist": 19,
    "acid_resist": 10,
    "fire_resist": 15,
    "elec_resist": 14,
    "chip_resist": 23,
    "bullet_resist": 25,
    "repaired_with": "BL9_sample",
    "salvaged_into": "BL9_chunk",
    "dmg_adj": [ "scratched", "cut", "cracked", "shattered" ],
    "bash_dmg_verb": "dented",
    "cut_dmg_verb": "gouged",
    "burn_products": [ [ "slime_scrap", 1 ] ]
  },
  {
    "type": "material",
    "ident": "BL9_mid1",
    "name": "BL9 mid1",
    "density": 6,
    "bash_resist": 14,
    "cut_resist": 12,
    "acid_resist": 10,
    "fire_resist": 15,
    "elec_resist": 14,
    "chip_resist": 18,
    "bullet_resist": 19,
    "repaired_with": "BL9_sample",
    "salvaged_into": "BL9_chunk",
    "dmg_adj": [ "scratched", "cut", "cracked", "shattered" ],
    "bash_dmg_verb": "dented",
    "cut_dmg_verb": "gouged",
    "burn_products": [ [ "slime_scrap", 1 ] ]
  },
  {
    "type": "material",
    "ident": "BL9_mid2",
    "name": "BL9 mid2",
    "density": 6,
    "bash_resist": 18,
    "cut_resist": 17,
    "acid_resist": 10,
    "fire_resist": 15,
    "elec_resist": 14,
    "chip_resist": 18,
    "bullet_resist": 21,
    "repaired_with": "BL9_sample",
    "salvaged_into": "BL9_chunk",
    "dmg_adj": [ "scratched", "cut", "cracked", "shattered" ],
    "bash_dmg_verb": "dented",
    "cut_dmg_verb": "gouged",
    "burn_products": [ [ "slime_scrap", 1 ] ]
  },
  {
    "type": "material",
    "ident": "BL9_mk2",
    "name": "BL9 MK ii",
    "density": 8,
    "bash_resist": 33,
    "cut_resist": 42,
    "acid_resist": 15,
    "fire_resist": 21,
    "elec_resist": 15,
    "chip_resist": 35,
    "bullet_resist": 38,
    "repaired_with": "BL9_sample",
    "salvaged_into": "BL9_chunkmk2",
    "dmg_adj": [ "scratched", "cut", "cracked", "shattered" ],
    "bash_dmg_verb": "dented",
    "cut_dmg_verb": "gouged",
    "burn_products": [ [ "slime_scrap", 10 ] ]
  },
  {
    "type": "material",
    "ident": "BL9_mk2_mid1",
    "name": "BL9 MK ii mid1",
    "density": 8,
    "bash_resist": 17,
    "cut_resist": 18,
    "acid_resist": 15,
    "fire_resist": 21,
    "elec_resist": 15,
    "chip_resist": 35,
    "bullet_resist": 17,
    "repaired_with": "BL9_sample",
    "salvaged_into": "BL9_chunkmk2",
    "dmg_adj": [ "scratched", "cut", "cracked", "shattered" ],
    "bash_dmg_verb": "dented",
    "cut_dmg_verb": "gouged",
    "burn_products": [ [ "slime_scrap", 10 ] ]
  },
  {
    "type": "material",
    "ident": "BL9_mk2_mid2",
    "name": "BL9 MK ii mid2",
    "density": 8,
    "bash_resist": 19,
    "cut_resist": 20,
    "acid_resist": 15,
    "fire_resist": 21,
    "elec_resist": 15,
    "chip_resist": 35,
    "bullet_resist": 19,
    "repaired_with": "BL9_sample",
    "salvaged_into": "BL9_chunkmk2",
    "dmg_adj": [ "scratched", "cut", "cracked", "shattered" ],
    "bash_dmg_verb": "dented",
    "cut_dmg_verb": "gouged",
    "burn_products": [ [ "slime_scrap", 10 ] ]
  }
]
