[
  {
    "type": "mod_tileset",
    "compatibility": [
      "MshockXottoplus",
      "MSX++DEAD_PEOPLE",
      "UNDEAD_PEOPLE",
      "UNDEAD_PEOPLE_BASE",
      "UltimateCataclysm",
      "UltimateCataclysmDemo"
    ],
    "tiles-new": [
      {
        "file": "mod_tileset/terrain32x32.png",
        "tiles": [
          {
            "id": "t_uniqmazing_fl_red",
            "fg": 0,
            "multitile": true,
            "additional_tiles": [
              { "id": "center", "fg": 0 },
              { "id": "corner", "fg": [ 1, 2, 3, 4 ] },
              { "id": "t_connection", "fg": [ 5, 6, 7, 8 ] },
              { "id": "edge", "fg": [ 9, 10 ] },
              { "id": "end_piece", "fg": [ 11, 12, 13, 14 ] },
              { "id": "unconnected", "fg": 15 }
            ],
            "rotates": true
          },
          {
            "id": "t_uniqmazing_fl_azurblue",
            "fg": 16,
            "multitile": true,
            "additional_tiles": [
              { "id": "center", "fg": 16 },
              { "id": "corner", "fg": [ 17, 18, 19, 20 ] },
              { "id": "t_connection", "fg": [ 21, 22, 23, 24 ] },
              { "id": "edge", "fg": [ 25, 26 ] },
              { "id": "end_piece", "fg": [ 27, 28, 29, 30 ] },
              { "id": "unconnected", "fg": 31 }
            ],
            "rotates": true
          },
          {
            "id": "t_uniqmazing_fl_limegreen",
            "fg": 32,
            "multitile": true,
            "additional_tiles": [
              { "id": "center", "fg": 32 },
              { "id": "corner", "fg": [ 33, 34, 35, 36 ] },
              { "id": "t_connection", "fg": [ 37, 38, 39, 40 ] },
              { "id": "edge", "fg": [ 41, 42 ] },
              { "id": "end_piece", "fg": [ 43, 44, 45, 46 ] },
              { "id": "unconnected", "fg": 48 }
            ],
            "rotates": true
          },
          {
            "id": "t_uniqmazing_fl_purple",
            "fg": 49,
            "multitile": true,
            "additional_tiles": [
              { "id": "center", "fg": 49 },
              { "id": "corner", "fg": [ 49, 50, 51, 52 ] },
              { "id": "t_connection", "fg": [ 53, 54, 55, 56 ] },
              { "id": "edge", "fg": [ 57, 58 ] },
              { "id": "end_piece", "fg": [ 59, 60, 61, 62 ] },
              { "id": "unconnected", "fg": 63 }
            ],
            "rotates": true
          },
          {
            "id": "t_uniqmazing_fl_cyan",
            "fg": 64,
            "multitile": true,
            "additional_tiles": [
              { "id": "center", "fg": 64 },
              { "id": "corner", "fg": [ 65, 66, 67, 68 ] },
              { "id": "t_connection", "fg": [ 69, 70, 71, 72 ] },
              { "id": "edge", "fg": [ 73, 74 ] },
              { "id": "end_piece", "fg": [ 75, 76, 77, 78 ] },
              { "id": "unconnected", "fg": 79 }
            ],
            "rotates": true
          },
          {
            "id": "t_uniqmazing_fl_orange",
            "fg": 80,
            "multitile": true,
            "additional_tiles": [
              { "id": "center", "fg": 80 },
              { "id": "corner", "fg": [ 81, 82, 83, 84 ] },
              { "id": "t_connection", "fg": [ 85, 86, 87, 88 ] },
              { "id": "edge", "fg": [ 89, 90 ] },
              { "id": "end_piece", "fg": [ 91, 92, 93, 94 ] },
              { "id": "unconnected", "fg": 95 }
            ],
            "rotates": true
          },
          {
            "id": "t_uniqmazing_fl_black",
            "fg": 96,
            "multitile": true,
            "additional_tiles": [
              { "id": "center", "fg": 96 },
              { "id": "corner", "fg": [ 97, 98, 99, 100 ] },
              { "id": "t_connection", "fg": [ 101, 102, 103, 104 ] },
              { "id": "edge", "fg": [ 105, 106 ] },
              { "id": "end_piece", "fg": [ 107, 108, 109, 110 ] },
              { "id": "unconnected", "fg": 111 }
            ],
            "rotates": true
          },
          {
            "id": "t_uniqmazing_fl_yellow",
            "fg": 112,
            "multitile": true,
            "additional_tiles": [
              { "id": "center", "fg": 112 },
              { "id": "corner", "fg": [ 113, 114, 115, 116 ] },
              { "id": "t_connection", "fg": [ 117, 118, 119, 120 ] },
              { "id": "edge", "fg": [ 121, 122 ] },
              { "id": "end_piece", "fg": [ 123, 124, 125, 126 ] },
              { "id": "unconnected", "fg": 127 }
            ],
            "rotates": true
          },
          {
            "id": "t_uniqmazing_fl_corral",
            "fg": 128,
            "multitile": true,
            "additional_tiles": [
              { "id": "center", "fg": 128 },
              { "id": "corner", "fg": [ 129, 130, 131, 132 ] },
              { "id": "t_connection", "fg": [ 133, 134, 135, 136 ] },
              { "id": "edge", "fg": [ 137, 138 ] },
              { "id": "end_piece", "fg": [ 139, 140, 141, 142 ] },
              { "id": "unconnected", "fg": 143 }
            ],
            "rotates": true
          },
          {
            "id": "t_uniqmazing_fl_sandbrown",
            "fg": 144,
            "multitile": true,
            "additional_tiles": [
              { "id": "center", "fg": 144 },
              { "id": "corner", "fg": [ 145, 146, 148, 149 ] },
              { "id": "t_connection", "fg": [ 149, 150, 151, 152 ] },
              { "id": "edge", "fg": [ 153, 154 ] },
              { "id": "end_piece", "fg": [ 155, 156, 157, 158 ] },
              { "id": "unconnected", "fg": 159 }
            ],
            "rotates": true
          },
          {
            "id": "t_uniqmazing_liq_red",
            "fg": 160,
            "multitile": true,
            "additional_tiles": [
              { "id": "center", "fg": 160 },
              { "id": "corner", "fg": [ 161, 162, 163, 164 ] },
              { "id": "t_connection", "fg": [ 165, 166, 167, 168 ] },
              { "id": "edge", "fg": [ 169, 170 ] },
              { "id": "end_piece", "fg": [ 171, 172, 173, 174 ] },
              { "id": "unconnected", "fg": 175 }
            ],
            "rotates": true
          },
          {
            "id": "t_uniqmazing_liq_azureblue",
            "fg": 176,
            "multitile": true,
            "additional_tiles": [
              { "id": "center", "fg": 176 },
              { "id": "corner", "fg": [ 177, 178, 179, 180 ] },
              { "id": "t_connection", "fg": [ 181, 182, 183, 184 ] },
              { "id": "edge", "fg": [ 185, 186 ] },
              { "id": "end_piece", "fg": [ 187, 188, 189, 190 ] },
              { "id": "unconnected", "fg": 191 }
            ],
            "rotates": true
          },
          {
            "id": "t_uniqmazing_liq_limegreen",
            "fg": 192,
            "multitile": true,
            "additional_tiles": [
              { "id": "center", "fg": 192 },
              { "id": "corner", "fg": [ 193, 194, 195, 196 ] },
              { "id": "t_connection", "fg": [ 197, 198, 199, 200 ] },
              { "id": "edge", "fg": [ 201, 202 ] },
              { "id": "end_piece", "fg": [ 203, 204, 205, 206 ] },
              { "id": "unconnected", "fg": 207 }
            ],
            "rotates": true
          },
          {
            "id": "t_uniqmazing_liq_purple",
            "fg": 208,
            "multitile": true,
            "additional_tiles": [
              { "id": "center", "fg": 208 },
              { "id": "corner", "fg": [ 209, 210, 211, 212 ] },
              { "id": "t_connection", "fg": [ 213, 214, 215, 216 ] },
              { "id": "edge", "fg": [ 217, 218 ] },
              { "id": "end_piece", "fg": [ 219, 220, 221, 222 ] },
              { "id": "unconnected", "fg": 223 }
            ],
            "rotates": true
          },
          {
            "id": "t_uniqmazing_liq_cyan",
            "fg": 224,
            "multitile": true,
            "additional_tiles": [
              { "id": "center", "fg": 224 },
              { "id": "corner", "fg": [ 225, 226, 227, 228 ] },
              { "id": "t_connection", "fg": [ 229, 230, 231, 232 ] },
              { "id": "edge", "fg": [ 233, 234 ] },
              { "id": "end_piece", "fg": [ 235, 236, 237, 2328 ] },
              { "id": "unconnected", "fg": 239 }
            ],
            "rotates": true
          },
          {
            "id": "t_uniqmazing_liq_orange",
            "fg": 240,
            "multitile": true,
            "additional_tiles": [
              { "id": "center", "fg": 240 },
              { "id": "corner", "fg": [ 241, 242, 243, 244 ] },
              { "id": "t_connection", "fg": [ 245, 246, 248, 249 ] },
              { "id": "edge", "fg": [ 249, 250 ] },
              { "id": "end_piece", "fg": [ 251, 252, 253, 254 ] },
              { "id": "unconnected", "fg": 255 }
            ],
            "rotates": true
          },
          {
            "id": "t_uniqmazing_liq_black",
            "fg": 256,
            "multitile": true,
            "additional_tiles": [
              { "id": "center", "fg": 256 },
              { "id": "corner", "fg": [ 257, 258, 259, 260 ] },
              { "id": "t_connection", "fg": [ 261, 262, 263, 264 ] },
              { "id": "edge", "fg": [ 265, 266 ] },
              { "id": "end_piece", "fg": [ 267, 268, 269, 270 ] },
              { "id": "unconnected", "fg": 271 }
            ],
            "rotates": true
          },
          {
            "id": "t_uniqmazing_liq_yellow",
            "fg": 272,
            "multitile": true,
            "additional_tiles": [
              { "id": "center", "fg": 272 },
              { "id": "corner", "fg": [ 273, 274, 275, 276 ] },
              { "id": "t_connection", "fg": [ 277, 278, 279, 280 ] },
              { "id": "edge", "fg": [ 281, 282 ] },
              { "id": "end_piece", "fg": [ 283, 284, 285, 286 ] },
              { "id": "unconnected", "fg": 287 }
            ],
            "rotates": true
          },
          {
            "id": "t_uniqmazing_liq_corral",
            "fg": 288,
            "multitile": true,
            "additional_tiles": [
              { "id": "center", "fg": 288 },
              { "id": "corner", "fg": [ 289, 290, 291, 292 ] },
              { "id": "t_connection", "fg": [ 293, 294, 295, 296 ] },
              { "id": "edge", "fg": [ 297, 298 ] },
              { "id": "end_piece", "fg": [ 299, 300, 301, 302 ] },
              { "id": "unconnected", "fg": 303 }
            ],
            "rotates": true
          },
          {
            "id": "t_uniqmazing_liq_sandbrown",
            "fg": 304,
            "multitile": true,
            "additional_tiles": [
              { "id": "center", "fg": 304 },
              { "id": "corner", "fg": [ 305, 306, 307, 308 ] },
              { "id": "t_connection", "fg": [ 309, 310, 311, 312 ] },
              { "id": "edge", "fg": [ 313, 314 ] },
              { "id": "end_piece", "fg": [ 315, 316, 317, 318 ] },
              { "id": "unconnected", "fg": 319 }
            ],
            "rotates": true
          },
          {
            "id": "t_uniqmazing_wl_red",
            "fg": 320,
            "multitile": true,
            "additional_tiles": [
              { "id": "center", "fg": 320 },
              { "id": "corner", "fg": [ 321, 322, 323, 324 ] },
              { "id": "t_connection", "fg": [ 325, 326, 327, 328 ] },
              { "id": "edge", "fg": [ 329, 330 ] },
              { "id": "end_piece", "fg": [ 331, 332, 333, 334 ] },
              { "id": "unconnected", "fg": 335 }
            ],
            "rotates": true
          },
          {
            "id": "t_uniqmazing_wl_azureblue",
            "fg": 336,
            "multitile": true,
            "additional_tiles": [
              { "id": "center", "fg": 336 },
              { "id": "corner", "fg": [ 337, 338, 339, 340 ] },
              { "id": "t_connection", "fg": [ 341, 342, 343, 344 ] },
              { "id": "edge", "fg": [ 345, 346 ] },
              { "id": "end_piece", "fg": [ 348, 349, 349, 350 ] },
              { "id": "unconnected", "fg": 351 }
            ],
            "rotates": true
          },
          {
            "id": "t_uniqmazing_wl_limegreen",
            "fg": 352,
            "multitile": true,
            "additional_tiles": [
              { "id": "center", "fg": 352 },
              { "id": "corner", "fg": [ 353, 354, 355, 356 ] },
              { "id": "t_connection", "fg": [ 357, 358, 359, 360 ] },
              { "id": "edge", "fg": [ 361, 362 ] },
              { "id": "end_piece", "fg": [ 363, 364, 365, 366 ] },
              { "id": "unconnected", "fg": 367 }
            ],
            "rotates": true
          },
          {
            "id": "t_uniqmazing_wl_purple",
            "fg": 368,
            "multitile": true,
            "additional_tiles": [
              { "id": "center", "fg": 368 },
              { "id": "corner", "fg": [ 369, 370, 371, 372 ] },
              { "id": "t_connection", "fg": [ 373, 374, 375, 376 ] },
              { "id": "edge", "fg": [ 377, 378 ] },
              { "id": "end_piece", "fg": [ 379, 380, 381, 382 ] },
              { "id": "unconnected", "fg": 383 }
            ],
            "rotates": true
          },
          {
            "id": "t_uniqmazing_wl_cyan",
            "fg": 384,
            "multitile": true,
            "additional_tiles": [
              { "id": "center", "fg": 384 },
              { "id": "corner", "fg": [ 385, 386, 387, 388 ] },
              { "id": "t_connection", "fg": [ 389, 390, 391, 392 ] },
              { "id": "edge", "fg": [ 393, 394 ] },
              { "id": "end_piece", "fg": [ 395, 396, 397, 398 ] },
              { "id": "unconnected", "fg": 399 }
            ],
            "rotates": true
          },
          {
            "id": "t_uniqmazing_wl_orange",
            "fg": 400,
            "multitile": true,
            "additional_tiles": [
              { "id": "center", "fg": 400 },
              { "id": "corner", "fg": [ 401, 402, 403, 404 ] },
              { "id": "t_connection", "fg": [ 405, 406, 407, 408 ] },
              { "id": "edge", "fg": [ 409, 410 ] },
              { "id": "end_piece", "fg": [ 411, 412, 413, 414 ] },
              { "id": "unconnected", "fg": 415 }
            ],
            "rotates": true
          },
          {
            "id": "t_uniqmazing_wl_black",
            "fg": 416,
            "multitile": true,
            "additional_tiles": [
              { "id": "center", "fg": 416 },
              { "id": "corner", "fg": [ 417, 418, 419, 420 ] },
              { "id": "t_connection", "fg": [ 421, 422, 423, 424 ] },
              { "id": "edge", "fg": [ 425, 426 ] },
              { "id": "end_piece", "fg": [ 427, 428, 429, 430 ] },
              { "id": "unconnected", "fg": 431 }
            ],
            "rotates": true
          },
          {
            "id": "t_uniqmazing_wl_yellow",
            "fg": 432,
            "multitile": true,
            "additional_tiles": [
              { "id": "center", "fg": 432 },
              { "id": "corner", "fg": [ 433, 434, 435, 436 ] },
              { "id": "t_connection", "fg": [ 437, 438, 439, 440 ] },
              { "id": "edge", "fg": [ 441, 442 ] },
              { "id": "end_piece", "fg": [ 443, 444, 445, 446 ] },
              { "id": "unconnected", "fg": 448 }
            ],
            "rotates": true
          },
          {
            "id": "t_uniqmazing_wl_corral",
            "fg": 448,
            "multitile": true,
            "additional_tiles": [
              { "id": "center", "fg": 448 },
              { "id": "corner", "fg": [ 449, 450, 451, 452 ] },
              { "id": "t_connection", "fg": [ 453, 454, 455, 456 ] },
              { "id": "edge", "fg": [ 457, 458 ] },
              { "id": "end_piece", "fg": [ 459, 460, 461, 462 ] },
              { "id": "unconnected", "fg": 463 }
            ],
            "rotates": true
          },
          {
            "id": "t_uniqmazing_wl_sandbrown",
            "fg": 464,
            "multitile": true,
            "additional_tiles": [
              { "id": "center", "fg": 464 },
              { "id": "corner", "fg": [ 465, 466, 467, 468 ] },
              { "id": "t_connection", "fg": [ 469, 470, 471, 472 ] },
              { "id": "edge", "fg": [ 473, 474 ] },
              { "id": "end_piece", "fg": [ 475, 476, 477, 478 ] },
              { "id": "unconnected", "fg": 479 }
            ],
            "rotates": true
          },
          {
            "id": "t_uniqmazing_wl_lava",
            "fg": 480,
            "multitile": true,
            "additional_tiles": [
              { "id": "center", "fg": 480 },
              { "id": "corner", "fg": [ 481, 482, 483, 484 ] },
              { "id": "t_connection", "fg": [ 485, 486, 487, 488 ] },
              { "id": "edge", "fg": [ 489, 490 ] },
              { "id": "end_piece", "fg": [ 491, 492, 493, 494 ] },
              { "id": "unconnected", "fg": 495 }
            ],
            "rotates": true
          }
        ]
      }
    ]
  }
]
