[
  {
    "id": "mon_dr_gonzalez",
    "looks_like": "mon_zombie_survivor",
    "type": "MONSTER",
    "name": { "str": "Dr.Gonzalez" },
    "description": "A tall male figure in tattered blooded, mudded clothes of a rural farmer wearing a burlap sack over his head with two holes in it in the place of eyes, his gaping wide eyes filled with anger and malice can be seen even from long distance, whirring of his chainsaw can be evidently heard, the sound of it sends chills down your spine",
    "species": [ "ZOMBIE", "HUMAN" ],
    "categories": [ "ZOMBIE" ],
    "default_faction": "BL9_cultists",
    "bodytype": "human",
    "symbol": "D",
    "color": "red",
    "volume": "62000 ml",
    "weight": "70000 g",
    "material": [ "flesh" ],
    "aggression": 100,
    "morale": 100,
    "speed": 75,
    "attack_effs": [ { "id": "BL9_bleed_immun", "duration": 15, "bp": "torso" } ],
    "melee_damage": [ { "damage_type": "cut", "amount": 5, "armor_penetration": 10 } ],
    "melee_skill": 6,
    "melee_dice": 1,
    "melee_dice_sides": 1,
    "melee_cut": 1,
    "dodge": 3,
    "armor_bash": 8,
    "armor_cut": 8,
    "armor_bullet": 8,
    "vision_day": 30,
    "vision_night": 5,
    "death_drops": "BL9_Drops_Cult",
    "luminance": 0,
    "hp": 191,
    "death_function": [ "NORMAL" ],
    "flags": [ "SEES", "GRABS", "SMELLS", "HEARS", "BASHES", "GOODHEARING", "STUMBLES", "WARM", "FILTHY", "NO_BREATHE", "REVIVES" ],
    "anger_triggers": [ "PLAYER_CLOSE", "HURT" ],
    "harvest": "zombie",
    "special_attacks": [ [ "PARROT", 5 ], { "id": "chainsaw_swing" }, { "id": "chainsaw_thrust" } ]
  },
  {
    "id": "mon_BL9_giant",
    "looks_like": "mon_zombie_hulk",
    "type": "MONSTER",
    "name": { "str": "BL9 Giant" },
    "description": "A result of one of many horrible inhumane and devilish experiments conducted by 'THEM' - 23 feet tall giant buff humanoid that has basically lost all of it's intelligence and was so unsafe and violent that the cult had to isolate them and keep them locked up in some distant inaccessible areas in giant cages",
    "default_faction": "BL9_cultists",
    "bodytype": "human",
    "species": [ "ZOMBIE", "HUMAN" ],
    "diff": 5,
    "volume": "1875 L",
    "weight": "400 kg",
    "hp": 405,
    "speed": 70,
    "attack_effs": [ { "id": "BL9_bleed_immun", "duration": 15, "bp": "torso" } ],
    "melee_damage": [ { "damage_type": "bash", "amount": 5, "armor_penetration": 10 } ],
    "material": [ "flesh" ],
    "symbol": "Z",
    "color": "white_magenta",
    "aggression": 100,
    "morale": 100,
    "melee_skill": 6,
    "melee_dice": 1,
    "melee_dice_sides": 1,
    "melee_cut": 1,
    "dodge": 2,
    "armor_bash": 9,
    "armor_cut": 9,
    "armor_bullet": 9,
    "vision_day": 50,
    "vision_night": 4,
    "harvest": "zombie",
    "special_attacks": [
      { "id": "crushing_blow" },
      {
        "type": "spell",
        "spell_data": { "id": "mon_giant_random" },
        "cooldown": 17,
        "monster_message": "<color_red>%1$s is going wild at %3$s!</color>"
      },
      [ "SMASH", 17 ],
      [ "BIO_OP_TAKEDOWN", 22 ]
    ],
    "death_drops": "mon_zombie_hulk_death_drops",
    "death_function": [ "NORMAL" ],
    "flags": [
      "SEES",
      "HEARS",
      "SMELLS",
      "STUMBLES",
      "WARM",
      "BASHES",
      "DESTROYS",
      "POISON",
      "ATTACKMON",
      "NO_BREATHE",
      "REVIVES",
      "PUSH_MON",
      "PUSH_VEH",
      "FILTHY"
    ]
  },
  {
    "id": "mon_blind_clawer",
    "looks_like": "mon_zombie_predator",
    "type": "MONSTER",
    "name": { "str": "Blind Clawer" },
    "description": "Tall augmented human host of the BL9, they call it 'The Clawer' due to it being armed with razor sharp mechanical claws that it's capable of activating at will, in order to constrain indiscriminate killing power, it's eyelids were stitched together, though it's loss of sight led to increased hearing making them formidable opponents even when blind",
    "default_faction": "BL9_cultists",
    "bodytype": "human",
    "species": [ "ZOMBIE", "HUMAN" ],
    "volume": "62500 ml",
    "weight": "81500 g",
    "hp": 220,
    "speed": 100,
    "attack_effs": [ { "id": "BL9_bleed_immun", "duration": 15, "bp": "torso" } ],
    "melee_damage": [ { "damage_type": "cut", "amount": 6, "armor_penetration": 12 } ],
    "material": [ "flesh" ],
    "symbol": "Z",
    "color": "brown_green",
    "aggression": 100,
    "morale": 100,
    "melee_skill": 6,
    "melee_dice": 1,
    "melee_dice_sides": 1,
    "melee_cut": 1,
    "dodge": 3,
    "armor_bash": 8,
    "armor_cut": 8,
    "vision_day": 45,
    "vision_night": 15,
    "harvest": "zombie",
    "emit_fields": [ "emit_clawer_blind" ],
    "path_settings": { "max_dist": 5 },
    "special_attacks": [
      [ "PARROT", 5 ],
      {
        "type": "spell",
        "spell_data": { "id": "mon_clawer_charge_target_random" },
        "cooldown": 17,
        "monster_message": "<color_red>%1$s charges at %3$s!</color>"
      },
      { "id": "impale" },
      {
        "type": "monster_attack",
        "attack_type": "melee",
        "cooldown": 12,
        "move_cost": 100,
        "damage_max_instance": [ { "damage_type": "cut", "amount": 14, "armor_penetration": 18 } ],
        "hit_dmg_u": "The %1$s swings its claws at you!",
        "hit_dmg_npc": "The %1$s swings its claws at <npcname>!",
        "no_dmg_msg_u": "The %1$s tries to swing its claws at you, but fails to penetrate your armor!",
        "no_dmg_msg_npc": "The %1$s tries to swings its claws at <npcname>, but fails to penetrate their armor!",
        "miss_msg_u": "The %s swings its claws at you, but you dodge!",
        "miss_msg_npc": "The %s swings its claws at <npcname>, but they dodge!"
      }
    ],
    "death_drops": "BL9_Drops_Clawer",
    "death_function": [ "NORMAL" ],
    "flags": [ "SEES", "HEARS", "SMELLS", "WARM", "BASHES", "POISON", "NO_BREATHE", "REVIVES", "PUSH_MON", "FILTHY" ]
  },
  {
    "id": "mon_BL9_assassin",
    "looks_like": "mon_alpha_razorclaw",
    "type": "MONSTER",
    "name": "The Assassin",
    "description": "A reptile-like mutant with highly resistant scales and a long, double-edged tail. Aside from its nimble and deadly assaults, it can also blend with the surroundings, if conditions are met.",
    "default_faction": "BL9_cultists",
    "species": [ "MUTANT", "ZOMBIE" ],
    "volume": "62500 ml",
    "weight": "81500 g",
    "hp": 435,
    "speed": 115,
    "attack_effs": [ { "id": "BL9_bleed_immun", "duration": 15, "bp": "torso" } ],
    "melee_damage": [
      { "damage_type": "stab", "amount": 5, "armor_penetration": 7 },
      { "damage_type": "cut", "amount": 4, "armor_penetration": 7 }
    ],
    "material": [ "flesh" ],
    "symbol": "☦",
    "color": "dark_gray",
    "aggression": 100,
    "morale": 100,
    "melee_skill": 7,
    "melee_dice": 1,
    "harvest": "zombie",
    "melee_dice_sides": 1,
    "melee_cut": 1,
    "dodge": 4,
    "armor_bash": 10,
    "armor_cut": 15,
    "armor_bullet": 15,
    "death_function": [ "NORMAL" ],
    "death_drops": "BL9_Drops_Assassin",
    "special_attacks": [
      [ "PARROT", 5 ],
      { "id": "scratch", "damage_max_instance": [ { "damage_type": "cut", "amount": 11, "armor_penetration": 16 } ] },
      {
        "type": "monster_attack",
        "attack_type": "melee",
        "cooldown": 9,
        "move_cost": 120,
        "damage_max_instance": [ { "damage_type": "stab", "amount": 18, "armor_penetration": 17 } ],
        "hit_dmg_u": "The %1$s thrusts its tail at you!",
        "hit_dmg_npc": "The %1$s thrusts its tail at <npcname>!",
        "no_dmg_msg_u": "The %1$s tries to impale you, but fails to penetrate your armor!",
        "no_dmg_msg_npc": "The %1$s tries to impale <npcname>, but fails to penetrate their armor!"
      },
      {
        "type": "monster_attack",
        "attack_type": "melee",
        "cooldown": 8,
        "move_cost": 80,
        "damage_max_instance": [ { "damage_type": "cut", "amount": 16, "armor_penetration": 15 } ],
        "hit_dmg_u": "The %1$s slashes with its tail at you!",
        "hit_dmg_npc": "The %1$s slashes <npcname>!",
        "no_dmg_msg_u": "The %1$s tries to slash you, but fails to penetrate your armor!",
        "no_dmg_msg_npc": "The %1$s tries to slash <npcname>, but fails to penetrate their armor!",
        "miss_msg_u": "The %s swings its tail at you, but you dodge!",
        "miss_msg_npc": "The %s swings its tail at <npcname>, but they dodge!"
      },
      {
        "type": "monster_attack",
        "attack_type": "melee",
        "cooldown": 9,
        "move_cost": 150,
        "damage_max_instance": [ { "damage_type": "bash", "amount": 18, "armor_penetration": 18 } ],
        "hit_dmg_u": "The %1$s slams you!",
        "hit_dmg_npc": "The %1$s slams <npcname>!",
        "no_dmg_msg_u": "The %1$s tries to slam you, but fails to penetrate your armor!",
        "no_dmg_msg_npc": "The %1$s tries to slam <npcname>, but fails to penetrate their armor!",
        "miss_msg_u": "The %s slams you, but you dodge!",
        "miss_msg_npc": "The %s slams <npcname>, but they dodge!"
      }
    ],
    "flags": [
      "SEES",
      "HEARS",
      "SMELLS",
      "WARM",
      "BASHES",
      "GROUP_BASH",
      "POISON",
      "NO_BREATHE",
      "BONES",
      "NIGHT_INVISIBILITY",
      "PUSH_MON"
    ]
  },
  {
    "id": "mon_BL9_twisted_one",
    "looks_like": "mon_mi_go_myrmidon",
    "type": "MONSTER",
    "name": "The Twisted One",
    "description": "Mutated human cocoon which acts as a head of a terrible tentacle amalgamation foundation and body of which is formed by the heavily mutated remains of The Assassin with multiple stretching gaping mouths lined with dozens of razor sharp teeth, tentacles of unknown origin emerge from it's back acting like the legs of it which may as well attack from a long distance",
    "default_faction": "BL9_cultists",
    "species": [ "MUTANT", "ZOMBIE" ],
    "volume": "170000 ml",
    "weight": "142500 g",
    "hp": 572,
    "speed": 85,
    "material": [ "flesh" ],
    "symbol": "☦",
    "color": "red",
    "aggression": 100,
    "morale": 100,
    "melee_skill": 8,
    "melee_dice": 1,
    "harvest": "zombie",
    "melee_dice_sides": 1,
    "melee_cut": 1,
    "attack_effs": [ { "id": "BL9_bleed_immun", "duration": 15, "bp": "torso" } ],
    "melee_damage": [
      { "damage_type": "stab", "amount": 8, "armor_penetration": 12 },
      { "damage_type": "cut", "amount": 4, "armor_penetration": 5 }
    ],
    "dodge": 2,
    "armor_bash": 11,
    "armor_cut": 12,
    "armor_bullet": 12,
    "death_function": [ "NORMAL" ],
    "death_drops": "BL9_Drops_Twistedone",
    "special_attacks": [
      [ "PARROT", 5 ],
      { "id": "scratch", "damage_max_instance": [ { "damage_type": "cut", "amount": 13, "armor_multiplier": 1.29 } ] },
      {
        "type": "monster_attack",
        "attack_type": "melee",
        "cooldown": 9,
        "move_cost": 120,
        "damage_max_instance": [ { "damage_type": "stab", "amount": 22, "armor_penetration": 20 } ],
        "hit_dmg_u": "The %1$s thrusts its tail at you!",
        "hit_dmg_npc": "The %1$s thrusts its tail at <npcname>!",
        "no_dmg_msg_u": "The %1$s tries to impale you, but fails to penetrate your armor!",
        "no_dmg_msg_npc": "The %1$s tries to impale <npcname>, but fails to penetrate their armor!"
      },
      {
        "type": "monster_attack",
        "attack_type": "melee",
        "cooldown": 9,
        "move_cost": 80,
        "damage_max_instance": [ { "damage_type": "cut", "amount": 22, "armor_penetration": 22 } ],
        "hit_dmg_u": "The %1$s slashes with its tail at you!",
        "hit_dmg_npc": "The %1$s slashes <npcname>!",
        "no_dmg_msg_u": "The %1$s tries to slash you, but fails to penetrate your armor!",
        "no_dmg_msg_npc": "The %1$s tries to slash <npcname>, but fails to penetrate their armor!",
        "miss_msg_u": "The %s swings its tail at you, but you dodge!",
        "miss_msg_npc": "The %s swings its tail at <npcname>, but they dodge!"
      },
      {
        "type": "monster_attack",
        "attack_type": "melee",
        "cooldown": 12,
        "move_cost": 150,
        "damage_max_instance": [ { "damage_type": "bash", "amount": 27, "armor_penetration": 24 } ],
        "hit_dmg_u": "The %1$s slams you!",
        "hit_dmg_npc": "The %1$s slams <npcname>!",
        "no_dmg_msg_u": "The %1$s tries to slam you, but fails to penetrate your armor!",
        "no_dmg_msg_npc": "The %1$s tries to slam <npcname>, but fails to penetrate their armor!",
        "miss_msg_u": "The %s slams you, but you dodge!",
        "miss_msg_npc": "The %s slams <npcname>, but they dodge!"
      },
      {
        "type": "monster_attack",
        "attack_type": "melee",
        "cooldown": 18,
        "move_cost": 200,
        "damage_max_instance": [
          { "damage_type": "bash", "amount": 15, "armor_penetration": 14 },
          { "damage_type": "stab", "amount": 15, "armor_multiplier": 1.225 }
        ],
        "hit_dmg_u": "The %1$s crunches at you!",
        "hit_dmg_npc": "The %1$s crunches at <npcname>!",
        "no_dmg_msg_u": "The %1$s tries to viciously bite you, but fails to penetrate your armor!",
        "no_dmg_msg_npc": "The %1$s tries to bite <npcname>, but fails to penetrate their armor!",
        "miss_msg_u": "The %s crunches at you, but you step aside!",
        "miss_msg_npc": "The %s crunches <npcname>, but they dodge!"
      },
      {
        "type": "monster_attack",
        "attack_type": "melee",
        "cooldown": 11,
        "move_cost": 25,
        "damage_max_instance": [ { "damage_type": "bash", "amount": 23, "armor_penetration": 25 } ],
        "hit_dmg_u": "The %1$s whips you with its tentacle!",
        "hit_dmg_npc": "The %1$s whips at <npcname>!",
        "no_dmg_msg_u": "The %1$s tries to whip you, but fails to penetrate your armor!",
        "no_dmg_msg_npc": "The %1$s tries to whip <npcname>, but fails to penetrate their armor!",
        "miss_msg_u": "The %s whips a tentacle at you, but you dodge!",
        "miss_msg_npc": "The %s whips at <npcname>, but they dodge!"
      },
      {
        "type": "spell",
        "spell_data": { "id": "twisted_one_tentwhip" },
        "cooldown": 12,
        "monster_message": "<color_light_red>%1$s sends a tentacle towards %3$s!</color>"
      }
    ],
    "flags": [
      "SEES",
      "HEARS",
      "SMELLS",
      "WARM",
      "BASHES",
      "GROUP_BASH",
      "POISON",
      "NO_BREATHE",
      "BONES",
      "NIGHT_INVISIBILITY",
      "PUSH_MON"
    ]
  },
  {
    "id": "mon_BL9_regen",
    "looks_like": "mon_zombie_hollow",
    "type": "MONSTER",
    "name": "BL9 Regenerator",
    "description": " An experimental pale mutant with skinny limbs and dreadful visage. Its strong regenerative prowess is an offset to its fragile body.",
    "default_faction": "BL9_military",
    "species": [ "ZOMBIE", "MUTANT" ],
    "volume": "62500 ml",
    "weight": "81500 g",
    "hp": 172,
    "speed": 70,
    "attack_effs": [ { "id": "BL9_bleed_immun", "duration": 15, "bp": "torso" } ],
    "melee_damage": [ { "damage_type": "bash", "amount": 6, "armor_penetration": 10 } ],
    "material": [ "flesh" ],
    "symbol": "☣",
    "color": "white",
    "aggression": 100,
    "morale": 100,
    "melee_skill": 6,
    "melee_dice": 1,
    "harvest": "zombie",
    "melee_dice_sides": 1,
    "melee_cut": 1,
    "dodge": 2,
    "regenerates": 15,
    "death_function": [ "NORMAL" ],
    "death_drops": "BL9_Drops_Regen",
    "special_attacks": [
      {
        "type": "monster_attack",
        "attack_type": "melee",
        "cooldown": 9,
        "move_cost": 75,
        "damage_max_instance": [ { "damage_type": "cut", "amount": 12, "armor_penetration": 14 } ],
        "hit_dmg_u": "The %1$s gnaws at you!",
        "hit_dmg_npc": "The %1$s gnaws <npcname>!",
        "no_dmg_msg_u": "The %1$s tries to bite you, but fails to penetrate your armor!",
        "no_dmg_msg_npc": "The %1$s tries to bite <npcname>, but fails to penetrate their armor!"
      },
      {
        "type": "monster_attack",
        "attack_type": "melee",
        "cooldown": 12,
        "move_cost": 100,
        "damage_max_instance": [ { "damage_type": "bash", "amount": 14, "armor_penetration": 16 } ],
        "hit_dmg_u": "The %1$s slams you!",
        "hit_dmg_npc": "The %1$s slams <npcname>!",
        "no_dmg_msg_u": "The %1$s tries to slam you, but fails to penetrate your armor!",
        "no_dmg_msg_npc": "The %1$s tries to slam <npcname>, but fails to penetrate their armor!",
        "miss_msg_u": "The %s swings its limb at you, but you dodge!",
        "miss_msg_npc": "The %s swings its limb at <npcname>, but they dodge!"
      }
    ],
    "flags": [ "SEES", "HEARS", "SMELLS", "WARM", "BASHES", "GROUP_BASH", "POISON", "NO_BREATHE", "BONES", "GRABS", "PUSH_MON" ]
  },
  {
    "id": "mon_BL9_regen_spiky",
    "looks_like": "mon_charred_nightmare",
    "type": "MONSTER",
    "name": "BL9 Iron Maiden",
    "description": "An experimental mutant with several spikes emerging from its body. Shares similarities to regenerador, but it seems to take full control of its protrusions.",
    "default_faction": "BL9_military",
    "species": [ "MUTANT", "ZOMBIE" ],
    "volume": "62500 ml",
    "weight": "81500 g",
    "hp": 190,
    "speed": 70,
    "attack_effs": [ { "id": "BL9_bleed_immun", "duration": 15, "bp": "torso" } ],
    "melee_damage": [ { "damage_type": "stab", "amount": 6, "armor_penetration": 10 } ],
    "material": [ "flesh" ],
    "symbol": "☣",
    "color": "dark_gray",
    "aggression": 100,
    "morale": 100,
    "melee_skill": 5,
    "melee_dice": 1,
    "harvest": "zombie",
    "melee_dice_sides": 1,
    "melee_cut": 1,
    "dodge": 2,
    "regenerates": 23,
    "death_function": [ "NORMAL" ],
    "death_drops": "BL9_Drops_Regen",
    "special_attacks": [
      {
        "type": "monster_attack",
        "attack_type": "melee",
        "cooldown": 9,
        "move_cost": 75,
        "damage_max_instance": [ { "damage_type": "cut", "amount": 12, "armor_penetration": 14 } ],
        "hit_dmg_u": "The %1$s gnaws at you!",
        "hit_dmg_npc": "The %1$s gnaws <npcname>!",
        "no_dmg_msg_u": "The %1$s tries to bite you, but fails to penetrate your armor!",
        "no_dmg_msg_npc": "The %1$s tries to bite <npcname>, but fails to penetrate their armor!"
      },
      {
        "type": "monster_attack",
        "attack_type": "melee",
        "cooldown": 12,
        "move_cost": 100,
        "damage_max_instance": [
          { "damage_type": "stab", "amount": 12, "armor_penetration": 22 },
          { "damage_type": "bash", "amount": 2, "armor_penetration": 14 }
        ],
        "hit_dmg_u": "The %1$s slams you!",
        "hit_dmg_npc": "The %1$s slams <npcname>!",
        "no_dmg_msg_u": "The %1$s tries to slam you, but fails to penetrate your armor!",
        "no_dmg_msg_npc": "The %1$s tries to slam <npcname>, but fails to penetrate their armor!",
        "miss_msg_u": "The %s swings its limb at you, but you dodge!",
        "miss_msg_npc": "The %s swings its limb at <npcname>, but they dodge!"
      },
      {
        "type": "monster_attack",
        "attack_type": "melee",
        "cooldown": 11,
        "move_cost": 150,
        "damage_max_instance": [ { "damage_type": "stab", "amount": 14, "armor_penetration": 17 } ],
        "hit_dmg_u": "The %1$s impales you with its spiky protrusions!",
        "hit_dmg_npc": "The %1$s impales <npcname>!",
        "no_dmg_msg_u": "The %1$s tries to impale you, but fails to penetrate your armor!",
        "no_dmg_msg_npc": "The %1$s tries to impale <npcname>, but fails to penetrate their armor!",
        "miss_msg_u": "The %s impales you, but you dodge!",
        "miss_msg_npc": "The %s impales <npcname>, but they dodge!"
      }
    ],
    "flags": [ "SEES", "HEARS", "SMELLS", "WARM", "BASHES", "GROUP_BASH", "POISON", "NO_BREATHE", "BONES", "GRABS", "PUSH_MON" ]
  },
  {
    "id": "mon_BL9_chimera",
    "looks_like": "mon_jabberwock",
    "type": "MONSTER",
    "name": "The Chimera",
    "description": "A horrifying chimera of human, insect, and reptile DNA fused imperfectly into a single being, itself hosting the BL9.It has the upper part of a human torso and a human head, its visage is monstrously warped and marked by strange scars upon its nape and crown, a clawed arm, and a tentacle in place of the other one",
    "default_faction": "BL9_military",
    "species": [ "MUTANT", "ZOMBIE" ],
    "volume": "62500 ml",
    "weight": "81500 g",
    "hp": 772,
    "speed": 90,
    "material": [ "flesh" ],
    "symbol": "☦",
    "color": "white",
    "aggression": 100,
    "morale": 100,
    "melee_skill": 6,
    "melee_dice": 1,
    "harvest": "zombie",
    "melee_dice_sides": 1,
    "melee_cut": 1,
    "attack_effs": [ { "id": "BL9_bleed_immun", "duration": 15, "bp": "torso" } ],
    "melee_damage": [
      { "damage_type": "cut", "amount": 5, "armor_penetration": 10 },
      { "damage_type": "bash", "amount": 12, "armor_penetration": 24 }
    ],
    "dodge": 3,
    "armor_bash": 14,
    "armor_cut": 18,
    "armor_bullet": 18,
    "death_function": [ "NORMAL" ],
    "death_drops": "BL9_Drops_Regen",
    "special_attacks": [
      { "id": "scratch", "damage_max_instance": [ { "damage_type": "cut", "amount": 12, "armor_multiplier": 1.15 } ] },
      {
        "type": "monster_attack",
        "attack_type": "melee",
        "cooldown": 11,
        "move_cost": 225,
        "damage_max_instance": [ { "damage_type": "bash", "amount": 40, "armor_penetration": 40 } ],
        "hit_dmg_u": "The %1$s slams you with its tentacle!",
        "hit_dmg_npc": "The %1$s slams <npcname>!",
        "no_dmg_msg_u": "The %1$s tries to slam you, but fails to penetrate your armor!",
        "no_dmg_msg_npc": "The %1$s tries to slam <npcname>, but fails to penetrate their armor!",
        "miss_msg_u": "The %s slams you, but you dodge!",
        "miss_msg_npc": "The %s slams <npcname>, but they dodge!"
      },
      {
        "type": "spell",
        "spell_data": { "id": "twisted_one_tentwhip" },
        "cooldown": 9,
        "monster_message": "<color_light_red>%1$s sends a tentacle towards %3$s!</color>"
      }
    ],
    "flags": [
      "SEES",
      "HEARS",
      "SMELLS",
      "WARM",
      "BASHES",
      "GROUP_BASH",
      "POISON",
      "NO_BREATHE",
      "BONES",
      "NIGHT_INVISIBILITY",
      "PUSH_MON"
    ]
  },
  {
    "id": "mon_BL9_chimera_mutated",
    "looks_like": "mon_jabberwock",
    "type": "MONSTER",
    "name": "The Mutated Chimera",
    "description": "A horrifying chimera of human, insect, and reptile DNA fused imperfectly into a single being, itself hosting the BL9, it has mutated since its first stages and now has a tentacle sprouting from it's back ending in a gaping mouth, lined with dozens of teeth. This tentacle also sports a heavy pair of pincers",
    "default_faction": "BL9_military",
    "species": [ "MUTANT", "ZOMBIE" ],
    "volume": "62500 ml",
    "weight": "81500 g",
    "hp": 715,
    "speed": 105,
    "material": [ "flesh" ],
    "symbol": "☦",
    "color": "white_red",
    "aggression": 100,
    "morale": 100,
    "melee_skill": 8,
    "melee_dice": 1,
    "harvest": "zombie",
    "melee_dice_sides": 1,
    "melee_cut": 1,
    "attack_effs": [ { "id": "BL9_bleed_immun", "duration": 15, "bp": "torso" } ],
    "melee_damage": [
      { "damage_type": "cut", "amount": 7, "armor_penetration": 19 },
      { "damage_type": "stab", "amount": 12, "armor_penetration": 12 }
    ],
    "dodge": 3,
    "armor_bash": 14,
    "armor_cut": 18,
    "armor_bullet": 18,
    "death_function": [ "NORMAL" ],
    "death_drops": "BL9_Drops_Chimeraevo",
    "special_attacks": [
      { "id": "scratch", "damage_max_instance": [ { "damage_type": "cut", "amount": 12, "armor_multiplier": 1.15 } ] },
      {
        "type": "monster_attack",
        "attack_type": "melee",
        "cooldown": 9,
        "move_cost": 75,
        "damage_max_instance": [ { "damage_type": "cut", "amount": 38, "armor_penetration": 40 } ],
        "hit_dmg_u": "The %1$s slices you with its pincer!",
        "hit_dmg_npc": "The %1$s slices <npcname>!",
        "no_dmg_msg_u": "The %1$s tries to slice you, but fails to penetrate your armor!",
        "no_dmg_msg_npc": "The %1$s tries to slice <npcname>, but fails to penetrate their armor!",
        "miss_msg_u": "The %s slices you, but you dodge!",
        "miss_msg_npc": "The %s slices <npcname>, but they dodge!"
      },
      {
        "type": "spell",
        "spell_data": { "id": "chimera_mutated_pincerpinch" },
        "cooldown": 12,
        "monster_message": "<color_light_red>%1$s slashes %3$s with its pincer!</color>"
      }
    ],
    "flags": [
      "SEES",
      "HEARS",
      "SMELLS",
      "WARM",
      "BASHES",
      "GROUP_BASH",
      "POISON",
      "NO_BREATHE",
      "BONES",
      "NIGHT_INVISIBILITY",
      "PUSH_MON"
    ]
  },
  {
    "id": "mon_BL9_general_mutated",
    "looks_like": "mon_zombie_kevlar_2",
    "type": "MONSTER",
    "name": "Mutated Elite General",
    "description": "A tall buffed up human wearing a face camouflage and a light armor, it looks like an absolutely normal human compared to everything that you had to face so far, except for the fact that it seems to have inhumane agility and reflexes, moreover it's most prominent feature is the huge blade-shield-like BL9 growth that has taken over it's right arm entirely",
    "default_faction": "BL9_military",
    "species": [ "MUTANT", "HUMAN" ],
    "volume": "62500 ml",
    "weight": "81500 g",
    "hp": 858,
    "speed": 105,
    "material": [ "flesh" ],
    "symbol": "☦",
    "color": "cyan_red",
    "aggression": 100,
    "morale": 100,
    "melee_skill": 8,
    "melee_dice": 1,
    "harvest": "zombie",
    "melee_dice_sides": 1,
    "melee_cut": 1,
    "attack_effs": [ { "id": "BL9_bleed_immun", "duration": 15, "bp": "torso" } ],
    "melee_damage": [
      { "damage_type": "cut", "amount": 10, "armor_penetration": 17 },
      { "damage_type": "stab", "amount": 10, "armor_penetration": 17 }
    ],
    "dodge": 4,
    "armor_bash": 8,
    "armor_cut": 12,
    "armor_bullet": 12,
    "death_function": [ "NORMAL" ],
    "death_drops": "BL9_Drops_General",
    "special_attacks": [
      [ "PARROT", 5 ],
      {
        "type": "monster_attack",
        "attack_type": "melee",
        "cooldown": 9,
        "move_cost": 125,
        "damage_max_instance": [ { "damage_type": "cut", "amount": 38, "armor_penetration": 45 } ],
        "hit_dmg_u": "The %1$s slashes with its blade at you!",
        "hit_dmg_npc": "The %1$s slashes <npcname>!",
        "no_dmg_msg_u": "The %1$s tries to slash you, but fails to penetrate your armor!",
        "no_dmg_msg_npc": "The %1$s tries to slash <npcname>, but fails to penetrate their armor!",
        "miss_msg_u": "The %s slashes you, but you dodge!",
        "miss_msg_npc": "The %s slashes <npcname>, but they dodge!"
      },
      {
        "type": "spell",
        "spell_data": { "id": "merc_leaping_slash" },
        "cooldown": 10,
        "monster_message": "<color_light_red>%1$s leaps at %3$s!</color> and slashes wildly"
      }
    ],
    "flags": [
      "SEES",
      "HEARS",
      "SMELLS",
      "WARM",
      "BASHES",
      "GROUP_BASH",
      "POISON",
      "NO_BREATHE",
      "BONES",
      "NIGHT_INVISIBILITY",
      "PUSH_MON"
    ]
  },
  {
    "id": "mon_BL9_vile_one",
    "looks_like": "mon_zombie_scissorlimbs",
    "type": "MONSTER",
    "name": "The Vile One",
    "description": "Severely mutated astoundingly large, multi-legged beast. The crustacean-styled legs are all still connected to what seems to be a humanoid body, which hangs from his mutant form like a vestigial limb. His head is now attached to a long serpentine neck and is surrounded by hard, blade-like mandibles. A series of eyes are also dotted around the body, one on each joint of the legs and another large eye in it's mouth",
    "default_faction": "BL9_military",
    "species": [ "MUTANT", "ZOMBIE" ],
    "volume": "62500 ml",
    "weight": "81500 g",
    "hp": 1029,
    "speed": 80,
    "material": [ "flesh" ],
    "symbol": "☦",
    "color": "yellow_white",
    "aggression": 100,
    "morale": 100,
    "melee_skill": 10,
    "melee_dice": 1,
    "harvest": "zombie",
    "melee_dice_sides": 1,
    "melee_cut": 1,
    "attack_effs": [ { "id": "BL9_bleed_immun", "duration": 15, "bp": "torso" } ],
    "melee_damage": [
      { "damage_type": "cut", "amount": 10, "armor_penetration": 12 },
      { "damage_type": "stab", "amount": 10, "armor_penetration": 12 },
      { "damage_type": "bash", "amount": 10, "armor_penetration": 12 }
    ],
    "dodge": 3,
    "armor_bash": 15,
    "armor_cut": 15,
    "armor_bullet": 15,
    "death_function": [ "NORMAL" ],
    "death_drops": "BL9_Drops_Vileone",
    "special_attacks": [
      [ "PARROT", 5 ],
      {
        "id": "scratch",
        "damage_max_instance": [ { "damage_type": "cut", "amount": 15, "armor_penetration": 1.15 } ]
      },
      {
        "type": "monster_attack",
        "attack_type": "melee",
        "cooldown": 9,
        "move_cost": 75,
        "damage_max_instance": [ { "damage_type": "stab", "amount": 60, "armor_penetration": 48 } ],
        "hit_dmg_u": "The %1$s thrusts its leg at you!",
        "hit_dmg_npc": "The %1$s pierces <npcname>!",
        "no_dmg_msg_u": "The %1$s tries to pierce you, but fails to penetrate your armor!",
        "no_dmg_msg_npc": "The %1$s tries to pierce <npcname>, but fails to penetrate their armor!",
        "miss_msg_u": "The %s thrusts its leg at you, but you dodge!",
        "miss_msg_npc": "The %s pierces <npcname>, but they dodge!"
      },
      {
        "type": "monster_attack",
        "attack_type": "melee",
        "cooldown": 12,
        "move_cost": 200,
        "damage_max_instance": [ { "damage_type": "cut", "amount": 68, "armor_penetration": 48 } ],
        "hit_dmg_u": "The %1$s bites you!",
        "hit_dmg_npc": "The %1$s bites <npcname>!",
        "no_dmg_msg_u": "The %1$s tries to bite you, but fails to penetrate your armor!",
        "no_dmg_msg_npc": "The %1$s tries to bite <npcname>, but fails to penetrate their armor!",
        "miss_msg_u": "The %s bites you, but you dodge!",
        "miss_msg_npc": "The %s bites <npcname>, but they dodge!"
      },
      {
        "type": "spell",
        "spell_data": { "id": "vile_one_mandiblecrunch" },
        "cooldown": 15,
        "monster_message": "<color_light_red>%1$s's head stretches then crunches at %3$s!</color>"
      }
    ],
    "flags": [ "SEES", "HEARS", "SMELLS", "WARM", "BASHES", "GROUP_BASH", "POISON", "NO_BREATHE", "BONES", "PUSH_MON" ]
  }
]
