[
  {
    "type": "palette",
    "id": "BL9_biomes_palette",
    "terrain": {
      "?": [ "t_door_metal_c", "t_door_metal_c", "t_door_metal_c", "t_door_metal_c", "t_door_metal_o" ],
      ".": "t_rock_floor",
      "%": "t_rock_wall",
      "`": "t_BL9_hole",
      "i": "t_card_industrial",
      "L": "t_door_metal_locked",
      "1": "t_uniqmazing_fl_purple",
      "2": "t_sand_underground",
      "3": "t_uniqmazing_fl_azurblue",
      "4": "t_uniqmazing_fl_red",
      "5": "t_uniqmazing_fl_limegreen",
      "q": "t_uniqmazing_wl_purple",
      "w": "t_uniqmazing_wl_sandbrown",
      "e": "t_BL9_rockblue",
      "r": "t_uniqmazing_wl_lava",
      "y": "t_BL9_rockgreen",
      "Q": "t_uniqmazing_liq_purple",
      "W": "t_uniqmazing_liq_sandbrown",
      "E": "t_uniqmazing_liq_azureblue",
      ">": "t_stairs_down",
      "<": "t_stairs_up",
      "!": "t_column",
      "h": "t_little_column"
    },
    "furniture": { "t": "f_BL9_long_torch" }
  }
]
