[
  {
    "type": "palette",
    "id": "BL9_castle_palette",
    "terrain": {
      "?": [ "t_door_metal_c", "t_door_metal_c", "t_door_metal_c", "t_door_metal_c", "t_door_metal_o" ],
      ".": "t_rock_floor",
      "%": "t_rock_wall",
      "~": "t_dirt",
      "@": "t_BL9_rockblue",
      "#": "t_BL9_rockred",
      "`": "t_BL9_hole",
      "$": "t_floor_noroof",
      "j": "t_guardrail_bg_dp",
      "o": [ "t_door_bar_o", "t_door_bar_o", "t_door_bar_c" ],
      "+": [ "t_door_bar_c", "t_door_bar_c", "t_door_bar_o" ],
      "=": "t_bars",
      "0": "t_window_stained_green",
      "i": "t_card_industrial",
      "L": "t_door_metal_locked",
      "1": "t_carpet_red",
      "2": "t_carpet_purple",
      "3": "t_carpet_green",
      "4": "t_BL9uniqmazing_fl_azurblue",
      ">": "t_stairs_down",
      "<": "t_stairs_up",
      "w": "t_water_pool",
      "!": "t_column"
    },
    "furniture": {
      "t": "f_BL9_long_torch",
      "e": "f_crate_c",
      "a": "f_armchair",
      "b": "f_bookcase",
      "c": "f_counter",
      "f": "f_fireplace",
      "s": "f_sofa",
      "d": "f_displaycase",
      "u": "f_table",
      "v": "f_chair",
      "n": "f_big_bell",
      "z": "f_bed",
      "l": "f_statue",
      "m": "f_machinery_heavy",
      "g": "f_machinery_light",
      "q": "f_machinery_old"
    }
  }
]
