[
  {
    "type": "mapgen",
    "om_terrain": [ "castlelan_purple1" ],
    "method": "json",
    "weight": 100,
    "object": {
      "fill_ter": "t_carpet_purple",
      "rows": [
        "@@@@@@@@@@@@Li@@@@@@@@@@",
        "@t2f2acc2b222222d2b2f2t@",
        "@2222222222222222222222@",
        "@f222!222l222!222l222!s@",
        "@2222l222!222l222!222ls@",
        "@b22222222222222222222s@",
        "@2cc2222d2cctb2d2b2d22c@",
        "@@@@@?@@@@@@@@@@@@@@@@@@",
        "@22b2222ssstb2d22f22acc@",
        "@f2222222222222222222tb@",
        "@2222!222!222!222!2222f@",
        "2222222l222l222l2222222@",
        "@222222l222l222l222222d@",
        "@f222!222!222!222!22222@",
        "@222222222222222222222d@",
        "@td2b2d2222sss2tb22a2cc@",
        "@@@@@@@@?@@@@@@@@@@@@@@@",
        "@c2d2cc222td2b2d2b2sss2@",
        "@c22222222222222222222c@",
        "@222222!2!2!2!2!2!2222c@",
        "@b2222l2l2l2l2l2l2l222a@",
        "@2222222222222222222222@",
        "@f2cc22bt2d22cc2td2sss2@",
        "@@@@@@@@@@@@@@@@@@@@@@@@"
      ],
      "terrain": {
        "~": "t_dirt",
        "4": "t_floor_blue",
        ".": "t_rock_floor",
        "!": "t_column",
        ">": "t_stairs_down",
        "<": "t_stairs_up",
        "`": "t_BL9_hole",
        "?": [ "t_door_metal_c", "t_door_metal_c", "t_door_metal_c", "t_door_metal_c", "t_door_metal_o" ],
        "%": "t_rock_wall",
        "@": "t_BL9uniqmazing_wl_purple",
        "#": "t_BL9_rockred",
        "i": "t_card_industrial",
        "L": "t_door_metal_locked",
        "1": "t_carpet_red",
        "2": "t_carpet_purple",
        "3": "t_carpet_green",
        "j": "t_guardrail_bg_dp",
        "w": "t_water_pool"
      },
      "furniture": {
        "b": "f_bookcase",
        "c": "f_counter",
        "f": "f_fireplace",
        "s": "f_sofa",
        "d": "f_displaycase",
        "a": "f_armchair",
        "e": "f_table",
        "h": "f_chair",
        "z": "f_bed",
        "t": "f_BL9_long_torch",
        "l": "f_statue"
      },
      "items": {
        "b": { "item": "religious_books", "chance": 100, "repeat": [ 1, 3 ] },
        "d": { "item": "museum_misc", "chance": 90, "repeat": [ 1, 2 ] },
        "c": { "item": "BL9_treasure_search1", "chance": 100, "repeat": [ 1, 1 ] }
      },
      "place_item": [ { "item": "id_industrial", "x": 16, "y": 22 } ],
      "place_npcs": [ { "class": "BL9_trader", "x": 3, "y": 23, "add_trait": "BL9_TRADER" } ],
      "place_monster": [
        { "monster": "mon_BL9_cultist_bash", "x": 11, "y": 13 },
        { "monster": "mon_BL9_cultist_stab", "x": 15, "y": 12 },
        { "monster": "mon_BL9_mutant_1", "x": 20, "y": 11 },
        { "monster": "mon_BL9_cultist_crossbow", "x": 20, "y": 14 },
        { "monster": "mon_BL9_cultist_stab", "x": 5, "y": 22 },
        { "monster": "mon_BL9_cultist_cut", "x": 13, "y": 22 },
        { "monster": "mon_BL9_cultist_bash", "x": 20, "y": 22 },
        { "monster": "mon_BL9_cultist_crossbow", "x": 17, "y": 20 },
        { "monster": "mon_BL9_cultist_cut", "x": 22, "y": 21 },
        { "monster": "mon_BL9_cultist_stab", "x": 8, "y": 4 },
        { "monster": "mon_BL9_cultist_bash", "x": 12, "y": 4 },
        { "monster": "mon_BL9_mutant_1", "x": 16, "y": 4 },
        { "monster": "mon_BL9_mutant_1", "x": 20, "y": 4 },
        { "monster": "mon_dr_gonzalez", "x": 14, "y": 2 }
      ]
    }
  },
  {
    "type": "mapgen",
    "om_terrain": [ "castlelan_purple2" ],
    "method": "json",
    "weight": 100,
    "object": {
      "fill_ter": "t_carpet_purple",
      "rows": [
        "@@@@@@@@@@@@@@@@@@@@@@@@",
        "@2cctb2@cdtsssc@2adcda2@",
        "@a22222@a22222f@b22222f@",
        "@d2222c@222l222@2222222L",
        "@d22222?222!222?2222222i",
        "@a22222@2t22222@2222222@",
        "@2222f2@2b2f2d2@2cctb2f@",
        "@@@?@@@@@@@@@@@@@@@@@@@@",
        "@t222btsss22@2d2btd2a2a@",
        "@22222222222@a222222222@",
        "@c222l2l2222@2222!2!222@",
        "@c22!2!2!222?222l2l2l22@",
        "@a222l2l2222@2222!2!222@",
        "@22222222222@2222222222@",
        "@b2222222222@at2222222a@",
        "@22d2dtcc2f2@2ssstf222b@",
        "@@@@@@@@@@@@@@@@@@@@?@@@",
        "@22bda22@2a2ftb2@d2222a@",
        "@a222222@c22222c@22222s@",
        "@t222222?22!l222?22222s@",
        "@f222222@22l!222@22222s@",
        "@2222222@2222222@22222t@",
        "@2cc2d2b@fb222dd@2cc2b2@",
        "@@@@@@@@@@@@2@@@@@@@@@@@"
      ],
      "terrain": {
        "~": "t_dirt",
        "4": "t_floor_blue",
        ".": "t_rock_floor",
        "!": "t_column",
        ">": "t_stairs_down",
        "<": "t_stairs_up",
        "`": "t_BL9_hole",
        "?": [ "t_door_metal_c", "t_door_metal_c", "t_door_metal_c", "t_door_metal_c", "t_door_metal_o" ],
        "@": "t_BL9uniqmazing_wl_purple",
        "i": "t_card_industrial",
        "L": "t_door_metal_locked",
        "1": "t_carpet_red",
        "2": "t_carpet_purple",
        "3": "t_carpet_green",
        "j": "t_guardrail_bg_dp",
        "w": "t_water_pool"
      },
      "furniture": {
        "b": "f_bookcase",
        "c": "f_counter",
        "f": "f_fireplace",
        "s": "f_sofa",
        "d": "f_displaycase",
        "a": "f_armchair",
        "e": "f_table",
        "h": "f_chair",
        "z": "f_bed",
        "t": "f_BL9_long_torch",
        "l": "f_statue"
      },
      "items": {
        "b": { "item": "textbooks_school", "chance": 100, "repeat": [ 1, 3 ] },
        "d": { "item": "BL9_castle_melee", "chance": 90, "repeat": [ 1, 2 ] },
        "c": { "item": "BL9_treasure_search1", "chance": 100, "repeat": [ 1, 1 ] }
      },
      "place_item": [ { "item": "id_industrial", "x": 14, "y": 3 } ],
      "place_monster": [
        { "monster": "mon_BL9_cultist_bash", "x": 14, "y": 19 },
        { "monster": "mon_BL9_cultist_stab", "x": 12, "y": 18 },
        { "monster": "mon_BL9_mutant_1", "x": 2, "y": 23 },
        { "monster": "mon_BL9_cultist_crossbow", "x": 2, "y": 18 },
        { "monster": "mon_BL9_cultist_stab", "x": 23, "y": 23 },
        { "monster": "mon_BL9_cultist_cut", "x": 19, "y": 18 },
        { "monster": "mon_BL9_cultist_bash", "x": 16, "y": 9 },
        { "monster": "mon_BL9_cultist_crossbow", "x": 22, "y": 9 },
        { "monster": "mon_BL9_cultist_cut", "x": 20, "y": 12 },
        { "monster": "mon_BL9_mutant_1", "x": 18, "y": 12 },
        { "monster": "mon_BL9_cultist_bash", "x": 4, "y": 10 },
        { "monster": "mon_BL9_cultist_crossbow", "x": 4, "y": 14 },
        { "monster": "mon_BL9_mutant_1", "x": 5, "y": 16 },
        { "monster": "mon_BL9_cultist_stab", "x": 8, "y": 12 },
        { "monster": "mon_BL9_mutant_1", "x": 2, "y": 2 },
        { "monster": "mon_BL9_cultist_cut", "x": 8, "y": 2 },
        { "monster": "mon_BL9_mutant_1", "x": 15, "y": 6 },
        { "monster": "mon_BL9_cultist_crossbow", "x": 15, "y": 4 },
        { "monster": "mon_BL9_cultist_cut", "x": 22, "y": 3 },
        { "monster": "mon_blind_clawer", "x": 22, "y": 5 }
      ]
    }
  },
  {
    "type": "mapgen",
    "om_terrain": [ "castlelan_purple3" ],
    "method": "json",
    "weight": 100,
    "object": {
      "fill_ter": "t_carpet_purple",
      "rows": [
        "@@@@@@@@@@@@@@@@@@@@@@@@",
        "@2b2ccctf2d2e2@2d2b2fcc@",
        "@2222222222222@2222222t@",
        "2222!2!2!2!2!2@2222222d@",
        "@2222l2l2l2l22?2222222d@",
        "@c222222222222@2222222t@",
        "@c2222btd2f2d2@a2ccc2d2@",
        "@@@?@@@@@@@@@@@@@@@@@@@@",
        "@22222t22@2sssd2@2tfbd2@",
        "@2222222c@22222t@d22222@",
        "@b222222c@f2222f@d2222s@",
        "@2l2!2l22@b2222b@22222s@",
        "@d2222222?222222?22222s@",
        "@2!2l2!22@c2222c@222222@",
        "@f222222f@a2222a@22222b@",
        "@2btdf22a@tbsss2@2f22t2@",
        "@@@@@@@@@@@@@@@@@@@@?@@@",
        "@22bddbt2@2222222222222@",
        "@f2222222@2l2!2l2!2l222@",
        "@s2222222?222222222222t@",
        "@s2222222@2222222222222@",
        "@s222222f@2!2l2!2l2!222@",
        "@2acccb22@2222t22222222@",
        "@@@@@@@@@@@@@@@@@@@Li@@@"
      ],
      "terrain": {
        "~": "t_dirt",
        "4": "t_floor_blue",
        ".": "t_rock_floor",
        "!": "t_column",
        ">": "t_stairs_down",
        "<": "t_stairs_up",
        "`": "t_BL9_hole",
        "?": [ "t_door_metal_c", "t_door_metal_c", "t_door_metal_c", "t_door_metal_c", "t_door_metal_o" ],
        "@": "t_BL9uniqmazing_wl_purple",
        "i": "t_card_industrial",
        "L": "t_door_metal_locked",
        "1": "t_carpet_red",
        "2": "t_carpet_purple",
        "3": "t_carpet_green",
        "j": "t_guardrail_bg_dp",
        "w": "t_water_pool"
      },
      "furniture": {
        "b": "f_bookcase",
        "c": "f_counter",
        "f": "f_fireplace",
        "s": "f_sofa",
        "d": "f_displaycase",
        "a": "f_armchair",
        "e": "f_table",
        "h": "f_chair",
        "z": "f_bed",
        "t": "f_BL9_long_torch",
        "l": "f_statue"
      },
      "items": {
        "b": { "item": "mansion_books", "chance": 100, "repeat": [ 1, 3 ] },
        "d": { "item": "museum_armor", "chance": 90, "repeat": [ 1, 2 ] },
        "c": { "item": "BL9_treasure_search1", "chance": 100, "repeat": [ 1, 1 ] }
      },
      "place_item": [ { "item": "id_industrial", "x": 7, "y": 22 } ],
      "place_monster": [
        { "monster": "mon_BL9_cultist_bash", "x": 9, "y": 5 },
        { "monster": "mon_BL9_cultist_stab", "x": 11, "y": 3 },
        { "monster": "mon_BL9_mutant_1", "x": 11, "y": 6 },
        { "monster": "mon_BL9_cultist_crossbow", "x": 20, "y": 3 },
        { "monster": "mon_BL9_cultist_stab", "x": 20, "y": 6 },
        { "monster": "mon_BL9_cultist_cut", "x": 5, "y": 11 },
        { "monster": "mon_BL9_cultist_bash", "x": 6, "y": 13 },
        { "monster": "mon_BL9_cultist_crossbow", "x": 7, "y": 16 },
        { "monster": "mon_BL9_cultist_cut", "x": 14, "y": 11 },
        { "monster": "mon_BL9_cultist_stab", "x": 15, "y": 15 },
        { "monster": "mon_dr_gonzalez", "x": 21, "y": 10 },
        { "monster": "mon_BL9_cultist_stab", "x": 21, "y": 14 },
        { "monster": "mon_BL9_cultist_cut", "x": 19, "y": 21 },
        { "monster": "mon_BL9_mutant_1", "x": 14, "y": 21 },
        { "monster": "mon_BL9_mutant_1", "x": 12, "y": 20 },
        { "monster": "mon_BL9_cultist_crossbow", "x": 4, "y": 19 },
        { "monster": "mon_BL9_cultist_bash", "x": 4, "y": 22 }
      ]
    }
  },
  {
    "type": "mapgen",
    "om_terrain": [ "castlelan_purple4" ],
    "method": "json",
    "weight": 100,
    "object": {
      "fill_ter": "t_carpet_purple",
      "rows": [
        "@@@@@@@@@@@@@@@@@@@2@@@@",
        "@2tdd2b2@a2222t22222222@",
        "@f222222@c222!2!2!2222b@",
        "@s222222@c2222l2l22222d@",
        "@s222222?22222l2l22222d@",
        "@s222222@2222!2!2!2222f@",
        "@2222cca@2t222222222t22@",
        "@@@?@@@@@@@@@@@@@@@@@@@@",
        "@2222d2b2f2cca22@a2bddb@",
        "@c2222222222222b@c22222@",
        "@c2222222222222b@c2222t@",
        "@2tb2d2f222tcca2@222222L",
        "@@@@@@@@@@?@@@@@@f22222i",
        "@2d2b22t22222222@b22222@",
        "@f22222l2l2l222f@s22222@",
        "@d2222!2!2!2!222@s2222f@",
        "@d22222l2l2l222b@s22222@",
        "@222222222222t2d@2t222b@",
        "@@@@?@@@@@@@@@@@@@@@?@@@",
        "@222222btf2b@22d2b22222@",
        "@f2222222222@222222222f@",
        "@b2222222222?222222222a@",
        "@2accca2dd22@22f2ssstb2@",
        "@@@@@@@@@@@@@@@@@@@@@@@@"
      ],
      "terrain": {
        "~": "t_dirt",
        "4": "t_floor_blue",
        ".": "t_rock_floor",
        "!": "t_column",
        ">": "t_stairs_down",
        "<": "t_stairs_up",
        "`": "t_BL9_hole",
        "?": [ "t_door_metal_c", "t_door_metal_c", "t_door_metal_c", "t_door_metal_c", "t_door_metal_o" ],
        "@": "t_BL9uniqmazing_wl_purple",
        "i": "t_card_industrial",
        "L": "t_door_metal_locked",
        "1": "t_carpet_red",
        "2": "t_carpet_purple",
        "3": "t_carpet_green",
        "j": "t_guardrail_bg_dp",
        "w": "t_water_pool"
      },
      "furniture": {
        "b": "f_bookcase",
        "c": "f_counter",
        "f": "f_fireplace",
        "s": "f_sofa",
        "d": "f_displaycase",
        "a": "f_armchair",
        "e": "f_table",
        "h": "f_chair",
        "z": "f_bed",
        "t": "f_BL9_long_torch",
        "l": "f_statue"
      },
      "items": {
        "b": { "item": "exotic_books", "chance": 100, "repeat": [ 1, 3 ] },
        "d": { "item": "museum_misc", "chance": 90, "repeat": [ 1, 2 ] },
        "c": { "item": "BL9_treasure_search1", "chance": 100, "repeat": [ 1, 1 ] }
      },
      "place_item": [ { "item": "id_industrial", "x": 18, "y": 18 } ],
      "place_monster": [
        { "monster": "mon_BL9_cultist_bash", "x": 16, "y": 5 },
        { "monster": "mon_BL9_cultist_stab", "x": 20, "y": 7 },
        { "monster": "mon_BL9_mutant_1", "x": 13, "y": 6 },
        { "monster": "mon_BL9_cultist_crossbow", "x": 3, "y": 4 },
        { "monster": "mon_dr_gonzalez", "x": 3, "y": 7 },
        { "monster": "mon_BL9_cultist_cut", "x": 7, "y": 11 },
        { "monster": "mon_BL9_cultist_bash", "x": 14, "y": 10 },
        { "monster": "mon_BL9_cultist_crossbow", "x": 5, "y": 16 },
        { "monster": "mon_BL9_cultist_cut", "x": 12, "y": 16 },
        { "monster": "mon_BL9_cultist_stab", "x": 11, "y": 18 },
        { "monster": "mon_dr_gonzalez", "x": 5, "y": 22 },
        { "monster": "mon_BL9_mutant_1", "x": 11, "y": 21 },
        { "monster": "mon_BL9_mutant_1", "x": 17, "y": 21 },
        { "monster": "mon_BL9_cultist_stab", "x": 22, "y": 22 },
        { "monster": "mon_BL9_cultist_crossbow", "x": 21, "y": 15 },
        { "monster": "mon_BL9_mutant_2", "x": 21, "y": 12 },
        { "monster": "mon_blind_clawer", "x": 19, "y": 9 }
      ]
    }
  },
  {
    "type": "mapgen",
    "om_terrain": [ "castlelan_red1" ],
    "method": "json",
    "weight": 100,
    "object": {
      "fill_ter": "t_carpet_red",
      "rows": [
        "@@@@@@@@@@@@Li@@@@@@@@@@",
        "@22dt2sss2f22222b2tf2d2@",
        "@a22222222222222222222c@",
        "@c222l2t2!222!222l2t22c@",
        "@c222!222l222l222!2222d@",
        "@b22222222222222222222d@",
        "@2ac2222b22d2tf2cc2sss2@",
        "@@@@@?@@@@@@@@@@@@@@@@@@",
        "@d2f22222d2b2d2f2b2dtca@",
        "@b222222222222222222222@",
        "@t22l222l222l222l222l2s@",
        "@22222!222!222!222!222s@",
        "@22222!222!222!222!222s@",
        "@b22l222l222l222l222l2t@",
        "@at2222222222222222222d@",
        "@c2cca2222catf2d2a2b22c@",
        "@@@@@@@@?@@@@@@@@@@@@@@@",
        "@btf2ac2222cc2d2bcatcc2@",
        "@222222222222222222222b@",
        "@c2222!2!2!2!2!2!22222s@",
        "@c22222l2l2l2l2l222222s@",
        "2222222222222222222222s@",
        "@2b2ddtcc2a2f2btd2b2d22@",
        "@@@@@@@@@@@@@@@@@@@@@@@@"
      ],
      "terrain": {
        "~": "t_dirt",
        "4": "t_floor_blue",
        ".": "t_rock_floor",
        "!": "t_column",
        ">": "t_stairs_down",
        "<": "t_stairs_up",
        "`": "t_BL9_hole",
        "?": [ "t_door_metal_c", "t_door_metal_c", "t_door_metal_c", "t_door_metal_c", "t_door_metal_o" ],
        "@": "t_BL9_rockred",
        "i": "t_card_industrial",
        "L": "t_door_metal_locked",
        "1": "t_carpet_purple",
        "2": "t_carpet_red",
        "3": "t_carpet_green",
        "j": "t_guardrail_bg_dp",
        "w": "t_water_pool"
      },
      "furniture": {
        "b": "f_bookcase",
        "c": "f_counter",
        "f": "f_fireplace",
        "s": "f_sofa",
        "d": "f_displaycase",
        "a": "f_armchair",
        "e": "f_table",
        "h": "f_chair",
        "z": "f_bed",
        "t": "f_BL9_long_torch",
        "l": "f_statue"
      },
      "items": {
        "b": { "item": "religious_books", "chance": 100, "repeat": [ 1, 3 ] },
        "d": { "item": "BL9_castle_melee", "chance": 90, "repeat": [ 1, 2 ] },
        "c": { "item": "BL9_treasure_search1", "chance": 100, "repeat": [ 1, 1 ] }
      },
      "place_item": [ { "item": "id_industrial", "x": 18, "y": 22 } ],
      "place_npcs": [ { "class": "BL9_trader", "x": 23, "y": 18, "add_trait": "BL9_TRADER" } ],
      "place_monster": [
        { "monster": "mon_BL9_cultist_bash", "x": 11, "y": 13 },
        { "monster": "mon_BL9_cultist_stab", "x": 15, "y": 12 },
        { "monster": "mon_BL9_mutant_2", "x": 20, "y": 11 },
        { "monster": "mon_BL9_cultist_crossbow", "x": 20, "y": 14 },
        { "monster": "mon_BL9_cultist_stab", "x": 5, "y": 22 },
        { "monster": "mon_BL9_cultist_cut", "x": 13, "y": 22 },
        { "monster": "mon_BL9_cultist_bash", "x": 20, "y": 22 },
        { "monster": "mon_BL9_cultist_crossbow", "x": 17, "y": 20 },
        { "monster": "mon_BL9_cultist_cut", "x": 22, "y": 21 },
        { "monster": "mon_BL9_cultist_stab", "x": 8, "y": 4 },
        { "monster": "mon_BL9_cultist_bash", "x": 12, "y": 4 },
        { "monster": "mon_BL9_mutant_2", "x": 16, "y": 4 },
        { "monster": "mon_BL9_cultist_crossbow", "x": 20, "y": 4 },
        { "monster": "mon_BL9_mutant_2", "x": 14, "y": 2 }
      ]
    }
  },
  {
    "type": "mapgen",
    "om_terrain": [ "castlelan_red2" ],
    "method": "json",
    "weight": 100,
    "object": {
      "fill_ter": "t_carpet_red",
      "rows": [
        "@@@@@@@@@@@@@@@@@@@@@@@@",
        "@2btf2d@2cctfb2@2cdatb2@",
        "@c22222@d22222d@f22222a@",
        "@c22222@222!l22@2222222L",
        "@222222?222l!22?2222222i",
        "@d22222@2222222@2222222@",
        "@b222c2@2f2d2b2@2b2d2ca@",
        "@@@?@@@@@@@@@@@@@@@@@@@@",
        "@a222b2sss2a@22t22sss22@",
        "@c222222222c@2222222222@",
        "@c2!2!2!2!2t@22l2l2l2l2@",
        "@t22l2l2l222?222!2!2!2t@",
        "@b2!2l2!2!22@22l2l2l2l2@",
        "@2222222222c@222222222f@",
        "@d2222222222@2222222222@",
        "@2tf2a2f2d2b@2abdtf222a@",
        "@@@@@@@@@@@@@@@@@@@@?@@@",
        "@a2d2d22@a2sssta@cc222b@",
        "@c222222@2222222@t2222c@",
        "@b222222?2l2!2l2?22222a@",
        "@t222222@2!2l2!2@22222c@",
        "@d22222f@2222222@222222@",
        "@accb2f2@bc222cd@2b2f2d@",
        "@@@@@@@@@@@@2@@@@@@@@@@@"
      ],
      "terrain": {
        "~": "t_dirt",
        "4": "t_floor_blue",
        ".": "t_rock_floor",
        "!": "t_column",
        ">": "t_stairs_down",
        "<": "t_stairs_up",
        "`": "t_BL9_hole",
        "?": [ "t_door_metal_c", "t_door_metal_c", "t_door_metal_c", "t_door_metal_c", "t_door_metal_o" ],
        "@": "t_BL9_rockred",
        "i": "t_card_industrial",
        "L": "t_door_metal_locked",
        "1": "t_carpet_purple",
        "2": "t_carpet_red",
        "3": "t_carpet_green",
        "j": "t_guardrail_bg_dp",
        "w": "t_water_pool"
      },
      "furniture": {
        "b": "f_bookcase",
        "c": "f_counter",
        "f": "f_fireplace",
        "s": "f_sofa",
        "d": "f_displaycase",
        "a": "f_armchair",
        "e": "f_table",
        "h": "f_chair",
        "z": "f_bed",
        "t": "f_BL9_long_torch",
        "l": "f_statue"
      },
      "items": {
        "b": { "item": "textbooks_school", "chance": 100, "repeat": [ 1, 3 ] },
        "d": { "item": "museum_misc", "chance": 90, "repeat": [ 1, 2 ] },
        "c": { "item": "BL9_treasure_search1", "chance": 100, "repeat": [ 1, 1 ] }
      },
      "place_item": [ { "item": "id_industrial", "x": 19, "y": 3 } ],
      "place_monster": [
        { "monster": "mon_BL9_cultist_bash", "x": 14, "y": 19 },
        { "monster": "mon_BL9_cultist_stab", "x": 12, "y": 18 },
        { "monster": "mon_BL9_mutant_2", "x": 2, "y": 23 },
        { "monster": "mon_BL9_cultist_crossbow", "x": 2, "y": 18 },
        { "monster": "mon_BL9_cultist_stab", "x": 23, "y": 23 },
        { "monster": "mon_BL9_cultist_cut", "x": 19, "y": 18 },
        { "monster": "mon_BL9_cultist_bash", "x": 16, "y": 9 },
        { "monster": "mon_BL9_cultist_crossbow", "x": 22, "y": 9 },
        { "monster": "mon_BL9_cultist_cut", "x": 20, "y": 12 },
        { "monster": "mon_BL9_cultist_stab", "x": 18, "y": 12 },
        { "monster": "mon_dr_gonzalez", "x": 4, "y": 10 },
        { "monster": "mon_BL9_mutant_2", "x": 4, "y": 14 },
        { "monster": "mon_BL9_mutant_1", "x": 5, "y": 16 },
        { "monster": "mon_BL9_mutant_2", "x": 8, "y": 12 },
        { "monster": "mon_BL9_mutant_2", "x": 2, "y": 2 },
        { "monster": "mon_BL9_mutant_1", "x": 8, "y": 2 },
        { "monster": "mon_BL9_mutant_2", "x": 15, "y": 6 },
        { "monster": "mon_BL9_mutant_2", "x": 15, "y": 4 },
        { "monster": "mon_dr_gonzalez", "x": 22, "y": 3 },
        { "monster": "mon_BL9_mutant_2", "x": 22, "y": 5 }
      ]
    }
  },
  {
    "type": "mapgen",
    "om_terrain": [ "castlelan_red3" ],
    "method": "json",
    "weight": 100,
    "object": {
      "fill_ter": "t_carpet_red",
      "rows": [
        "@@@@@@@@@@@@@@@@@@@@@@@@",
        "@etcccdd2btf2e@cb2ftsss@",
        "@2222222222222@a222222f@",
        "22222l2l2l2222@2222222c@",
        "@22222!2!2!222?2222222c@",
        "@f222222222222@2222222c@",
        "@a2222tsss22db@2btdd222@",
        "@@@?@@@@@@@@@@@@@@@@@@@@",
        "@2222t222@b2ddb2@2dbf22@",
        "@2l2!2l2f@s2222c@222222@",
        "@2222222b@s2222c@f2222f@",
        "@22222222@222222@22222t@",
        "@22222222?222222?22222b@",
        "@2l2!2l22@22222t@222222@",
        "@2222222c@b2222b@t2222d@",
        "@222t222c@2fddf2@2b222b@",
        "@@@@@@@@@@@@@@@@@@@@?@@@",
        "@d2f2ftbc@2222t22bd22t2@",
        "@2222222c@222l2!2222222@",
        "@b2222222?222222222222f@",
        "@22222222@222!2l222222d@",
        "@d222222d@222222222222b@",
        "@2ftsss2b@222!2lt222222@",
        "@@@@@@@@@@@@@@@@@@@Li@@@"
      ],
      "terrain": {
        "~": "t_dirt",
        "4": "t_floor_blue",
        ".": "t_rock_floor",
        "!": "t_column",
        ">": "t_stairs_down",
        "<": "t_stairs_up",
        "`": "t_BL9_hole",
        "?": [ "t_door_metal_c", "t_door_metal_c", "t_door_metal_c", "t_door_metal_c", "t_door_metal_o" ],
        "@": "t_BL9_rockred",
        "i": "t_card_industrial",
        "L": "t_door_metal_locked",
        "1": "t_carpet_purple",
        "2": "t_carpet_red",
        "3": "t_carpet_green",
        "j": "t_guardrail_bg_dp",
        "w": "t_water_pool"
      },
      "furniture": {
        "b": "f_bookcase",
        "c": "f_counter",
        "f": "f_fireplace",
        "s": "f_sofa",
        "d": "f_displaycase",
        "a": "f_armchair",
        "e": "f_table",
        "h": "f_chair",
        "z": "f_bed",
        "t": "f_BL9_long_torch",
        "l": "f_statue"
      },
      "items": {
        "b": { "item": "mansion_books", "chance": 100, "repeat": [ 1, 3 ] },
        "d": { "item": "museum_armor", "chance": 90, "repeat": [ 1, 2 ] },
        "c": { "item": "BL9_treasure_search1", "chance": 100, "repeat": [ 1, 1 ] }
      },
      "place_item": [ { "item": "id_industrial", "x": 3, "y": 22 } ],
      "place_monster": [
        { "monster": "mon_dr_gonzalez", "x": 9, "y": 5 },
        { "monster": "mon_BL9_cultist_stab", "x": 11, "y": 3 },
        { "monster": "mon_BL9_mutant_1", "x": 11, "y": 6 },
        { "monster": "mon_BL9_cultist_crossbow", "x": 20, "y": 3 },
        { "monster": "mon_BL9_cultist_stab", "x": 20, "y": 6 },
        { "monster": "mon_BL9_cultist_cut", "x": 5, "y": 11 },
        { "monster": "mon_BL9_cultist_cut", "x": 6, "y": 13 },
        { "monster": "mon_BL9_cultist_crossbow", "x": 7, "y": 16 },
        { "monster": "mon_dr_gonzalez", "x": 14, "y": 11 },
        { "monster": "mon_BL9_cultist_stab", "x": 15, "y": 15 },
        { "monster": "mon_BL9_cultist_bash", "x": 21, "y": 10 },
        { "monster": "mon_BL9_mutant_2", "x": 21, "y": 14 },
        { "monster": "mon_BL9_mutant_2", "x": 19, "y": 21 },
        { "monster": "mon_BL9_mutant_1", "x": 14, "y": 21 },
        { "monster": "mon_BL9_mutant_2", "x": 12, "y": 20 },
        { "monster": "mon_BL9_mutant_1", "x": 4, "y": 19 },
        { "monster": "mon_blind_clawer", "x": 4, "y": 22 }
      ]
    }
  },
  {
    "type": "mapgen",
    "om_terrain": [ "castlelan_red4" ],
    "method": "json",
    "weight": 100,
    "object": {
      "fill_ter": "t_carpet_red",
      "rows": [
        "@@@@@@@@@@@@@@@@@@@2@@@@",
        "@2dbbdt2@f222222t222222@",
        "@f222222@b22222l2l22222@",
        "@a222222@d2222!2!2!2222@",
        "@c222222?22222!2!2!2222@",
        "@c222222@222222l2l22222@",
        "@2t22cca@22t22222222t22@",
        "@@@?@@@@@@@@@@@@@@@@@@@@",
        "@2222b2d2ftsss2b@2dffd2@",
        "@d2222222222222c@t2222f@",
        "@d2222222222222c@s2222b@",
        "@22ftb2d2222bdb2@s22222@",
        "@@@@@@@@@@?@@@@@@s22222@",
        "@222222t22222222@t2222a@",
        "@b22222!2!222222@b2222c@",
        "@d2222l2l2l22222@f2222c@",
        "@f22222!2!222222@22222d@",
        "@t222222222t2222@cc222d@",
        "@@@@?@@@@@@@@@@@@@@@?@@@",
        "@2t2222bddb2@22b2d222t2@",
        "@b2222222222@2222222222i",
        "@22222222222?2222222222L",
        "@f2ssstf2b22@22dtf2d2b2@",
        "@@@@@@@@@@@@@@@@@@@@@@@@"
      ],
      "terrain": {
        "~": "t_dirt",
        "4": "t_floor_blue",
        ".": "t_rock_floor",
        "!": "t_column",
        ">": "t_stairs_down",
        "<": "t_stairs_up",
        "`": "t_BL9_hole",
        "?": [ "t_door_metal_c", "t_door_metal_c", "t_door_metal_c", "t_door_metal_c", "t_door_metal_o" ],
        "@": "t_BL9_rockred",
        "i": "t_card_industrial",
        "L": "t_door_metal_locked",
        "1": "t_carpet_purple",
        "2": "t_carpet_red",
        "3": "t_carpet_green",
        "j": "t_guardrail_bg_dp",
        "w": "t_water_pool"
      },
      "furniture": {
        "b": "f_bookcase",
        "c": "f_counter",
        "f": "f_fireplace",
        "s": "f_sofa",
        "d": "f_displaycase",
        "a": "f_armchair",
        "e": "f_table",
        "h": "f_chair",
        "z": "f_bed",
        "t": "f_BL9_long_torch",
        "l": "f_statue"
      },
      "items": {
        "b": { "item": "exotic_books", "chance": 100, "repeat": [ 1, 3 ] },
        "d": { "item": "BL9_castle_melee", "chance": 90, "repeat": [ 1, 2 ] },
        "c": { "item": "BL9_treasure_search1", "chance": 100, "repeat": [ 1, 1 ] }
      },
      "place_item": [ { "item": "id_industrial", "x": 21, "y": 11 } ],
      "place_monster": [
        { "monster": "mon_BL9_cultist_bash", "x": 16, "y": 5 },
        { "monster": "mon_BL9_cultist_stab", "x": 20, "y": 7 },
        { "monster": "mon_BL9_mutant_1", "x": 13, "y": 6 },
        { "monster": "mon_BL9_cultist_crossbow", "x": 3, "y": 4 },
        { "monster": "mon_BL9_cultist_stab", "x": 3, "y": 7 },
        { "monster": "mon_BL9_cultist_cut", "x": 7, "y": 11 },
        { "monster": "mon_blind_clawer", "x": 14, "y": 10 },
        { "monster": "mon_BL9_cultist_crossbow", "x": 5, "y": 16 },
        { "monster": "mon_BL9_cultist_cut", "x": 12, "y": 16 },
        { "monster": "mon_BL9_cultist_stab", "x": 11, "y": 18 },
        { "monster": "mon_BL9_cultist_bash", "x": 5, "y": 22 },
        { "monster": "mon_BL9_mutant_2", "x": 11, "y": 21 },
        { "monster": "mon_BL9_cultist_crossbow", "x": 17, "y": 21 },
        { "monster": "mon_BL9_mutant_2", "x": 22, "y": 22 },
        { "monster": "mon_BL9_mutant_1", "x": 21, "y": 15 },
        { "monster": "mon_BL9_cultist_crossbow", "x": 21, "y": 12 },
        { "monster": "mon_blind_clawer", "x": 19, "y": 9 }
      ]
    }
  },
  {
    "type": "mapgen",
    "om_terrain": [ "castlelan_green1" ],
    "method": "json",
    "weight": 100,
    "object": {
      "fill_ter": "t_rock_floor",
      "rows": [
        "@@@@@2@@@@@@@@@@@@@@@@@@",
        "@2tf222c2b22caa2dtb2f22@",
        "@2222222222222222222222@",
        "@f222!22222l22222l2222s@",
        "@2222l22222l22222!2222s@",
        "@b22222222222222222222s@",
        "@2cct222d2cctb2d2b2d22c@",
        "@@@@@?@@@@@@@@@@@@@@@@@@",
        "@22b2222sss2b2dt2f22acc@",
        "@f22222222222222222222b@",
        "@22222222!222!22222222f@",
        "@t22222l222l222l222222t@",
        "@222222l222l222l222222d@",
        "@f2222222!222!222222222@",
        "@222222222222222222222d@",
        "@2d2btd2222sss22bt2a2cc@",
        "@@@@@@@@?@@@@@@@@@@@@@@@",
        "@ctd2cc222td2b2d2b2sss2@",
        "@c22222222222222222222c@",
        "@222222!2!2!2!2!2!2222c@",
        "@b222222l2l2l2l2l22222a@",
        "@2222222222222222222222i",
        "@f2cct2b22d22cct2d2sss2L",
        "@@@@@@@@@@@@@@@@@@@@@@@@"
      ],
      "terrain": {
        "~": "t_dirt",
        "4": "t_floor_blue",
        ".": "t_rock_floor",
        "!": "t_column",
        ">": "t_stairs_down",
        "<": "t_stairs_up",
        "`": "t_BL9_hole",
        "?": [ "t_door_metal_c", "t_door_metal_c", "t_door_metal_c", "t_door_metal_c", "t_door_metal_o" ],
        "%": "t_rock_wall",
        "@": "t_BL9uniqmazing_wl_limegreen",
        "#": "t_BL9_rockred",
        "i": "t_card_industrial",
        "L": "t_door_metal_locked",
        "1": "t_carpet_red",
        "2": "t_carpet_green",
        "j": "t_guardrail_bg_dp",
        "w": "t_water_pool"
      },
      "furniture": {
        "b": "f_bookcase",
        "c": "f_counter",
        "f": "f_fireplace",
        "s": "f_sofa",
        "d": "f_displaycase",
        "a": "f_armchair",
        "e": "f_table",
        "h": "f_chair",
        "z": "f_bed",
        "t": "f_BL9_long_torch",
        "l": "f_statue"
      },
      "items": {
        "b": { "item": "religious_books", "chance": 100, "repeat": [ 1, 3 ] },
        "d": { "item": "museum_misc", "chance": 90, "repeat": [ 1, 2 ] },
        "c": { "item": "BL9_treasure_search1", "chance": 100, "repeat": [ 1, 1 ] }
      },
      "place_item": [ { "item": "id_industrial", "x": 7, "y": 23 } ],
      "place_npcs": [ { "class": "BL9_trader", "x": 23, "y": 2, "add_trait": "BL9_TRADER" } ],
      "place_monster": [
        { "monster": "mon_BL9_cultist_crossbow", "x": 11, "y": 13 },
        { "monster": "mon_BL9_cultist_stab", "x": 15, "y": 12 },
        { "monster": "mon_BL9_mutant_3", "x": 20, "y": 11 },
        { "monster": "mon_BL9_cultist_crossbow", "x": 20, "y": 14 },
        { "monster": "mon_BL9_cultist_stab", "x": 5, "y": 22 },
        { "monster": "mon_BL9_cultist_cut", "x": 13, "y": 22 },
        { "monster": "mon_BL9_cultist_bash", "x": 20, "y": 22 },
        { "monster": "mon_BL9_cultist_crossbow", "x": 17, "y": 20 },
        { "monster": "mon_BL9_cultist_cut", "x": 22, "y": 21 },
        { "monster": "mon_BL9_cultist_stab", "x": 8, "y": 4 },
        { "monster": "mon_BL9_cultist_bash", "x": 12, "y": 4 },
        { "monster": "mon_BL9_mutant_3", "x": 16, "y": 4 },
        { "monster": "mon_BL9_mutant_3", "x": 20, "y": 4 },
        { "monster": "mon_dr_gonzalez", "x": 14, "y": 2 }
      ]
    }
  },
  {
    "type": "mapgen",
    "om_terrain": [ "castlelan_green2" ],
    "method": "json",
    "weight": 100,
    "object": {
      "fill_ter": "t_rock_floor",
      "rows": [
        "@@@@@@@@@@@@@@@@@@@@@@@@",
        "@dcc2b2@cdtsssc@tadcda2@",
        "@a22222@a22222f@b22222f@",
        "@t2222c@2!222!2@2222222@",
        "@222222?2l222l2?2222222@",
        "@a22222@2222222@2222222@",
        "@d222f2@2btf2d2@2cctb2f@",
        "@@@?@@@@@@@@@@@@@@@@@@@@",
        "@2222btsss22@2d2b2d2a2a@",
        "@22222222222@a22222222t@",
        "@c222l2l2222@2222!2!22b@",
        "@c22!2!2!222?22222l222d@",
        "@a222l2l222t@t222!2!22a@",
        "@22222222222@2222222222@",
        "@b2222222222@a22222222a@",
        "@22d2dtcc2f2@2ssstf222b@",
        "@@@@@@@@@@@@@@@@@@@@?@@@",
        "@22bda22@2a2ftb2@d2222a@",
        "@a222222@c22222c@22222s@",
        "@t222222?222l222?22222s@",
        "@f222222@222!222@t2222s@",
        "@2222222@t222222@222222@",
        "22cctd2b@2b222dd@2cc2b2@",
        "@@@@@@@@@@@@Li@@@@@@@@@@"
      ],
      "terrain": {
        "~": "t_dirt",
        "4": "t_floor_blue",
        ".": "t_rock_floor",
        "!": "t_column",
        ">": "t_stairs_down",
        "<": "t_stairs_up",
        "`": "t_BL9_hole",
        "?": [ "t_door_metal_c", "t_door_metal_c", "t_door_metal_c", "t_door_metal_c", "t_door_metal_o" ],
        "@": "t_BL9uniqmazing_wl_limegreen",
        "i": "t_card_industrial",
        "L": "t_door_metal_locked",
        "1": "t_carpet_red",
        "2": "t_carpet_green",
        "j": "t_guardrail_bg_dp",
        "w": "t_water_pool"
      },
      "furniture": {
        "b": "f_bookcase",
        "c": "f_counter",
        "f": "f_fireplace",
        "s": "f_sofa",
        "d": "f_displaycase",
        "a": "f_armchair",
        "e": "f_table",
        "h": "f_chair",
        "z": "f_bed",
        "t": "f_BL9_long_torch",
        "l": "f_statue"
      },
      "items": {
        "b": { "item": "textbooks_school", "chance": 100, "repeat": [ 1, 3 ] },
        "d": { "item": "BL9_castle_melee", "chance": 90, "repeat": [ 1, 2 ] },
        "c": { "item": "BL9_treasure_search1", "chance": 100, "repeat": [ 1, 1 ] }
      },
      "place_item": [ { "item": "id_industrial", "x": 21, "y": 5 } ],
      "place_monster": [
        { "monster": "mon_BL9_cultist_bash", "x": 14, "y": 19 },
        { "monster": "mon_BL9_cultist_stab", "x": 12, "y": 18 },
        { "monster": "mon_dr_gonzalez", "x": 2, "y": 23 },
        { "monster": "mon_BL9_cultist_crossbow", "x": 2, "y": 18 },
        { "monster": "mon_BL9_cultist_stab", "x": 23, "y": 23 },
        { "monster": "mon_BL9_cultist_cut", "x": 19, "y": 18 },
        { "monster": "mon_BL9_cultist_bash", "x": 16, "y": 9 },
        { "monster": "mon_BL9_cultist_crossbow", "x": 22, "y": 9 },
        { "monster": "mon_BL9_cultist_crossbow", "x": 20, "y": 12 },
        { "monster": "mon_dr_gonzalez", "x": 18, "y": 12 },
        { "monster": "mon_BL9_cultist_bash", "x": 4, "y": 10 },
        { "monster": "mon_BL9_mutant_3", "x": 4, "y": 14 },
        { "monster": "mon_BL9_mutant_2", "x": 5, "y": 16 },
        { "monster": "mon_BL9_mutant_1", "x": 8, "y": 12 },
        { "monster": "mon_BL9_mutant_3", "x": 2, "y": 2 },
        { "monster": "mon_BL9_mutant_2", "x": 8, "y": 2 },
        { "monster": "mon_BL9_mutant_1", "x": 15, "y": 6 },
        { "monster": "mon_BL9_mutant_2", "x": 15, "y": 4 },
        { "monster": "mon_dr_gonzalez", "x": 22, "y": 3 },
        { "monster": "mon_BL9_mutant_1", "x": 22, "y": 5 }
      ]
    }
  },
  {
    "type": "mapgen",
    "om_terrain": [ "castlelan_green3" ],
    "method": "json",
    "weight": 100,
    "object": {
      "fill_ter": "t_rock_floor",
      "rows": [
        "@@@@@@@@@@@@2@@@@@@@@@@@",
        "@2b2ccctf2d222@dd2btfcc@",
        "@2222222222222@22222222@",
        "@d22!2!2!2!2!2@22222222@",
        "L2222l2l2l2l22?2222222d@",
        "ic222222222222@22222222@",
        "@c2222b2dtf2d2@a2ccctd2@",
        "@@@?@@@@@@@@@@@@@@@@@@@@",
        "@22222t22@2sssd2@22fbd2@",
        "@222l222c@t22222@d2222t@",
        "@b222222c@f2222f@d2222s@",
        "@222!2222@b2222b@22222s@",
        "@d2222222?222222?22222s@",
        "@t22l2222@c2222c@t22222@",
        "@f222222f@a2222t@22222b@",
        "@222!222a@2bsssa@2f2222@",
        "@@@@@@@@@@@@@@@@@@@@?@@@",
        "@22bddbt2@222222t222222@",
        "@f2222222@2l222l2!222!2@",
        "@s2222222?2222222222222@",
        "@s2222222@2!222!2l222lt@",
        "@s222222f@2222222222222@",
        "@eacccb22@2l2l2!t2222!2@",
        "@@@@@@@@@@@@@@@@@@@@@@@@"
      ],
      "terrain": {
        "~": "t_dirt",
        "4": "t_floor_blue",
        ".": "t_rock_floor",
        "!": "t_column",
        ">": "t_stairs_down",
        "<": "t_stairs_up",
        "`": "t_BL9_hole",
        "?": [ "t_door_metal_c", "t_door_metal_c", "t_door_metal_c", "t_door_metal_c", "t_door_metal_o" ],
        "@": "t_BL9uniqmazing_wl_limegreen",
        "i": "t_card_industrial",
        "L": "t_door_metal_locked",
        "1": "t_carpet_red",
        "2": "t_carpet_green",
        "j": "t_guardrail_bg_dp",
        "w": "t_water_pool"
      },
      "furniture": {
        "b": "f_bookcase",
        "c": "f_counter",
        "f": "f_fireplace",
        "s": "f_sofa",
        "d": "f_displaycase",
        "a": "f_armchair",
        "e": "f_table",
        "h": "f_chair",
        "z": "f_bed",
        "t": "f_BL9_long_torch",
        "l": "f_statue"
      },
      "items": {
        "b": { "item": "mansion_books", "chance": 100, "repeat": [ 1, 3 ] },
        "d": { "item": "museum_armor", "chance": 90, "repeat": [ 1, 2 ] },
        "c": { "item": "BL9_treasure_search1", "chance": 100, "repeat": [ 1, 1 ] }
      },
      "place_item": [ { "item": "id_industrial", "x": 5, "y": 21 } ],
      "place_monster": [
        { "monster": "mon_BL9_cultist_bash", "x": 9, "y": 5 },
        { "monster": "mon_BL9_cultist_stab", "x": 11, "y": 3 },
        { "monster": "mon_blind_clawer", "x": 11, "y": 6 },
        { "monster": "mon_BL9_cultist_crossbow", "x": 20, "y": 3 },
        { "monster": "mon_BL9_cultist_stab", "x": 20, "y": 6 },
        { "monster": "mon_BL9_cultist_cut", "x": 5, "y": 11 },
        { "monster": "mon_BL9_cultist_bash", "x": 6, "y": 13 },
        { "monster": "mon_BL9_cultist_crossbow", "x": 7, "y": 16 },
        { "monster": "mon_BL9_cultist_cut", "x": 14, "y": 11 },
        { "monster": "mon_dr_gonzalez", "x": 15, "y": 15 },
        { "monster": "mon_BL9_cultist_bash", "x": 21, "y": 10 },
        { "monster": "mon_BL9_mutant_3", "x": 21, "y": 14 },
        { "monster": "mon_BL9_mutant_3", "x": 19, "y": 21 },
        { "monster": "mon_BL9_mutant_1", "x": 14, "y": 21 },
        { "monster": "mon_BL9_mutant_3", "x": 12, "y": 20 },
        { "monster": "mon_BL9_mutant_2", "x": 4, "y": 19 },
        { "monster": "mon_blind_clawer", "x": 4, "y": 22 }
      ]
    }
  },
  {
    "type": "mapgen",
    "om_terrain": [ "castlelan_green4" ],
    "method": "json",
    "weight": 100,
    "object": {
      "fill_ter": "t_rock_floor",
      "rows": [
        "@@@@@@@@@@@@@@@@@@@@@@@@",
        "@22ddtb2@a2222t22222t22@",
        "@f222222@c22222!2!2!22b@",
        "@s222222@c222222l2l222d@",
        "@s222222?2222222l2l22222",
        "@s222222@222222!2!2!22f@",
        "@222tcca@2222t2222t2222@",
        "@@@?@@@@@@@@@@@@@@@@@@@@",
        "@c222d2b2ftcca22@a2bddb@",
        "@22222222222222b@c22222@",
        "@22222222222222b@c22222@",
        "@c2btd2f2222cca2@t2222c@",
        "@@@@@@@@@@?@@@@@@f22222@",
        "@2222t2222222222@b2222a@",
        "@f2l2l2l2l2l2l2l@s2222t@",
        "@d2222!2222222!2@s2222f@",
        "@d2l2l2l2l2l2l2l@s22222@",
        "@2222t222222t222@22222b@",
        "@@@@?@@@@@@@@@@@@@@@?@@@",
        "@222222btf2b@22d2b22222@",
        "@f2222222222@222222222f@",
        "@b2222222222?222222222a@",
        "@2act222dd22@22ftsss2b2@",
        "@@@@@Li@@@@@@@@@@@@@@@@@"
      ],
      "terrain": {
        "~": "t_dirt",
        "4": "t_floor_blue",
        ".": "t_rock_floor",
        "!": "t_column",
        ">": "t_stairs_down",
        "<": "t_stairs_up",
        "`": "t_BL9_hole",
        "?": [ "t_door_metal_c", "t_door_metal_c", "t_door_metal_c", "t_door_metal_c", "t_door_metal_o" ],
        "@": "t_BL9uniqmazing_wl_limegreen",
        "i": "t_card_industrial",
        "L": "t_door_metal_locked",
        "1": "t_carpet_red",
        "2": "t_carpet_green",
        "j": "t_guardrail_bg_dp",
        "w": "t_water_pool"
      },
      "furniture": {
        "b": "f_bookcase",
        "c": "f_counter",
        "f": "f_fireplace",
        "s": "f_sofa",
        "d": "f_displaycase",
        "a": "f_armchair",
        "e": "f_table",
        "h": "f_chair",
        "z": "f_bed",
        "t": "f_BL9_long_torch",
        "l": "f_statue"
      },
      "items": {
        "b": { "item": "exotic_books", "chance": 100, "repeat": [ 1, 3 ] },
        "d": { "item": "BL9_castle_melee", "chance": 90, "repeat": [ 1, 2 ] },
        "c": { "item": "BL9_treasure_search1", "chance": 100, "repeat": [ 1, 1 ] }
      },
      "place_item": [ { "item": "id_industrial", "x": 19, "y": 9 } ],
      "place_monster": [
        { "monster": "mon_BL9_cultist_bash", "x": 16, "y": 5 },
        { "monster": "mon_dr_gonzalez", "x": 20, "y": 7 },
        { "monster": "mon_BL9_mutant_3", "x": 13, "y": 6 },
        { "monster": "mon_BL9_cultist_crossbow", "x": 3, "y": 4 },
        { "monster": "mon_BL9_cultist_stab", "x": 3, "y": 7 },
        { "monster": "mon_BL9_cultist_cut", "x": 7, "y": 11 },
        { "monster": "mon_dr_gonzalez", "x": 14, "y": 10 },
        { "monster": "mon_BL9_cultist_crossbow", "x": 5, "y": 16 },
        { "monster": "mon_BL9_cultist_cut", "x": 12, "y": 16 },
        { "monster": "mon_BL9_cultist_stab", "x": 11, "y": 18 },
        { "monster": "mon_BL9_cultist_bash", "x": 5, "y": 22 },
        { "monster": "mon_BL9_mutant_3", "x": 11, "y": 21 },
        { "monster": "mon_dr_gonzalez", "x": 17, "y": 21 },
        { "monster": "mon_BL9_mutant_3", "x": 22, "y": 22 },
        { "monster": "mon_BL9_mutant_1", "x": 21, "y": 15 },
        { "monster": "mon_BL9_mutant_1", "x": 21, "y": 12 },
        { "monster": "mon_blind_clawer", "x": 19, "y": 9 }
      ]
    }
  },
  {
    "type": "mapgen",
    "om_terrain": [ "castlelan_blue1" ],
    "method": "json",
    "weight": 100,
    "object": {
      "fill_ter": "t_rock_floor",
      "rows": [
        "@@@@@@@@@@@@Li@@@@@@@@@@",
        "@2td22sss2f22222bt2f2d2@",
        "@a22222222222222222222c@",
        "@c222l222!222!222l2222c@",
        "@c222!222l222l222!2222d@",
        "@b22222222222222222222d@",
        "@2act222b22d22ftcc2sss2@",
        "@@@@@?@@@@@@@@@@@@@@@@@@",
        "@dtf22222d2b2d2ftb2d2ca@",
        "@b22222222222222222222t@",
        "@222l222l222l222l222l2s@",
        "@t2222!222!222!222!222s@",
        "@22222!222!222!222!222s@",
        "@b22l222l222l222l222l22@",
        "@a22222222222222222222d@",
        "@ctcca2222ca2f2dta2b22c@",
        "@@@@@@@@?@@@@@@@@@@@@@@@",
        "@b2ftac2222cc2dtbca2cc2@",
        "@222222222222222222222b@",
        "@c22!2!2!2!2!2!2!2!2!2s@",
        "@c222l2l2l2l2l2l2l2l22s@",
        "2222222222222222222222s@",
        "@2btdd2cc2a2f2btd2b2d22@",
        "@@@@@@@@@@@@@@@@@@@@@@@@"
      ],
      "terrain": {
        "~": "t_dirt",
        ".": "t_rock_floor",
        "!": "t_column",
        ">": "t_stairs_down",
        "<": "t_stairs_up",
        "`": "t_BL9_hole",
        "?": [ "t_door_metal_c", "t_door_metal_c", "t_door_metal_c", "t_door_metal_c", "t_door_metal_o" ],
        "@": "t_BL9_rockblue",
        "i": "t_card_industrial",
        "L": "t_door_metal_locked",
        "1": "t_carpet_purple",
        "2": "t_BL9uniqmazing_fl_azurblue",
        "j": "t_guardrail_bg_dp",
        "w": "t_water_pool"
      },
      "furniture": {
        "b": "f_bookcase",
        "c": "f_counter",
        "f": "f_fireplace",
        "s": "f_sofa",
        "d": "f_displaycase",
        "a": "f_armchair",
        "e": "f_table",
        "h": "f_chair",
        "z": "f_bed",
        "t": "f_BL9_long_torch",
        "l": "f_statue"
      },
      "items": {
        "b": { "item": "religious_books", "chance": 100, "repeat": [ 1, 3 ] },
        "d": { "item": "museum_misc", "chance": 90, "repeat": [ 1, 2 ] },
        "c": { "item": "BL9_treasure_search1", "chance": 100, "repeat": [ 1, 1 ] }
      },
      "place_item": [ { "item": "id_industrial", "x": 21, "y": 22 } ],
      "place_npcs": [ { "class": "BL9_trader", "x": 23, "y": 23, "add_trait": "BL9_TRADER" } ],
      "place_monster": [
        { "monster": "mon_BL9_cultist_crossbow", "x": 11, "y": 13 },
        { "monster": "mon_BL9_cultist_stab", "x": 15, "y": 12 },
        { "monster": "mon_BL9_mutant_3", "x": 20, "y": 11 },
        { "monster": "mon_BL9_cultist_crossbow", "x": 20, "y": 14 },
        { "monster": "mon_BL9_cultist_stab", "x": 5, "y": 22 },
        { "monster": "mon_blind_clawer", "x": 13, "y": 22 },
        { "monster": "mon_BL9_cultist_bash", "x": 20, "y": 22 },
        { "monster": "mon_BL9_cultist_crossbow", "x": 17, "y": 20 },
        { "monster": "mon_BL9_cultist_cut", "x": 22, "y": 21 },
        { "monster": "mon_BL9_cultist_stab", "x": 8, "y": 4 },
        { "monster": "mon_BL9_cultist_bash", "x": 12, "y": 4 },
        { "monster": "mon_BL9_mutant_1", "x": 16, "y": 4 },
        { "monster": "mon_BL9_mutant_2", "x": 20, "y": 4 },
        { "monster": "mon_BL9_mutant_3", "x": 14, "y": 2 }
      ]
    }
  },
  {
    "type": "mapgen",
    "om_terrain": [ "castlelan_blue2" ],
    "method": "json",
    "weight": 100,
    "object": {
      "fill_ter": "t_rock_floor",
      "rows": [
        "@@@@@@@@@@@@@@@@@@@@@@@@",
        "@2b2f2d@2cctfb2@2cda2b2@",
        "@c22222@d22222d@f22222a@",
        "@c22222@2l2!2l2@2222222L",
        "@t22222?2!2l2!2?2222222i",
        "@d22222@2222222@2222222@",
        "@b222c2@2f2d2b2@2btd2ca@",
        "@@@?@@@@@@@@@@@@@@@@@@@@",
        "@a222btsss2a@2t222sss22@",
        "@c222222222c@2222222222@",
        "@c2!2!2!2!22@22l2l2l2l2@",
        "@t22l2l2l222?222!2!2!2t@",
        "@b2!2l2!2!22@22l2l2l2l2@",
        "@2222222222c@t22222222f@",
        "@d2222222222@2222222222@",
        "@22f2a2ftd2b@2abd2f222a@",
        "@@@@@@@@@@@@@@@@@@@@?@@@",
        "@a2d2d22@a2sss2a@cc222b@",
        "@c222222@2222222@22222c@",
        "@b222222?2l2!2l2?22222a@",
        "@t222222@2!2l2!2@22222c@",
        "@d22222f@t222222@22222t@",
        "@accb2f2@bc222cd@2b2f2d@",
        "@@@@@@@@@@@@2@@@@@@@@@@@"
      ],
      "terrain": {
        "~": "t_dirt",
        ".": "t_rock_floor",
        "!": "t_column",
        ">": "t_stairs_down",
        "<": "t_stairs_up",
        "`": "t_BL9_hole",
        "?": [ "t_door_metal_c", "t_door_metal_c", "t_door_metal_c", "t_door_metal_c", "t_door_metal_o" ],
        "@": "t_BL9_rockblue",
        "i": "t_card_industrial",
        "L": "t_door_metal_locked",
        "1": "t_carpet_purple",
        "2": "t_BL9uniqmazing_fl_azurblue",
        "j": "t_guardrail_bg_dp",
        "w": "t_water_pool"
      },
      "furniture": {
        "b": "f_bookcase",
        "c": "f_counter",
        "f": "f_fireplace",
        "s": "f_sofa",
        "d": "f_displaycase",
        "a": "f_armchair",
        "e": "f_table",
        "h": "f_chair",
        "z": "f_bed",
        "t": "f_BL9_long_torch",
        "l": "f_statue"
      },
      "items": {
        "b": { "item": "textbooks_school", "chance": 100, "repeat": [ 1, 3 ] },
        "d": { "item": "museum_misc", "chance": 90, "repeat": [ 1, 2 ] },
        "c": { "item": "BL9_treasure_search1", "chance": 100, "repeat": [ 1, 1 ] }
      },
      "place_item": [ { "item": "id_industrial", "x": 5, "y": 18 } ],
      "place_monster": [
        { "monster": "mon_BL9_cultist_bash", "x": 14, "y": 19 },
        { "monster": "mon_BL9_cultist_stab", "x": 12, "y": 18 },
        { "monster": "mon_BL9_mutant_1", "x": 2, "y": 23 },
        { "monster": "mon_BL9_cultist_crossbow", "x": 2, "y": 18 },
        { "monster": "mon_BL9_cultist_stab", "x": 23, "y": 23 },
        { "monster": "mon_BL9_cultist_cut", "x": 19, "y": 18 },
        { "monster": "mon_blind_clawer", "x": 16, "y": 9 },
        { "monster": "mon_BL9_cultist_crossbow", "x": 22, "y": 9 },
        { "monster": "mon_BL9_cultist_cut", "x": 20, "y": 12 },
        { "monster": "mon_BL9_cultist_stab", "x": 18, "y": 12 },
        { "monster": "mon_BL9_cultist_bash", "x": 4, "y": 10 },
        { "monster": "mon_BL9_cultist_crossbow", "x": 4, "y": 14 },
        { "monster": "mon_dr_gonzalez", "x": 5, "y": 16 },
        { "monster": "mon_BL9_mutant_1", "x": 8, "y": 12 },
        { "monster": "mon_BL9_mutant_1", "x": 2, "y": 2 },
        { "monster": "mon_BL9_mutant_2", "x": 8, "y": 2 },
        { "monster": "mon_BL9_cultist_crossbow", "x": 15, "y": 6 },
        { "monster": "mon_BL9_mutant_3", "x": 15, "y": 4 },
        { "monster": "mon_BL9_mutant_1", "x": 22, "y": 3 },
        { "monster": "mon_blind_clawer", "x": 22, "y": 5 }
      ]
    }
  },
  {
    "type": "mapgen",
    "om_terrain": [ "castlelan_blue3" ],
    "method": "json",
    "weight": 100,
    "object": {
      "fill_ter": "t_rock_floor",
      "rows": [
        "@@@@@@@@@@@@@@@@@@@@@@@@",
        "@e2cccddtb2f2e@cb2ftsss@",
        "@2222222222222@a222222f@",
        "222l2l2l2l2l22@2222222c@",
        "@t22!2!2!2!2!2?2222222c@",
        "@f222222222222@2222222c@",
        "@a22222sss2t22@2b2ddt22@",
        "@@@?@@@@@@@@@@@@@@@@@@@@",
        "@2222t222@2bddb2@2dbf22@",
        "@2l2!2l2f@s2222c@22222t@",
        "@t222222b@s2222c@f2222f@",
        "@2!2l2!22@22222t@222222@",
        "@22222222?222222?22222b@",
        "@2l2!2l22@t22222@22222t@",
        "@2222222c@b2222b@22222d@",
        "@2!2lt!2c@2fddf2@2b222b@",
        "@@@@@@@@@@@@@@@@@@@@?@@@",
        "@d2f2f2bc@2222t22222222@",
        "@2222222c@2!2l2!2l2!2l2@",
        "@b2222222?2222222222222@",
        "@t2222222@2l2!2l2!2l2!2@",
        "@d222222d@2222222222222@",
        "@2f2sss2b@2!2!tl2ll22ll@",
        "@@@@@@@@@@@@@@@@@@@Li@@@"
      ],
      "terrain": {
        "~": "t_dirt",
        ".": "t_rock_floor",
        "!": "t_column",
        ">": "t_stairs_down",
        "<": "t_stairs_up",
        "`": "t_BL9_hole",
        "?": [ "t_door_metal_c", "t_door_metal_c", "t_door_metal_c", "t_door_metal_c", "t_door_metal_o" ],
        "@": "t_BL9_rockblue",
        "i": "t_card_industrial",
        "L": "t_door_metal_locked",
        "1": "t_carpet_purple",
        "2": "t_BL9uniqmazing_fl_azurblue",
        "j": "t_guardrail_bg_dp",
        "w": "t_water_pool"
      },
      "furniture": {
        "b": "f_bookcase",
        "c": "f_counter",
        "f": "f_fireplace",
        "s": "f_sofa",
        "d": "f_displaycase",
        "a": "f_armchair",
        "e": "f_table",
        "h": "f_chair",
        "z": "f_bed",
        "t": "f_BL9_long_torch",
        "l": "f_statue"
      },
      "items": {
        "b": { "item": "mansion_books", "chance": 100, "repeat": [ 1, 3 ] },
        "d": { "item": "BL9_castle_melee", "chance": 90, "repeat": [ 1, 2 ] },
        "c": { "item": "BL9_treasure_search1", "chance": 100, "repeat": [ 1, 1 ] }
      },
      "place_item": [ { "item": "id_industrial", "x": 7, "y": 19 } ],
      "place_monster": [
        { "monster": "mon_BL9_cultist_bash", "x": 9, "y": 5 },
        { "monster": "mon_BL9_cultist_stab", "x": 11, "y": 3 },
        { "monster": "mon_blind_clawer", "x": 11, "y": 6 },
        { "monster": "mon_BL9_cultist_crossbow", "x": 20, "y": 3 },
        { "monster": "mon_BL9_cultist_stab", "x": 20, "y": 6 },
        { "monster": "mon_BL9_cultist_cut", "x": 5, "y": 11 },
        { "monster": "mon_BL9_cultist_bash", "x": 6, "y": 13 },
        { "monster": "mon_BL9_cultist_crossbow", "x": 7, "y": 16 },
        { "monster": "mon_BL9_cultist_cut", "x": 14, "y": 11 },
        { "monster": "mon_blind_clawer", "x": 15, "y": 15 },
        { "monster": "mon_BL9_cultist_bash", "x": 21, "y": 10 },
        { "monster": "mon_BL9_mutant_1", "x": 21, "y": 14 },
        { "monster": "mon_BL9_cultist_crossbow", "x": 19, "y": 21 },
        { "monster": "mon_BL9_mutant_2", "x": 14, "y": 21 },
        { "monster": "mon_BL9_mutant_3", "x": 12, "y": 20 },
        { "monster": "mon_BL9_cultist_crossbow", "x": 4, "y": 19 },
        { "monster": "mon_blind_clawer", "x": 4, "y": 22 }
      ]
    }
  },
  {
    "type": "mapgen",
    "om_terrain": [ "castlelan_blue4" ],
    "method": "json",
    "weight": 100,
    "object": {
      "fill_ter": "t_rock_floor",
      "rows": [
        "@@@@@@@@@@@@@@@@@@@2@@@@",
        "@2dbbdt2@f22t2222222222@",
        "@f222222@b2l2l2l2l2l2l2@",
        "@a222222@d22!2!2!2!2!22@",
        "@c222222?222!2!2!2!2!22@",
        "@c222222@22l2l2l2l2l2l2@",
        "@2222cca@222t2222222t22@",
        "@@@?@@@@@@@@@@@@@@@@@@@@",
        "@2222b2d2ftsss2b@2dffd2@",
        "@d2222222222222c@t2222f@",
        "@d2222222222222c@s2222b@",
        "@22ftb2d2222bdb2@s22222@",
        "@@@@@@@@@@?@@@@@@s22222@",
        "@2222t2222222222@22222a@",
        "@b2!2!2!2!2!2!22@b2222c@",
        "@d22l2l2l2l2l222@f2222c@",
        "@f2!2!2!2!2!2!22@t2222d@",
        "@2222222222t2222@cc222d@",
        "@@@@?@@@@@@@@@@@@@@@?@@@",
        "@222222bddb2@22b2dt2222@",
        "@b2222222222@2222222222@",
        "@22222222222?2222222222@",
        "@f2ssstf2b22@22d2f2d2b2@",
        "@@@@@@@@@@@@@@@@@@@@@@@@"
      ],
      "terrain": {
        "~": "t_dirt",
        ".": "t_rock_floor",
        "!": "t_column",
        ">": "t_stairs_down",
        "<": "t_stairs_up",
        "`": "t_BL9_hole",
        "?": [ "t_door_metal_c", "t_door_metal_c", "t_door_metal_c", "t_door_metal_c", "t_door_metal_o" ],
        "@": "t_BL9_rockblue",
        "i": "t_card_industrial",
        "L": "t_door_metal_locked",
        "1": "t_carpet_purple",
        "2": "t_BL9uniqmazing_fl_azurblue",
        "j": "t_guardrail_bg_dp",
        "w": "t_water_pool"
      },
      "furniture": {
        "b": "f_bookcase",
        "c": "f_counter",
        "f": "f_fireplace",
        "s": "f_sofa",
        "d": "f_displaycase",
        "a": "f_armchair",
        "e": "f_table",
        "h": "f_chair",
        "z": "f_bed",
        "t": "f_BL9_long_torch",
        "l": "f_statue"
      },
      "items": {
        "b": { "item": "exotic_books", "chance": 100, "repeat": [ 1, 3 ] },
        "d": { "item": "museum_armor", "chance": 90, "repeat": [ 1, 2 ] },
        "c": { "item": "BL9_treasure_search1", "chance": 100, "repeat": [ 1, 1 ] }
      },
      "place_item": [ { "item": "id_science", "x": 21, "y": 14 } ],
      "place_monster": [
        { "monster": "mon_blind_clawer", "x": 16, "y": 5 },
        { "monster": "mon_BL9_cultist_stab", "x": 20, "y": 7 },
        { "monster": "mon_BL9_mutant_3", "x": 13, "y": 6 },
        { "monster": "mon_BL9_cultist_crossbow", "x": 3, "y": 4 },
        { "monster": "mon_BL9_cultist_stab", "x": 3, "y": 7 },
        { "monster": "mon_dr_gonzalez", "x": 7, "y": 11 },
        { "monster": "mon_BL9_cultist_crossbow", "x": 14, "y": 10 },
        { "monster": "mon_BL9_cultist_crossbow", "x": 5, "y": 16 },
        { "monster": "mon_BL9_cultist_cut", "x": 12, "y": 16 },
        { "monster": "mon_BL9_cultist_stab", "x": 11, "y": 18 },
        { "monster": "mon_dr_gonzalez", "x": 5, "y": 22 },
        { "monster": "mon_BL9_mutant_1", "x": 11, "y": 21 },
        { "monster": "mon_BL9_cultist_crossbow", "x": 17, "y": 21 },
        { "monster": "mon_BL9_mutant_3", "x": 22, "y": 22 },
        { "monster": "mon_BL9_mutant_2", "x": 21, "y": 15 },
        { "monster": "mon_blind_clawer", "x": 21, "y": 12 },
        { "monster": "mon_BL9_cultist_crossbow", "x": 19, "y": 9 }
      ]
    }
  }
]
