[
  {
    "type": "mapgen",
    "om_terrain": [ "castlelan_castle_entr1_left" ],
    "method": "json",
    "weight": 100,
    "object": {
      "fill_ter": "t_floor_noroof",
      "rows": [
        "````````````````````````",
        "````````````````````````",
        "````````````````````````",
        "````````````````````````",
        "````````````````````````",
        "````````````````````````",
        "````````````````````````",
        "````````````````````````",
        "````````````````````````",
        "````````````````````````",
        "!jjjjjjjjjjjjjjjjjjjjjj!",
        "$$$$$$$$$$$$$$$$$$$$$$$$",
        "$$$$$$$$$$$$$$$$$$$$$$$$",
        "$$$$$$$$$$$$$$$$$$$$$$$$",
        "$$$$$$$$$$$$$$$$$$$$$$$$",
        "!jjjjjjjjjjjjjjjjjjjjjj!",
        "````````````````````````",
        "````````````````````````",
        "````````````````````````",
        "````````````````````````",
        "````````````````````````",
        "````````````````````````",
        "````````````````````````",
        "````````````````````````"
      ],
      "palettes": [ "BL9_castle_palette" ],
      "place_signs": [
        {
          "signage": "KINDLY REQUEST YOU TO DISCARD OR STASH ALL OF YOUR COLLECTED ID CARDS (INDUSTRIAL/SCIENCE/MILITARY) IN ORDER TO NOT BREAK THE INTENDED BALANCE",
          "x": 11,
          "y": 12
        },
        {
          "signage": "KINDLY REQUEST YOU TO DISCARD OR STASH ALL OF YOUR COLLECTED ID CARDS (INDUSTRIAL/SCIENCE/MILITARY) IN ORDER TO NOT BREAK THE INTENDED BALANCE",
          "x": 11,
          "y": 15
        }
      ]
    }
  },
  {
    "type": "mapgen",
    "om_terrain": [ "castlelan_castle_entr2_left" ],
    "method": "json",
    "weight": 100,
    "object": {
      "fill_ter": "t_rock_floor",
      "rows": [
        "````````````````````````",
        "``````````````jjjjjjjjjj",
        "%%%%%%%%%%%jjjj.........",
        "%%%%%.....?....t%%%%%%%%",
        "%%%%%.%%%%%%%%%%%%%%%%%%",
        "%%%%%..........ee%%%%%%%",
        "%%%%%%%%.....%%%%%%.e.t%",
        "%%%%%%t...........?....0",
        "0%%%%%...........t%..e.0",
        "0%%%%%e...........%%%%%%",
        "0%%%%%%%%%oo%%%%%%%%%%%%",
        "0.ez.t..e%...t.e%e....t%",
        "o........%......%%%e...%",
        "o.......t%e......%%....%",
        "0........%......e%%e..t%",
        "0........%.......%%....%",
        "0................%%...e%",
        "0........%.......%%....%",
        "%........%%%....%%%%...%",
        "%e...t.ce%%%.....e.....%",
        "%%%%%%%%%%%%...........%",
        "%%%%%%%e...............%",
        "%%%%%%%e.....t...t....e%",
        "%%%%0%%%0%%%%0%%%0%%%%%%"
      ],
      "palettes": [ "BL9_castle_palette" ],
      "furniture": { "z": "f_BL9_teleport" },
      "items": {
        "e": { "item": "BL9_treasure_search1", "chance": 100, "repeat": [ 1, 1 ] },
        "c": { "item": "BL9_lore_journal", "chance": 100, "repeat": [ 1, 1 ] }
      },
      "place_npcs": [ { "class": "BL9_trader", "x": 7, "y": 12, "add_trait": "BL9_TRADER" } ],
      "place_item": [
        { "item": "BL9_guide_note1", "x": 4, "y": 13 },
        { "item": "BL9_guide_note2", "x": 7, "y": 13 },
        { "item": "BL9_agent_note1", "x": 9, "y": 14 }
      ],
      "place_monster": [
        { "monster": "mon_BL9_cultist_bash", "x": 10, "y": 8 },
        { "monster": "mon_BL9_cultist_stab", "x": 12, "y": 8 },
        { "monster": "mon_BL9_cultist_cut", "x": 14, "y": 8 },
        { "monster": "mon_BL9_cultist_crossbow", "x": 17, "y": 8 },
        { "monster": "mon_BL9_cultist_bash", "x": 22, "y": 14 },
        { "monster": "mon_BL9_cultist_stab", "x": 22, "y": 15 },
        { "monster": "mon_BL9_cultist_cut", "x": 18, "y": 3 },
        { "monster": "mon_BL9_cultist_crossbow", "x": 17, "y": 3 },
        { "monster": "mon_BL9_cultist_bash", "x": 21, "y": 8 },
        { "monster": "mon_BL9_cultist_stab", "x": 23, "y": 8 }
      ]
    }
  },
  {
    "type": "mapgen",
    "om_terrain": [ "castlelan_castle_entr_right" ],
    "method": "json",
    "weight": 100,
    "object": {
      "fill_ter": "t_rock_floor",
      "rows": [
        "````````````````````````",
        "jjjjj`````````jjjjjjjjjj",
        "....%%%%%%ijjjj.........",
        "%tj.%.....L....t%%%%%%%%",
        "%`j.%.%%%%%%%%%%%%%%%%%%",
        "%`j.j.j................%",
        "%`j.`.`````````````````%",
        "%`j.`.`````````%%%%%%%%%",
        "%`j.`.`````````%t.cd.ft%",
        "%`j...jjjjjjjjj%.......%",
        "%`j.`..........?..a.b.z%",
        "%`j.`.jjjjjjjjj%%%%%%%%%",
        "%`j.```````````````````%",
        "%`j..........j`````````%",
        "%%%?%%%````j.j`````````%",
        "%c...z%jj``j.jjjjjj````%",
        "%f...u%............j```%",
        "%t...h%jj%%%?%%``j.j```%",
        "%.a...%``%z...%``j.j```%",
        "%%%%%%%``%...b%``%?%%%%%",
        "%````````%c..f%``%.uhft%",
        "%````````%....%``%.....%",
        "%````````%t.dt%``%t...z%",
        "%````````%%%%%%``%%%%%%%"
      ],
      "palettes": [ "BL9_castle_palette" ],
      "items": {
        "b": { "item": "religious_books", "chance": 70, "repeat": [ 1, 3 ] },
        "d": { "item": "BL9_castle_melee", "chance": 70, "repeat": [ 1, 2 ] },
        "f": { "item": "BL9_treasure_search1", "chance": 100, "repeat": [ 1, 1 ] },
        "c": { "item": "BL9_treasure_search1", "chance": 100, "repeat": [ 1, 1 ] }
      },
      "place_item": [ { "item": "BL9_agent_note2", "x": 5, "y": 10 }, { "item": "id_industrial", "x": 11, "y": 21 } ],
      "place_monster": [
        { "monster": "mon_BL9_cultist_bash", "x": 18, "y": 9 },
        { "monster": "mon_BL9_cultist_stab", "x": 21, "y": 9 },
        { "monster": "mon_BL9_mutant_1", "x": 20, "y": 10 },
        { "monster": "mon_BL9_cultist_crossbow", "x": 3, "y": 17 },
        { "monster": "mon_BL9_cultist_stab", "x": 3, "y": 18 },
        { "monster": "mon_BL9_cultist_cut", "x": 5, "y": 18 },
        { "monster": "mon_BL9_cultist_bash", "x": 12, "y": 22 },
        { "monster": "mon_BL9_cultist_crossbow", "x": 12, "y": 23 },
        { "monster": "mon_BL9_cultist_cut", "x": 14, "y": 22 },
        { "monster": "mon_BL9_cultist_stab", "x": 21, "y": 22 },
        { "monster": "mon_BL9_cultist_bash", "x": 22, "y": 22 },
        { "monster": "mon_BL9_mutant_1", "x": 23, "y": 22 },
        { "monster": "mon_BL9_cultist_cut", "x": 11, "y": 20 },
        { "monster": "mon_BL9_cultist_stab", "x": 6, "y": 19 },
        { "monster": "mon_BL9_cultist_bash", "x": 20, "y": 23 }
      ]
    }
  },
  {
    "type": "mapgen",
    "om_terrain": [ "castlelan_castle_entr_veryright" ],
    "method": "json",
    "weight": 100,
    "object": {
      "fill_ter": "t_rock_floor",
      "rows": [
        "`````````%%%%%%%%%%%%%%%",
        "jjjjjjjjj```````````````",
        "........j```````````````",
        "%....%.%%%%%%%%%%```````",
        "%....%.%%%%%%%%%%```````",
        "%.e..%.........%%```````",
        "%%%%%%%%%%%%%%.%jjjjjjj%",
        "%%%%%%%%%%%%%!........t%",
        "%.et%```%%%%%!.....!!.e%",
        "0...%```%%%%%%.....!!.e%",
        "%e..%```jt...?........t%",
        "%%?%jjjjje...%?%%%%%%%%%",
        ".............%...%%%%%%%",
        "%%%%%%%%%%%%%%%%.%``````",
        "%.ete%%%%%%%%%%%.%``````",
        "0e...%.....%%%%%.%%%%%%`",
        "0....%....%```%...%...%%",
        "%%%?%%.....jjj....?...%%",
        "..................?....%",
        "e...jjjjjjjjjj%..%%%%%.%",
        "`j.j``````````%..%t....%",
        "`j.j``jjj`````jee%.%%%%%",
        "`j.jjj..tj``%%%%%%.%%%%%",
        "`j.......j``%%%%%%?%%%%%"
      ],
      "palettes": [ "BL9_castle_palette" ],
      "items": { "e": { "item": "BL9_treasure_search1", "chance": 100, "repeat": [ 1, 1 ] } },
      "place_item": [ { "item": "BL9_guide_note3", "x": 18, "y": 10 } ],
      "place_monster": [
        { "monster": "mon_BL9_cultist_bash", "x": 3, "y": 5 },
        { "monster": "mon_BL9_cultist_stab", "x": 4, "y": 5 },
        { "monster": "mon_BL9_mutant_1", "x": 16, "y": 9 },
        { "monster": "mon_BL9_cultist_crossbow", "x": 17, "y": 10 },
        { "monster": "mon_BL9_cultist_stab", "x": 17, "y": 11 },
        { "monster": "mon_BL9_cultist_cut", "x": 3, "y": 10 },
        { "monster": "mon_BL9_cultist_bash", "x": 8, "y": 13 },
        { "monster": "mon_BL9_cultist_crossbow", "x": 17, "y": 16 },
        { "monster": "mon_BL9_mutant_1", "x": 9, "y": 17 },
        { "monster": "mon_BL9_cultist_stab", "x": 9, "y": 19 },
        { "monster": "mon_BL9_cultist_bash", "x": 3, "y": 23 },
        { "monster": "mon_BL9_mutant_1", "x": 4, "y": 16 },
        { "monster": "mon_BL9_cultist_cut", "x": 22, "y": 18 },
        { "monster": "mon_BL9_mutant_1", "x": 21, "y": 17 },
        { "monster": "mon_BL9_cultist_stab", "x": 3, "y": 16 }
      ]
    }
  },
  {
    "type": "mapgen",
    "om_terrain": [ "castlelan_castle_ins_south" ],
    "method": "json",
    "weight": 100,
    "object": {
      "fill_ter": "t_rock_floor",
      "rows": [
        "%%%%%%%%%%%%%%%%%%.%%%%%",
        "%%%%%%%%%%%%%%%%c...t%%%",
        "%%%%%%%%%%%%%%%%11111%%%",
        "%%%%%%%%%%%%%%%%1vu11%%%",
        "%``````````%%%%%11111%.%",
        "%``````````%%%%%d.fb...%",
        "%%@```````%%%%%%%%%%%..%",
        "%@@@%%%%%%%%%%c..?.1111%",
        "%it..........i...%.1111%",
        ".L...........L.u.%.1111%",
        "%@t..........%.v.%.1111%",
        "%%%%%!?!%%%%%%%%%%zfbtd%",
        "%%%%%........%``%%%%%%%%",
        "%%%%%%%%%%%?%%``````````",
        "%%f.........%```````````",
        "0%c.vuuuuuv.%%%%%%%%%%%%",
        "0%d.........%%%%%%d..dt%",
        "%%%%%?%%%%%%%...%%.222b%",
        "%%%.....%%%%%...%%.222.%",
        "%%%%%%%..........?.222v%",
        "%%%%%%%%%%%%%%%%%%.222u%",
        "%%%%%%%%%%%%%%%%%%.222c%",
        "%%%%%%%%%%%%%%%%%%c..ft%",
        "%%%%%%%%%%%%%%%%%%%%%%%%"
      ],
      "palettes": [ "BL9_castle_palette" ],
      "items": {
        "b": { "item": "manuals_school", "chance": 70, "repeat": [ 1, 3 ] },
        "d": { "item": "BL9_castle_melee", "chance": 70, "repeat": [ 1, 2 ] },
        "f": { "item": "BL9_treasure_search1", "chance": 100, "repeat": [ 1, 1 ] },
        "c": { "item": "BL9_treasure_search1", "chance": 100, "repeat": [ 1, 1 ] }
      },
      "place_item": [
        { "item": "id_industrial", "x": 15, "y": 8 },
        { "item": "id_industrial", "x": 23, "y": 22 },
        { "item": "BL9_agent_note3", "x": 6, "y": 10 }
      ]
    },
    "place_monster": [
      { "monster": "mon_BL9_cultist_stab", "x": 17, "y": 5 },
      { "monster": "mon_BL9_cultist_cut", "x": 18, "y": 5 },
      { "monster": "mon_BL9_cultist_crossbow", "x": 20, "y": 4 },
      { "monster": "mon_BL9_cultist_bash", "x": 21, "y": 11 },
      { "monster": "mon_BL9_cultist_cut", "x": 22, "y": 11 },
      { "monster": "mon_BL9_mutant_1", "x": 5, "y": 10 },
      { "monster": "mon_BL9_cultist_bash", "x": 7, "y": 10 },
      { "monster": "mon_BL9_cultist_crossbow", "x": 4, "y": 17 },
      { "monster": "mon_BL9_cultist_stab", "x": 6, "y": 17 },
      { "monster": "mon_BL9_cultist_cut", "x": 8, "y": 17 },
      { "monster": "mon_BL9_cultist_bash", "x": 15, "y": 19 },
      { "monster": "mon_BL9_mutant_1", "x": 23, "y": 19 },
      { "monster": "mon_BL9_cultist_cut", "x": 21, "y": 22 },
      { "monster": "mon_BL9_mutant_1", "x": 21, "y": 19 },
      { "monster": "mon_BL9_cultist_stab", "x": 5, "y": 9 }
    ]
  },
  {
    "type": "mapgen",
    "om_terrain": [ "castlelan_castle_hall_west" ],
    "method": "json",
    "weight": 100,
    "object": {
      "fill_ter": "t_rock_floor",
      "rows": [
        "@@@@@@@@@@@@@@@@@@@@@@@@",
        "@@@@@@@@@@@!.lbl.l..d..!",
        "@@@@@@@@@@@1111111111111",
        "@@@@@@@@@@@2222222222222",
        "@@@@@@@@@@@33l3l33333333",
        "@@@@@@@@@@@22t2t22222222",
        "@@@@@@@@@@@f111111111111",
        "@@@@@@@@@@@33!3!3!333333",
        "%4t4L4t4i2222t2t22222222",
        "%<44L444L111111111111111",
        "%4t4i4t4L3333t3t33333333",
        "#########2222!2!2222222%",
        "#########111111111111111",
        "#########3333t3t33333333",
        "#########2222!2!22222222",
        "#########111111111111111",
        "#########3333t3t33333333",
        "#########1111l1l11111111",
        "#########222222222222222",
        "#########33333333333333f",
        "#########l2222222222222d",
        "#########111111111111111",
        "#########!.l.l.l..1.d.b!",
        "############@@@@@@?@@@@@"
      ],
      "palettes": [ "BL9_castle_palette" ],
      "items": {
        "b": { "item": "textbooks_school", "chance": 70, "repeat": [ 1, 3 ] },
        "d": { "item": "museum_armor", "chance": 40, "repeat": [ 1, 2 ] },
        "l": { "item": "BL9_treasure_search1", "chance": 100, "repeat": [ 1, 1 ] },
        "c": { "item": "BL9_treasure_search1", "chance": 100, "repeat": [ 1, 1 ] }
      },
      "place_item": [
        { "item": "BL9_guide_note4", "x": 19, "y": 5 },
        { "item": "BL9_castlelan_note1", "x": 15, "y": 10 },
        { "item": "BL9_guide_note5", "x": 19, "y": 21 }
      ],
      "place_npcs": [ { "class": "BL9_trader", "x": 12, "y": 4, "add_trait": "BL9_TRADER" } ],
      "place_monster": [
        { "monster": "mon_BL9_cultist_stab", "x": 19, "y": 4 },
        { "monster": "mon_BL9_cultist_cut", "x": 18, "y": 3 },
        { "monster": "mon_BL9_cultist_crossbow", "x": 20, "y": 2 },
        { "monster": "mon_BL9_cultist_bash", "x": 12, "y": 11 },
        { "monster": "mon_BL9_cultist_cut", "x": 12, "y": 10 },
        { "monster": "mon_BL9_mutant_1", "x": 12, "y": 22 },
        { "monster": "mon_BL9_cultist_bash", "x": 13, "y": 22 },
        { "monster": "mon_BL9_cultist_crossbow", "x": 14, "y": 22 },
        { "monster": "mon_BL9_mutant_1", "x": 17, "y": 20 },
        { "monster": "mon_BL9_cultist_stab", "x": 14, "y": 4 }
      ]
    }
  },
  {
    "type": "mapgen",
    "om_terrain": [ "castlelan_castle_clawer_south" ],
    "method": "json",
    "weight": 100,
    "object": {
      "fill_ter": "t_rock_floor",
      "rows": [
        "%%%%%%%%%%%%%%%@@@1@@@@@",
        "%%%%%.t.n.ee.=%.?.1.!ta@",
        "%%%%%.!.......%.@.1...c@",
        "%%=.+......uv.%.@.1...f@",
        "%%=.+.....!...%.@.1111a@",
        "%%%%%et.ne......@l1...b@",
        "%%%%%%%%%%%%%%%%@.1...l@",
        "%%%%%%%%%%%%%@@@@l1111l@",
        "@@@@@@@@@@@@@#l...1t!.c@",
        "@@@@@@@@@@@@@##..#######",
        "####t..!.n....#Li#..!t##",
        "####a..........2......#.",
        "####u..........2......#.",
        "#..+111111111111111111L.",
        "#=.+222222222222222222i#",
        "####..................##",
        "####d.................##",
        "####t..!.n.d........!t##",
        "@@@@@..@@@@@@@@?@@@@@@@@",
        "%%%@@++@@t11f1333b2d22c@",
        "%%%@@.=@@b111133332222l@",
        "%%%@@@@@@u111133332222l@",
        "%%%%%%%%@a1b11d33f22d2d@",
        "%%%%%%%%@@@@@@@@@@@@@@@@"
      ],
      "palettes": [ "BL9_castle_palette" ],
      "items": {
        "b": { "item": "religious_books", "chance": 100, "repeat": [ 1, 3 ] },
        "d": { "item": "BL9_castle_melee", "chance": 70, "repeat": [ 1, 2 ] },
        "e": { "item": "BL9_treasure_search1", "chance": 100, "repeat": [ 1, 1 ] },
        "c": { "item": "BL9_treasure_search1", "chance": 100, "repeat": [ 1, 1 ] }
      },
      "place_item": [
        { "item": "id_industrial", "x": 4, "y": 5 },
        { "item": "id_industrial", "x": 19, "y": 23 },
        { "item": "BL9_agent_note4", "x": 21, "y": 8 }
      ],
      "place_monster": [
        { "monster": "mon_BL9_cultist_bash", "x": 21, "y": 4 },
        { "monster": "mon_BL9_cultist_stab", "x": 21, "y": 6 },
        { "monster": "mon_BL9_mutant_1", "x": 21, "y": 8 },
        { "monster": "mon_BL9_cultist_crossbow", "x": 18, "y": 9 },
        { "monster": "mon_blind_clawer", "x": 4, "y": 4 },
        { "monster": "mon_BL9_cultist_cut", "x": 12, "y": 13 },
        { "monster": "mon_BL9_cultist_bash", "x": 20, "y": 13 },
        { "monster": "mon_BL9_cultist_crossbow", "x": 14, "y": 16 },
        { "monster": "mon_BL9_cultist_stab", "x": 18, "y": 16 },
        { "monster": "mon_blind_clawer", "x": 2, "y": 14 },
        { "monster": "mon_BL9_cultist_cut", "x": 12, "y": 21 },
        { "monster": "mon_BL9_mutant_1", "x": 19, "y": 21 },
        { "monster": "mon_BL9_mutant_1", "x": 16, "y": 23 }
      ]
    }
  },
  {
    "type": "mapgen",
    "om_terrain": [ "castlelan_castle_cerem_east1" ],
    "method": "json",
    "weight": 100,
    "object": {
      "fill_ter": "t_rock_floor",
      "rows": [
        "@@@@@@@@@@@@@@@@@@@@@@@@",
        "@@@@tt4d4f4t@t2d2f2d2bt@",
        "@@@@44444444@l22222222l@",
        "@@@@c4l4l44s@222l22l222@",
        "%@@@4444444s@l22l22l22l@",
        "%@@@f4l4l4l4@t22b2ssd2t@",
        "%%%@@@@@@@@?@@?@@@@@@@@@",
        "#44a44d4c4a4444@@@@@@@@@",
        "#44www44www44www44www44@",
        "#44w!w44w!w44w!w44w!w44@",
        "#t4www44www44www44www44i",
        "11111111111111111111111L",
        "#t4www44www44www44www44#",
        "#44w!w44w!w44w!w44w!w44#",
        "#=4www44www44www44www44#",
        "##4444l44444l44d4l4a444#",
        "##4#####################",
        "#44#####################",
        "##?#4t4t4!444!4wwwwwwwww",
        "#44t444444l4l44wwwwwwwww",
        "#2222222222222222222222d",
        "#444444444l4l44wwwwwwwww",
        "##4t4t4t4!444!4wwwwwwwww",
        "########################"
      ],
      "palettes": [ "BL9_castle_palette" ],
      "items": {
        "b": { "item": "mansion_books", "chance": 100, "repeat": [ 1, 3 ] },
        "d": { "item": "museum_armor", "chance": 40, "repeat": [ 1, 2 ] },
        "f": { "item": "BL9_treasure_search1", "chance": 100, "repeat": [ 1, 1 ] },
        "e": { "item": "BL9_treasure_search1", "chance": 100, "repeat": [ 1, 1 ] },
        "c": { "item": "BL9_treasure_search1", "chance": 100, "repeat": [ 1, 1 ] }
      },
      "place_item": [ { "item": "id_industrial", "x": 22, "y": 21 } ],
      "place_monster": [
        { "monster": "mon_BL9_cultist_bash", "x": 7, "y": 3 },
        { "monster": "mon_BL9_mutant_1", "x": 11, "y": 4 },
        { "monster": "mon_BL9_cultist_cut", "x": 19, "y": 3 },
        { "monster": "mon_BL9_mutant_1", "x": 19, "y": 5 },
        { "monster": "mon_BL9_cultist_stab", "x": 21, "y": 4 },
        { "monster": "mon_BL9_cultist_cut", "x": 13, "y": 10 },
        { "monster": "mon_BL9_cultist_bash", "x": 13, "y": 15 },
        { "monster": "mon_BL9_cultist_crossbow", "x": 18, "y": 10 },
        { "monster": "mon_BL9_mutant_1", "x": 18, "y": 15 },
        { "monster": "mon_BL9_cultist_stab", "x": 23, "y": 10 },
        { "monster": "mon_BL9_cultist_bash", "x": 23, "y": 14 },
        { "monster": "mon_BL9_cultist_cut", "x": 10, "y": 21 },
        { "monster": "mon_BL9_cultist_stab", "x": 15, "y": 21 },
        { "monster": "mon_dr_gonzalez", "x": 22, "y": 21 },
        { "monster": "mon_BL9_cultist_crossbow", "x": 17, "y": 16 }
      ]
    }
  },
  {
    "type": "mapgen",
    "om_terrain": [ "castlelan_castle_cerem_east2" ],
    "method": "json",
    "weight": 100,
    "object": {
      "fill_ter": "t_rock_floor",
      "rows": [
        "########################",
        "#wwwwwwwwwwwwwwwwwwwwwww",
        "#wwwwwwwwwwwwwwwwwwwwwww",
        "#wwwwwwwwwwwwwwwwwwwwwww",
        "#wwwwwwwwwwwwwwwwwwwwwww",
        "#wwwwwwwwwwwwwwwwwwwwwww",
        "#wwwwwwwwwwwwwwwwwwwwwww",
        "#!4a44d4c4a444b4444l444#",
        "#44www44www44www44www44#",
        "#44w!w44w!w44w!w44w!w44#",
        "#t4www44www44www44www44#",
        "22222222222222222222222L",
        "#t4www44www44www44www44i",
        "#44w!w44w!w44w!w44w!w44#",
        "#44www44www44www44www44#",
        "#!4444l44444l44d4l4a44!#",
        "#wwwwwwwwwwwwwwwwwwwwww#",
        "#wwwwwwwwwwwwwwwwwwwwww#",
        "#wwwwwwwwwwwwwwwwwwwwwww",
        "#wwwwwwwwwwwwwwwwwwwwwww",
        "#wwwwwwwwwwwwwwwwwwwwwww",
        "#wwwwwwwwwwwwwwwwwwwwwww",
        "#wwwwwwwwwwwwwwwwwwwwwww",
        "########################"
      ],
      "palettes": [ "BL9_castle_palette" ],
      "items": {
        "b": { "item": "mansion_books", "chance": 100, "repeat": [ 1, 3 ] },
        "d": { "item": "BL9_castle_melee", "chance": 70, "repeat": [ 1, 2 ] }
      },
      "place_item": [ { "item": "id_industrial", "x": 23, "y": 14 } ]
    },
    "place_monster": [
      { "monster": "mon_BL9_cultist_cut", "x": 8, "y": 8 },
      { "monster": "mon_BL9_cultist_stab", "x": 8, "y": 16 },
      { "monster": "mon_BL9_mutant_1", "x": 12, "y": 8 },
      { "monster": "mon_BL9_cultist_crossbow", "x": 12, "y": 16 },
      { "monster": "mon_BL9_cultist_bash", "x": 17, "y": 8 },
      { "monster": "mon_BL9_cultist_stab", "x": 17, "y": 16 },
      { "monster": "mon_BL9_cultist_bash", "x": 23, "y": 9 },
      { "monster": "mon_BL9_cultist_crossbow", "x": 23, "y": 10 },
      { "monster": "mon_BL9_cultist_cut", "x": 23, "y": 14 },
      { "monster": "mon_dr_gonzalez", "x": 23, "y": 15 }
    ]
  },
  {
    "type": "mapgen",
    "om_terrain": [ "castlelan_castle_ambush_east1" ],
    "method": "json",
    "weight": 100,
    "object": {
      "fill_ter": "t_rock_floor",
      "rows": [
        "@@@@@@@@@@@@@@@@@@@@@@@@",
        "@@@tdf44d44b444c44a44dt@",
        "@334444l!111111l!444444@",
        "@Li@4444411111114444444?",
        "@33@b444411111114444444@",
        "@@3@444l!111111l!44444d@",
        "@@?@@@t44b44a4f444d44bt@",
        "@4344@@@@@@@@@@@@@@@@@@@",
        "@4344@lb2d22t@2@t33d33l@",
        "@434c@22222222233333333@",
        "@434d@t2ss2fl@2@lf3b33t@",
        "33333@@@@@@@@@?@@@@@@@@@",
        "@?@@@@t!44ldl444!t@@@@@@",
        "@4444444444l4444444444a@",
        "@4444444444l4444444444b@",
        "@44444t!44ldl444!t4a444@",
        "@@@@?@@@@@@@@@@@@@@@@@@@",
        "@4d44l44l44l44l44l44l4b@",
        "@4444444444444444444444@",
        "@f44444444444444444444d@",
        "@222222222u22222>222222@",
        "@f44444444444444444444d@",
        "@4d44l4cl4bl4fl44l44l4b@",
        "@@@@@@@@@@@@@@@@@@@@@@@@"
      ],
      "palettes": [ "BL9_castle_palette" ],
      "items": {
        "b": { "item": "exotic_books", "chance": 100, "repeat": [ 1, 3 ] },
        "d": { "item": "museum_misc", "chance": 90, "repeat": [ 1, 2 ] },
        "f": { "item": "BL9_treasure_search1", "chance": 100, "repeat": [ 1, 1 ] },
        "c": { "item": "BL9_treasure_search1", "chance": 100, "repeat": [ 1, 1 ] }
      },
      "place_item": [
        { "item": "longsword", "x": 11, "y": 21 },
        { "item": "BL9_agent_note5", "x": 15, "y": 19 },
        { "item": "BL9_castlelan_note2", "x": 15, "y": 22 }
      ],
      "place_fields": [ { "field": "fd_gibs_flesh", "x": [ 11, 11 ], "y": [ 21, 21 ], "repeat": [ 1, 2 ] } ],
      "place_monster": [
        { "monster": "mon_BL9_cultist_cut", "x": 7, "y": 15 },
        { "monster": "mon_BL9_cultist_stab", "x": 10, "y": 15 },
        { "monster": "mon_BL9_mutant_2", "x": 17, "y": 16 },
        { "monster": "mon_BL9_cultist_crossbow", "x": 17, "y": 14 },
        { "monster": "mon_BL9_cultist_bash", "x": 10, "y": 10 },
        { "monster": "mon_BL9_cultist_cut", "x": 15, "y": 10 },
        { "monster": "mon_BL9_mutant_2", "x": 21, "y": 10 },
        { "monster": "mon_BL9_cultist_crossbow", "x": 6, "y": 22 },
        { "monster": "mon_BL9_cultist_stab", "x": 16, "y": 19 },
        { "monster": "mon_BL9_cultist_bash", "x": 17, "y": 22 },
        { "monster": "mon_dr_gonzalez", "x": 22, "y": 20 },
        { "monster": "mon_BL9_mutant_2", "x": 15, "y": 4 },
        { "monster": "mon_BL9_cultist_bash", "x": 14, "y": 6 },
        { "monster": "mon_BL9_cultist_cut", "x": 20, "y": 6 },
        { "monster": "mon_BL9_mutant_1", "x": 20, "y": 3 }
      ]
    }
  },
  {
    "type": "mapgen",
    "om_terrain": [ "castlelan_castle_ambush_east2" ],
    "method": "json",
    "weight": 100,
    "object": {
      "fill_ter": "t_rock_floor",
      "rows": [
        "########################",
        "#t1bd1111111111f111111t#",
        "#111111!1111!1111#######",
        "111111111ll111111?11s11#",
        "#11111111ll111111#1111t#",
        "#111111!1111!1111#c1uv1#",
        "#1111111111111111##?####",
        "#t11b1d11f11d1b1t##1####",
        "###################1####",
        "###################?####",
        "#######`````````#d111###",
        "#1c111?444444444?111l0``",
        "0111110`````````#t1c1###",
        "#d111l#`````````##0#####",
        "###?###````````````````#",
        "```4````````````````````",
        "```4````````````````````",
        "```4````````````````````",
        "###?##``````````########",
        "0c111?4444444444?111c1t0",
        "01111#`````4````0111111#",
        "01d1t#````4`````#c1111d#",
        "######````44````###0####",
        "`````````%iL%```````````"
      ],
      "palettes": [ "BL9_castle_palette" ],
      "items": {
        "b": { "item": "textbooks_school", "chance": 100, "repeat": [ 1, 3 ] },
        "d": { "item": "BL9_castle_melee", "chance": 90, "repeat": [ 1, 2 ] },
        "f": { "item": "BL9_treasure_search1", "chance": 100, "repeat": [ 1, 1 ] },
        "c": { "item": "BL9_treasure_search1", "chance": 100, "repeat": [ 1, 1 ] }
      },
      "place_item": [ { "item": "id_industrial", "x": 22, "y": 21 } ],
      "place_monster": [
        { "monster": "mon_BL9_cultist_bash", "x": 7, "y": 3 },
        { "monster": "mon_BL9_cultist_stab", "x": 7, "y": 7 },
        { "monster": "mon_BL9_mutant_2", "x": 15, "y": 3 },
        { "monster": "mon_BL9_cultist_crossbow", "x": 15, "y": 7 },
        { "monster": "mon_BL9_cultist_cut", "x": 13, "y": 4 },
        { "monster": "mon_BL9_cultist_stab", "x": 22, "y": 5 },
        { "monster": "mon_BL9_cultist_bash", "x": 20, "y": 9 },
        { "monster": "mon_BL9_mutant_2", "x": 19, "y": 12 },
        { "monster": "mon_BL9_cultist_cut", "x": 9, "y": 20 },
        { "monster": "mon_BL9_cultist_stab", "x": 3, "y": 13 },
        { "monster": "mon_BL9_cultist_bash", "x": 4, "y": 17 },
        { "monster": "mon_BL9_cultist_cut", "x": 5, "y": 21 },
        { "monster": "mon_BL9_mutant_1", "x": 9, "y": 20 },
        { "monster": "mon_BL9_cultist_stab", "x": 15, "y": 20 },
        { "monster": "mon_BL9_mutant_2", "x": 21, "y": 21 }
      ]
    }
  },
  {
    "type": "mapgen",
    "om_terrain": [ "castlelan_castle_garden_south1" ],
    "method": "json",
    "weight": 100,
    "object": {
      "fill_ter": "t_rock_floor",
      "rows": [
        "%%%%%%%%%%%%..j`````````",
        "%```````j%%%..j`````````",
        "%```````j.....j`````````",
        "`jjjjjjjj..%..j`````````",
        "`j.........%..j`````````",
        "`j..www!...%..j%%%%%%%%%",
        "`j.lwwwl...%llj%%%%%%%%%",
        "`j.!www....%%%%%%%%%%%%%",
        "`j.........j````````````",
        "`j.........j````````````",
        "###?0##``j.j````````````",
        "#b111f#``j.j......``````",
        "0111110``j.j````````````",
        "#td1b1#``j.j......``````",
        "#0#####``@?@````````````",
        "`````````j..j```````````",
        "`````````j..jjjjjjjjjjjj",
        "%%%%%%jjjj..............",
        "~~~~~@~~~j..j```@@Li@@@@",
        "~~~~~@~~~j..j```@b2222l@",
        "~~~~~@~~~j..j```@f2222d@",
        "~~~~~?~~~...j```@222222?",
        "~~~~~@~~~@llj```@uv22ss@",
        "@@@@@@@@@@@@@@@@@@@@@@@@"
      ],
      "palettes": [ "BL9_castle_palette" ],
      "items": {
        "b": { "item": "exotic_books", "chance": 100, "repeat": [ 1, 3 ] },
        "d": { "item": "museum_misc", "chance": 90, "repeat": [ 1, 2 ] },
        "f": { "item": "BL9_treasure_search1", "chance": 100, "repeat": [ 1, 1 ] },
        "l": { "item": "BL9_treasure_search1", "chance": 100, "repeat": [ 1, 1 ] }
      },
      "place_item": [ { "item": "BL9_agent_note6", "x": 9, "y": 22 }, { "item": "BL9_castlelan_note3", "x": 3, "y": 21 } ],
      "place_monster": [
        { "monster": "mon_BL9_mutant_2", "x": 10, "y": 7 },
        { "monster": "mon_BL9_cultist_stab", "x": 3, "y": 7 },
        { "monster": "mon_BL9_mutant_1", "x": 6, "y": 9 },
        { "monster": "mon_BL9_cultist_cut", "x": 4, "y": 14 },
        { "monster": "mon_BL9_cultist_stab", "x": 6, "y": 14 },
        { "monster": "mon_BL9_cultist_cut", "x": 11, "y": 18 },
        { "monster": "mon_dr_gonzalez", "x": 14, "y": 18 },
        { "monster": "mon_BL9_cultist_crossbow", "x": 18, "y": 18 },
        { "monster": "mon_BL9_cultist_cut", "x": 21, "y": 21 }
      ]
    }
  },
  {
    "type": "mapgen",
    "om_terrain": [ "castlelan_castle_garden_south2" ],
    "method": "json",
    "weight": 100,
    "object": {
      "fill_ter": "t_rock_floor",
      "rows": [
        "%%%%%%%%%%%%%%%%%%%%%%%%",
        "%%t~~?~~~~~~~~~~~%~~~~t%",
        "%%~~~%%%%%?%~~~~~%~~~~~%",
        "%%%%%%~~~~~%~~%~~%~~%%%%",
        "%~~~~%t~~~~%~~%~~%~~o..=",
        "%~~~~%~~~~~%~~%~~~~~%..%",
        "%t~~~?~~~~~%~~%t~~~~%.e%",
        "%%%%%%%%%~~%??%%%%%%%%%%",
        "%~~~%~~%~~%%~~%~~twwwwl%",
        "%~~~%~~%~~%%%?%~~~wwwwl%",
        "%%?%%%?%?%@~@~~~~twwwwl%",
        "%~~~~~~~~#~~?~~~%%%%%%%%",
        "%?%%%%%%%%??#%%%%%~~~~~%",
        "%~~~~~~~~%~~%t~%~~~%%?%%",
        "%%%%%%%~~%~~%~~%~~~%~~~%",
        "%~~~~~%~~%~d%~~?~~~%~~t%",
        "%~~~~~%~~%%%%%%%%~~%%%%%",
        "%%%%?%%~~~~~%~~~~~~%~~~~",
        "%~~~~~~~~%%%%~%%%~~%~~~~",
        "%%%%?%%%%%~~%~%%%~~~~~~~",
        "%~~~~%~~~%~~%~%%%~~~~~~~",
        "%t%%?%%%?%~~%~%%%~~~~t~~",
        "%%%~~~t~~~~~?~%%%%%%%%%%",
        "%%%%%%%%%%%%%%%%%%%%%%%%"
      ],
      "palettes": [ "BL9_castle_palette" ],
      "place_item": [ { "item": "id_industrial", "x": 11, "y": 15 } ],
      "place_monster": [
        { "monster": "mon_BL9_scrawler", "x": 21, "y": 16 },
        { "monster": "mon_BL9_scrawler", "x": 15, "y": 14 },
        { "monster": "mon_BL9_scrawler", "x": 11, "y": 20 },
        { "monster": "mon_BL9_cultist_crossbow", "x": 3, "y": 21 },
        { "monster": "mon_BL9_cultist_stab", "x": 4, "y": 16 },
        { "monster": "mon_BL9_cultist_cut", "x": 5, "y": 14 },
        { "monster": "mon_BL9_mutant_2", "x": 7, "y": 9 },
        { "monster": "mon_BL9_cultist_crossbow", "x": 3, "y": 5 },
        { "monster": "mon_BL9_mutant_1", "x": 9, "y": 4 },
        { "monster": "mon_dr_gonzalez", "x": 23, "y": 6 },
        { "monster": "mon_BL9_cultist_bash", "x": 23, "y": 3 },
        { "monster": "mon_BL9_mutant_1", "x": 18, "y": 10 },
        { "monster": "mon_BL9_repto", "x": 11, "y": 15 }
      ]
    }
  },
  {
    "type": "mapgen",
    "om_terrain": [ "castlelan_castle_clawer_south2" ],
    "method": "json",
    "weight": 100,
    "object": {
      "fill_ter": "t_rock_floor",
      "rows": [
        "########################",
        "#3d3ltd3?3333a3c3a3t3f3#",
        "#l33333l##3333333333333#",
        "####?#######!333333333!#",
        "#b3333td333#33333333333#",
        "#3!!3333!33#t3333333333#",
        "#3!1111111d#l333333333l#",
        "#333333333g#g3333d3333t#",
        "#b33333333g#g3333d33333?",
        "#33!3333!3q#q3333d3333b#",
        "#a333333333#l333333333l#",
        "#t333333333#33333333333#",
        "#3333333333#t333333333b#",
        "#c3!3333!11#33333333333#",
        "#33333c3333#!33ssc33t3!#",
        "##########Li############",
        "#!bct33333333333333d33!#",
        "#3333==============3333#",
        "#3333=3333l33l3333=333s#",
        "#3333=t33333t33333=333s#",
        "#3333o3333l33l333l=3333#",
        "33333==============3333#",
        "#!bd333333333333333d3t!#",
        "########################"
      ],
      "palettes": [ "BL9_castle_palette" ],
      "items": {
        "b": { "item": "exotic_books", "chance": 100, "repeat": [ 1, 3 ] },
        "d": { "item": "museum_misc", "chance": 90, "repeat": [ 1, 2 ] },
        "f": { "item": "BL9_treasure_search1", "chance": 100, "repeat": [ 1, 1 ] },
        "c": { "item": "BL9_treasure_search1", "chance": 100, "repeat": [ 1, 1 ] }
      },
      "place_item": [ { "item": "id_industrial", "x": 11, "y": 20 } ],
      "place_monster": [
        { "monster": "mon_BL9_cultist_cut", "x": 11, "y": 20 },
        { "monster": "mon_BL9_cultist_stab", "x": 14, "y": 20 },
        { "monster": "mon_BL9_mutant_2", "x": 15, "y": 20 },
        { "monster": "mon_BL9_cultist_crossbow", "x": 16, "y": 20 },
        { "monster": "mon_blind_clawer", "x": 17, "y": 21 },
        { "monster": "mon_BL9_cultist_cut", "x": 16, "y": 21 },
        { "monster": "mon_BL9_mutant_2", "x": 9, "y": 19 },
        { "monster": "mon_BL9_cultist_crossbow", "x": 5, "y": 10 },
        { "monster": "mon_BL9_cultist_stab", "x": 6, "y": 10 },
        { "monster": "mon_BL9_cultist_bash", "x": 7, "y": 10 },
        { "monster": "mon_dr_gonzalez", "x": 8, "y": 10 },
        { "monster": "mon_BL9_mutant_2", "x": 15, "y": 9 },
        { "monster": "mon_BL9_cultist_bash", "x": 16, "y": 9 },
        { "monster": "mon_BL9_cultist_cut", "x": 17, "y": 9 },
        { "monster": "mon_BL9_mutant_1", "x": 20, "y": 12 },
        { "monster": "mon_BL9_cultist_crossbow", "x": 21, "y": 12 },
        { "monster": "mon_BL9_mutant_1", "x": 22, "y": 12 },
        { "monster": "mon_BL9_cultist_cut", "x": 17, "y": 14 },
        { "monster": "mon_blind_clawer", "x": 18, "y": 14 }
      ]
    }
  },
  {
    "type": "mapgen",
    "om_terrain": [ "castlelan_castle_ambush_east3" ],
    "method": "json",
    "weight": 100,
    "object": {
      "fill_ter": "t_rock_floor",
      "rows": [
        "@@@@@@@@@@@@@@@@@@@@@@@@",
        "@b4d4uv4@`````@b4uv4d44@",
        "@l444444?44444?4444444l@",
        "@z44444l@`````@444l444z@",
        "@@@@?@@@@`````@@?@@@@@@@",
        "@t444!44@@@@@@@44!4444t@",
        "@4444!44444444444!44444@",
        "@4444!44lwwwwl44!44444c@",
        "444444444wddw4444444444@",
        "@l4444444wwww444444444l@",
        "@4444444444444444444444@",
        "@c444!44l4444l44!444444@",
        "@l444!44444444444!4444l@",
        "@4444!44444444444!44444@",
        "@t444l444444444444l4c4t@",
        "@@@@@@@@@@Li@@@@@@@@@@@@",
        "@c22d22t222@@@@t11ss11t@",
        "@22!2!2222@@@@a11!11!11@",
        "@22l2l222@@@@1111l11l1d@",
        "@a22222d@@@@d111111>111@",
        "@t22222@@@@111111l11l1f@",
        "@a2222@@@@t111111!11!11@",
        "@z2222?1111111c111111ct@",
        "@@@@@@@@@@@@@@@@@@@@@@@@"
      ],
      "palettes": [ "BL9_castle_palette" ],
      "items": {
        "b": { "item": "mansion_books", "chance": 100, "repeat": [ 1, 3 ] },
        "d": { "item": "BL9_castle_melee", "chance": 90, "repeat": [ 1, 2 ] },
        "f": { "item": "BL9_treasure_search1", "chance": 100, "repeat": [ 1, 1 ] },
        "c": { "item": "BL9_treasure_search1", "chance": 100, "repeat": [ 1, 1 ] }
      },
      "place_item": [ { "item": "id_industrial", "x": 12, "y": 9 }, { "item": "BL9_agent_note7", "x": 18, "y": 20 } ],
      "place_monster": [
        { "monster": "mon_BL9_cultist_cut", "x": 10, "y": 7 },
        { "monster": "mon_BL9_cultist_stab", "x": 11, "y": 7 },
        { "monster": "mon_BL9_mutant_2", "x": 12, "y": 7 },
        { "monster": "mon_dr_gonzalez", "x": 12, "y": 15 },
        { "monster": "mon_BL9_cultist_bash", "x": 13, "y": 15 },
        { "monster": "mon_BL9_cultist_cut", "x": 14, "y": 15 },
        { "monster": "mon_BL9_mutant_2", "x": 15, "y": 15 },
        { "monster": "mon_BL9_cultist_crossbow", "x": 16, "y": 15 },
        { "monster": "mon_BL9_cultist_stab", "x": 20, "y": 6 },
        { "monster": "mon_BL9_cultist_bash", "x": 21, "y": 6 },
        { "monster": "mon_BL9_mutant_1", "x": 18, "y": 3 },
        { "monster": "mon_BL9_cultist_crossbow", "x": 19, "y": 3 },
        { "monster": "mon_BL9_cultist_bash", "x": 20, "y": 3 },
        { "monster": "mon_BL9_cultist_cut", "x": 11, "y": 3 },
        { "monster": "mon_BL9_mutant_1", "x": 12, "y": 3 },
        { "monster": "mon_BL9_cultist_cut", "x": 4, "y": 3 },
        { "monster": "mon_dr_gonzalez", "x": 5, "y": 3 },
        { "monster": "mon_BL9_cultist_crossbow", "x": 6, "y": 3 }
      ]
    }
  },
  {
    "type": "mapgen",
    "om_terrain": [ "castlelan_castle_roadtothrone_west1" ],
    "method": "json",
    "weight": 100,
    "object": {
      "fill_ter": "t_rock_floor",
      "rows": [
        "########################",
        "#``````````````````````#",
        "#``````````````````````#",
        "########################",
        "#c44c4d4f4##333#`###`###",
        "i444444444##3#?#0###0###",
        "L444444444?33#3t1ss11a1#",
        "#444444444####33l33l333#",
        "#f4uv44c4d####33!33!333#",
        "#####?########d3333333>#",
        "#lt11111tl####d33333333#",
        "#l1111111l####2!l22!333#",
        "#l1!111!1l####1l111l111#",
        "#l11111111####3t3ss33a3#",
        "#11!111!ll######0###0###",
        "#l11111111######`###`###",
        "#1t!111!tl##############",
        "#11111111l#!a44444444a!#",
        "#l1c1dc111?444442222444#",
        "###########444442dd2444#",
        "###########444442222444#",
        "###########!a44444444a!#",
        "########################",
        "########################"
      ],
      "palettes": [ "BL9_castle_palette" ],
      "items": {
        "b": { "item": "textbooks_school", "chance": 100, "repeat": [ 1, 3 ] },
        "d": { "item": "BL9_castle_melee", "chance": 90, "repeat": [ 1, 2 ] },
        "f": { "item": "BL9_treasure_search1", "chance": 100, "repeat": [ 1, 1 ] },
        "c": { "item": "BL9_treasure_search1", "chance": 100, "repeat": [ 1, 1 ] }
      },
      "place_item": [ { "item": "id_industrial", "x": 18, "y": 21 }, { "item": "BL9_castlelan_note4", "x": 17, "y": 11 } ],
      "place_monster": [
        { "monster": "mon_BL9_cultist_cut", "x": 18, "y": 9 },
        { "monster": "mon_dr_gonzalez", "x": 18, "y": 10 },
        { "monster": "mon_BL9_mutant_3", "x": 18, "y": 11 },
        { "monster": "mon_BL9_cultist_crossbow", "x": 18, "y": 12 },
        { "monster": "mon_BL9_cultist_bash", "x": 4, "y": 7 },
        { "monster": "mon_BL9_cultist_cut", "x": 5, "y": 7 },
        { "monster": "mon_BL9_mutant_1", "x": 6, "y": 7 },
        { "monster": "mon_BL9_cultist_crossbow", "x": 6, "y": 14 },
        { "monster": "mon_BL9_cultist_crossbow", "x": 6, "y": 15 },
        { "monster": "mon_BL9_cultist_bash", "x": 6, "y": 16 },
        { "monster": "mon_BL9_cultist_crossbow", "x": 6, "y": 17 },
        { "monster": "mon_BL9_mutant_2", "x": 6, "y": 18 },
        { "monster": "mon_dr_gonzalez", "x": 17, "y": 19 },
        { "monster": "mon_BL9_cultist_cut", "x": 18, "y": 19 },
        { "monster": "mon_BL9_mutant_3", "x": 19, "y": 19 },
        { "monster": "mon_blind_clawer", "x": 20, "y": 21 },
        { "monster": "mon_BL9_mutant_3", "x": 21, "y": 21 }
      ]
    }
  },
  {
    "type": "mapgen",
    "om_terrain": [ "castlelan_castle_roadtothrone_west2" ],
    "method": "json",
    "weight": 100,
    "object": {
      "fill_ter": "t_rock_floor",
      "rows": [
        "````````````````````````",
        "````````````````````````",
        "````````````````````````",
        "@0@@0@@0@@@@````````````",
        "@d3sssl33t3@@@@@@0000@@@",
        "@3333333333@2!22!2t22!b2",
        "@b333333333?222222222222",
        "@d333333333@222222222222",
        "@l333333333@2a2tl22l2d2@",
        "@3fb333tdb3@@@?@@0000@@@",
        "@@@@@?@@@@@@f333@````@3@",
        "@l!44144!l@@a333@0000@3@",
        "@a4441444a0@33333333333@",
        "@l4441444l@@@t33333333t@",
        "@b444144440`@3333vv333s@",
        "@t4441444d@`@b333uu333s@",
        "@l4441444l0`0333luul333@",
        "@d4441444t@`@t33luul33t@",
        "@44441444b0`03333uu3333@",
        "@l4441444l@`@f333vv333b@",
        "@b4441444t0`03333333333@",
        "@t4441444d@`@t33333333t@",
        "@l!44144!l0`03d3b3d3ss3@",
        "@@@@@Li@@@@`@@@@@@@@@@@@"
      ],
      "palettes": [ "BL9_castle_palette" ],
      "items": {
        "b": { "item": "religious_books", "chance": 100, "repeat": [ 1, 3 ] },
        "d": { "item": "museum_misc", "chance": 90, "repeat": [ 1, 2 ] },
        "f": { "item": "BL9_treasure_search1", "chance": 100, "repeat": [ 1, 1 ] },
        "a": { "item": "BL9_treasure_search1", "chance": 100, "repeat": [ 1, 1 ] }
      },
      "place_item": [ { "item": "id_industrial", "x": 18, "y": 20 } ],
      "place_monster": [
        { "monster": "mon_BL9_cultist_cut", "x": 16, "y": 7 },
        { "monster": "mon_BL9_cultist_stab", "x": 17, "y": 7 },
        { "monster": "mon_BL9_mutant_2", "x": 18, "y": 7 },
        { "monster": "mon_BL9_cultist_crossbow", "x": 4, "y": 7 },
        { "monster": "mon_BL9_cultist_bash", "x": 5, "y": 7 },
        { "monster": "mon_dr_gonzalez", "x": 4, "y": 8 },
        { "monster": "mon_blind_clawer", "x": 5, "y": 8 },
        { "monster": "mon_BL9_cultist_crossbow", "x": 14, "y": 19 },
        { "monster": "mon_BL9_cultist_stab", "x": 15, "y": 19 },
        { "monster": "mon_BL9_cultist_bash", "x": 16, "y": 19 },
        { "monster": "mon_dr_gonzalez", "x": 20, "y": 19 },
        { "monster": "mon_BL9_mutant_2", "x": 20, "y": 16 },
        { "monster": "mon_BL9_cultist_crossbow", "x": 21, "y": 16 },
        { "monster": "mon_BL9_cultist_cut", "x": 22, "y": 16 },
        { "monster": "mon_BL9_mutant_3", "x": 3, "y": 18 },
        { "monster": "mon_BL9_cultist_cut", "x": 4, "y": 18 },
        { "monster": "mon_BL9_mutant_1", "x": 5, "y": 18 },
        { "monster": "mon_BL9_cultist_cut", "x": 4, "y": 23 },
        { "monster": "mon_BL9_mutant_3", "x": 5, "y": 23 },
        { "monster": "mon_blind_clawer", "x": 6, "y": 23 }
      ]
    }
  },
  {
    "type": "mapgen",
    "om_terrain": [ "castlelan_castle_scrawler_south1" ],
    "method": "json",
    "weight": 100,
    "object": {
      "fill_ter": "t_rock_floor",
      "rows": [
        "jj```.```jjjjjjjjjjjjjjj",
        "jj```.```jjjjjjjjjjjjjjj",
        "jj```.``````````````````",
        "jjjjj?jjjjjj````````````",
        "jf.j...b..fj`j`j`j`j`j`j",
        "j..?.......j.c..f...f..`",
        "jc.j.......?...........j",
        "jjjj......cj..........c`",
        "j..........jc..........j",
        "j.b......c.j..f.b.c.f..`",
        "jjjjjLijjjjjjjjjjjjjjjjj",
        "j````.``````````````````",
        "j````.`````````````j`j`j",
        "j````.`````````````jf.bj",
        "j````.``````.......?....",
        "j.lf...fl```.``````j..bj",
        "j........j``.``````j?j.j",
        "j.......cj``.```````.```",
        "jc.......?...```````.```",
        "jf.......j```````....```",
        "j.......cj````!`j?j`!```",
        "jc.......`````jf...bj```",
        "jf.b..b..`````!.....!```",
        "jjjjjjjjjjjjjjjjjLijjjjj"
      ],
      "palettes": [ "BL9_castleunderground_palette" ],
      "items": { "c": { "item": "BL9_treasure_search1", "chance": 100, "repeat": [ 1, 1 ] } },
      "place_item": [ { "item": "id_industrial", "x": 23, "y": 7 }, { "item": "BL9_agent_note8", "x": 17, "y": 23 } ],
      "place_monster": [
        { "monster": "mon_BL9_scrawler", "x": 19, "y": 20 },
        { "monster": "mon_BL9_scrawler_evo", "x": 20, "y": 20 },
        { "monster": "mon_BL9_scrawler", "x": 22, "y": 15 },
        { "monster": "mon_BL9_scrawler", "x": 23, "y": 15 },
        { "monster": "mon_BL9_scrawler", "x": 13, "y": 15 },
        { "monster": "mon_BL9_scrawler", "x": 13, "y": 17 },
        { "monster": "mon_BL9_mutant_3", "x": 4, "y": 21 },
        { "monster": "mon_BL9_scrawler", "x": 5, "y": 21 },
        { "monster": "mon_BL9_mutant_3", "x": 6, "y": 21 },
        { "monster": "mon_BL9_scrawler", "x": 6, "y": 9 },
        { "monster": "mon_BL9_mutant_3", "x": 7, "y": 9 },
        { "monster": "mon_BL9_mutant_2", "x": 8, "y": 9 },
        { "monster": "mon_BL9_scrawler", "x": 20, "y": 9 },
        { "monster": "mon_BL9_scrawler", "x": 21, "y": 9 },
        { "monster": "mon_BL9_scrawler_evo", "x": 22, "y": 9 },
        { "monster": "mon_BL9_scrawler", "x": 23, "y": 9 }
      ]
    }
  },
  {
    "type": "mapgen",
    "om_terrain": [ "castlelan_castle_scrawler_east1" ],
    "method": "json",
    "weight": 100,
    "object": {
      "fill_ter": "t_rock_floor",
      "rows": [
        "jjjjjjjjjjjjjjjjjjjjjjjj",
        "j````````jjjjjjjj```````",
        "j```````````````````````",
        "jf.......fbbc.```fc.f.bj",
        "jb.!..!.......```......`",
        "jf............```......j",
        "jb.!..!................`",
        "jc............```......j",
        "jf.!..!.......```......`",
        "j.......fcfb..```f...f.j",
        "jjjjjjjjjjjjjjjjjjj?jjjj",
        "j````.`````````````.````",
        "j````.`````````````.````",
        "j````.`````````````.````",
        ".............`jjjjj?jjjj",
        "j````.`````````.cb...f.`",
        "j````.````````j........j",
        "j````.`````````........`",
        "j````.````````j...fb...j",
        "j````.........?..!..!..`",
        "j`````````````j...cf...j",
        "j``````````````........`",
        "j`````````````jb.fccf.bj",
        "jjjjjjjjjjjjjjjjjjjjjjjj"
      ],
      "palettes": [ "BL9_castleunderground_palette" ],
      "items": { "c": { "item": "BL9_treasure_search1", "chance": 100, "repeat": [ 1, 1 ] } },
      "place_item": [ { "item": "id_industrial", "x": 5, "y": 6 } ],
      "place_monster": [
        { "monster": "mon_BL9_scrawler", "x": 6, "y": 12 },
        { "monster": "mon_BL9_scrawler", "x": 12, "y": 15 },
        { "monster": "mon_BL9_scrawler_evo", "x": 11, "y": 20 },
        { "monster": "mon_BL9_scrawler", "x": 19, "y": 20 },
        { "monster": "mon_BL9_scrawler", "x": 20, "y": 20 },
        { "monster": "mon_BL9_mutant_3", "x": 20, "y": 16 },
        { "monster": "mon_BL9_mutant_3", "x": 21, "y": 16 },
        { "monster": "mon_BL9_mutant_3", "x": 15, "y": 7 },
        { "monster": "mon_BL9_scrawler", "x": 16, "y": 7 },
        { "monster": "mon_BL9_scrawler_evo", "x": 17, "y": 7 },
        { "monster": "mon_BL9_scrawler", "x": 20, "y": 4 },
        { "monster": "mon_BL9_mutant_3", "x": 22, "y": 4 },
        { "monster": "mon_BL9_scrawler", "x": 5, "y": 7 },
        { "monster": "mon_BL9_mutant_3", "x": 6, "y": 7 },
        { "monster": "mon_BL9_mutant_2", "x": 4, "y": 10 },
        { "monster": "mon_BL9_scrawler", "x": 5, "y": 10 },
        { "monster": "mon_BL9_scrawler_evo", "x": 6, "y": 10 }
      ]
    }
  },
  {
    "type": "mapgen",
    "om_terrain": [ "castlelan_castle_roadtothrone_bridge1" ],
    "method": "json",
    "weight": 100,
    "object": {
      "fill_ter": "t_rock_floor",
      "rows": [
        "%%%%%%%%%%%%%%%%%.%%%%%%",
        "%``````````````!!.!!````",
        "%``````````````j$$$j````",
        "%``````````````j$$$j````",
        "%``````````````j$$$j````",
        "%``````````````t$$$t````",
        "%``````````````j$$$j````",
        "%``````````````j$$$j````",
        "%``````````````j$$$j````",
        "%``````````````j$$$j`j``",
        "%``````````````......j``",
        "#````````````%%%%?%%..j`",
        "#````````````%.....%..j`",
        "#````````````%mmmm.%..j`",
        "#````````````%mmmm.%..j`",
        "#````````````%%%%%%%..j`",
        "##````````````jt.....jj`",
        "i$$$!$$!$$!$$!$$!$$!$$!$",
        "L$$$$$$$$$$$$$$$$$$$$$$$",
        "#$$$t$$t$$t$$t$$t$$t$$t$",
        "##$$$$$$$$$$$$$$$$$$$$$$",
        "#$$$!$$!$$!$$!$$!$$!$$!$",
        "````````````````````````",
        "````````````````````````"
      ],
      "palettes": [ "BL9_castle_palette" ],
      "place_monster": [
        { "monster": "mon_BL9_cultist_cut", "x": 7, "y": 19 },
        { "monster": "mon_BL9_cultist_stab", "x": 7, "y": 20 },
        { "monster": "mon_BL9_mutant_3", "x": 7, "y": 21 },
        { "monster": "mon_BL9_cultist_crossbow", "x": 12, "y": 19 },
        { "monster": "mon_BL9_cultist_bash", "x": 12, "y": 20 },
        { "monster": "mon_dr_gonzalez", "x": 12, "y": 21 },
        { "monster": "mon_BL9_mutant_2", "x": 15, "y": 19 },
        { "monster": "mon_BL9_cultist_crossbow", "x": 15, "y": 20 },
        { "monster": "mon_BL9_cultist_stab", "x": 15, "y": 21 },
        { "monster": "mon_BL9_cultist_bash", "x": 17, "y": 19 },
        { "monster": "mon_dr_gonzalez", "x": 18, "y": 19 },
        { "monster": "mon_BL9_mutant_3", "x": 19, "y": 19 },
        { "monster": "mon_BL9_cultist_crossbow", "x": 21, "y": 13 },
        { "monster": "mon_BL9_cultist_cut", "x": 22, "y": 13 },
        { "monster": "mon_BL9_mutant_2", "x": 21, "y": 14 },
        { "monster": "mon_BL9_cultist_cut", "x": 22, "y": 14 },
        { "monster": "mon_BL9_mutant_2", "x": 17, "y": 17 }
      ]
    }
  },
  {
    "type": "mapgen",
    "om_terrain": [ "castlelan_castle_roadtothrone_bridge2" ],
    "method": "json",
    "weight": 100,
    "object": {
      "fill_ter": "t_rock_floor",
      "rows": [
        "%%%%%%%%%%%%%%%%%%%%%%%%",
        "%```````````````````````",
        "%```````````````````````",
        "%```````````````````````",
        "%```````````````````````",
        "%```````````````````````",
        "%```````````````````````",
        "%```````````````````````",
        "%```````````````````````",
        "%```````````````````````",
        "%```````````````````````",
        "#```````````````````````",
        "#```````````````````````",
        "#```````````````````````",
        "#```````````````````````",
        "#```````````````````````",
        "#```````````````````````",
        "$$$$$$$$$$$$$$$$$$$$$$$$",
        "$!$$!$$!$$!$$!$$!$$!$$$$",
        "$t$$$$$$$$$$t$$$$$$$$t$$",
        "$!$$!$$!$$!$$!$$!$$!$$$?",
        "$$$$$$$$$$$$$$$$$$$$$$$$",
        "````````````````````````",
        "````````````````````````"
      ],
      "palettes": [ "BL9_castle_palette" ],
      "place_monster": [
        { "monster": "mon_blind_clawer", "x": 10, "y": 19 },
        { "monster": "mon_BL9_cultist_stab", "x": 10, "y": 20 },
        { "monster": "mon_BL9_mutant_2", "x": 10, "y": 21 },
        { "monster": "mon_BL9_cultist_crossbow", "x": 9, "y": 19 },
        { "monster": "mon_BL9_cultist_bash", "x": 9, "y": 20 },
        { "monster": "mon_BL9_cultist_crossbow", "x": 9, "y": 21 },
        { "monster": "mon_BL9_mutant_1", "x": 15, "y": 19 },
        { "monster": "mon_BL9_cultist_crossbow", "x": 15, "y": 20 },
        { "monster": "mon_BL9_cultist_stab", "x": 15, "y": 21 },
        { "monster": "mon_BL9_cultist_bash", "x": 16, "y": 19 },
        { "monster": "mon_blind_clawer", "x": 16, "y": 20 },
        { "monster": "mon_BL9_mutant_1", "x": 16, "y": 21 },
        { "monster": "mon_BL9_cultist_bash", "x": 19, "y": 19 },
        { "monster": "mon_BL9_cultist_cut", "x": 19, "y": 20 },
        { "monster": "mon_BL9_cultist_crossbow", "x": 19, "y": 21 },
        { "monster": "mon_BL9_cultist_cut", "x": 22, "y": 19 },
        { "monster": "mon_BL9_mutant_2", "x": 22, "y": 20 },
        { "monster": "mon_BL9_cultist_cut", "x": 22, "y": 21 }
      ]
    }
  },
  {
    "type": "mapgen",
    "om_terrain": [ "castlelan_castle_throneroom_west" ],
    "method": "json",
    "weight": 100,
    "object": {
      "fill_ter": "t_rock_floor",
      "rows": [
        "@@@@@@@@@@@@@@@@@@@@@@@@",
        "@!321tll!$a!llt31231231@",
        "@132132123123123123123c@",
        "@d32132>231231231231231@",
        "@132ll212312312312ll23b@",
        "@c32ll212312312312ll231@",
        "@s32132123123123123123c@",
        "@s32ll212312312312ll23d@",
        "@s32ll212312312312ll231@",
        "@s32132123123123123123f@",
        "@1321321231231231231231@",
        "@1321321231231231231231@",
        "@!t21b21d31231231b31dt!@",
        "@@@@@@@@@@Li@@@@@@@@@@@@",
        "#22nta2d2222btn2b22t####",
        "#2l22222222222222!2l####",
        "#l2l2222222222222!2l####",
        "#2l2222222222222222222##",
        "#2#2#ftd22#2#2222!2l#222",
        "###2#######2##222!2l####",
        "#l2222222222l#b2222#####",
        "#t2222222222t#222tt#####",
        "########################",
        "########################"
      ],
      "palettes": [ "BL9_castle_palette" ],
      "items": {
        "b": { "item": "religious_books", "chance": 100, "repeat": [ 1, 3 ] },
        "d": { "item": "museum_misc", "chance": 90, "repeat": [ 1, 2 ] },
        "f": { "item": "BL9_treasure_search1", "chance": 100, "repeat": [ 1, 1 ] },
        "c": { "item": "BL9_treasure_search1", "chance": 100, "repeat": [ 1, 1 ] }
      },
      "place_item": [
        { "item": "id_industrial", "x": 3, "y": 19 },
        { "item": "BL9_castlelan_note5", "x": 7, "y": 7 },
        { "item": "BL9_agent_note9", "x": 11, "y": 7 }
      ],
      "place_monster": [
        { "monster": "mon_blind_clawer", "x": 4, "y": 18 },
        { "monster": "mon_blind_clawer", "x": 4, "y": 16 },
        { "monster": "mon_BL9_cultist_crossbow", "x": 7, "y": 16 },
        { "monster": "mon_BL9_cultist_crossbow", "x": 7, "y": 17 },
        { "monster": "mon_BL9_cultist_bash", "x": 7, "y": 18 },
        { "monster": "mon_BL9_cultist_cut", "x": 15, "y": 16 },
        { "monster": "mon_BL9_mutant_2", "x": 15, "y": 17 },
        { "monster": "mon_BL9_cultist_crossbow", "x": 15, "y": 18 },
        { "monster": "mon_blind_clawer", "x": 11, "y": 3 },
        { "monster": "mon_BL9_cultist_bash", "x": 12, "y": 3 },
        { "monster": "mon_dr_gonzalez", "x": 13, "y": 3 },
        { "monster": "mon_BL9_mutant_2", "x": 14, "y": 3 },
        { "monster": "mon_BL9_cultist_bash", "x": 15, "y": 3 },
        { "monster": "mon_BL9_cultist_cut", "x": 16, "y": 3 },
        { "monster": "mon_BL9_cultist_crossbow", "x": 17, "y": 3 },
        { "monster": "mon_BL9_cultist_cut", "x": 18, "y": 3 },
        { "monster": "mon_blind_clawer", "x": 19, "y": 3 }
      ]
    }
  },
  {
    "type": "mapgen",
    "om_terrain": [ "castlelan_castle_robocastlelan1_south" ],
    "method": "json",
    "weight": 100,
    "object": {
      "fill_ter": "t_rock_floor",
      "rows": [
        "@@@@@@@@@@@@@@@@@@@@@@@@",
        "@t4d4uv4@cdld4@sssv4d4z@",
        "@l444444?44444?4444444l@",
        "@z4bl44l@44444@4uvl4ldt@",
        "@@@@@@@@@tq4qt@@@@@?@@@@",
        "@l4c4!dt@@@@@@@td!44c4l@",
        "@4444!444lllll444!44444@",
        "@c444!444l4c4l44!444444@",
        "@44444444ll4ll4444444444",
        "@d444444444444444444444@",
        "@l44444444444444444444l@",
        "@wwwwwwww!4444!wwwwwwww@",
        "@wwwwwwwww4444wwwwwwwww@",
        "@wwwwwwwww4444wwwwwwwww@",
        "@wwwwwwww!4444!wwwwwwww@",
        "@@@@@@@@@@@Li@@@@@@@@@@@",
        "@`````````j$$$j````````@",
        "@`````````j$$$j````````@",
        "@`````````j$$$j````````@",
        "@`````````j$$$j````````@",
        "@`````````j$$$j````````@",
        "@`````````j$$$j````````@",
        "@`````````j$$$j````````@",
        "@`````````j$$$j````````@"
      ],
      "palettes": [ "BL9_castle_palette" ],
      "items": {
        "b": { "item": "mansion_books", "chance": 100, "repeat": [ 1, 3 ] },
        "d": { "item": "museum_armor", "chance": 90, "repeat": [ 1, 2 ] },
        "c": { "item": "BL9_treasure_search1", "chance": 100, "repeat": [ 1, 1 ] }
      },
      "place_item": [
        { "item": "id_industrial", "x": 3, "y": 3 },
        { "item": "BL9_agent_note13", "x": 14, "y": 3 },
        { "item": "BL9_castlelan_note9", "x": 4, "y": 3 }
      ],
      "place_monster": [
        { "monster": "mon_BL9_cultist_cut", "x": 12, "y": 21 },
        { "monster": "mon_BL9_cultist_stab", "x": 13, "y": 21 },
        { "monster": "mon_BL9_mutant_2", "x": 14, "y": 21 },
        { "monster": "mon_BL9_cultist_crossbow", "x": 10, "y": 10 },
        { "monster": "mon_BL9_mutant_3", "x": 11, "y": 10 },
        { "monster": "mon_BL9_cultist_cut", "x": 12, "y": 10 },
        { "monster": "mon_BL9_mutant_3", "x": 13, "y": 10 },
        { "monster": "mon_BL9_cultist_crossbow", "x": 14, "y": 10 },
        { "monster": "mon_BL9_cultist_stab", "x": 18, "y": 3 },
        { "monster": "mon_BL9_cultist_bash", "x": 19, "y": 3 },
        { "monster": "mon_dr_gonzalez", "x": 11, "y": 4 },
        { "monster": "mon_BL9_mutant_3", "x": 12, "y": 4 },
        { "monster": "mon_BL9_cultist_bash", "x": 13, "y": 4 },
        { "monster": "mon_BL9_cultist_crossbow", "x": 4, "y": 3 },
        { "monster": "mon_BL9_mutant_3", "x": 5, "y": 3 },
        { "monster": "mon_BL9_mutant_2", "x": 6, "y": 3 }
      ]
    }
  },
  {
    "type": "mapgen",
    "om_terrain": [ "castlelan_castle_robocastlelan2_south" ],
    "method": "json",
    "weight": 100,
    "object": {
      "fill_ter": "t_rock_floor",
      "rows": [
        "@`````````j$$$j````````@",
        "@`````````j$$$j````````@",
        "@`````````j$$$j````````@",
        "@`````````j$t$j````````@",
        "@`````````j$$$j````````@",
        "@`````````j$$$j````````@",
        "@`````````j$$$j````````@",
        "@`````````j$$$j````````@",
        "@`````````j$$$j````````@",
        "@`````````j$t$j````````@",
        "@`````````j$$$j````````@",
        "@`````````j$$$j````````@",
        "@`````````j$$$j````````@",
        "@`````````j$$$j````````@",
        "@`````````j$$$j````````@",
        "@`````````j$$$j````````@",
        "@`````````j$$$j````````@",
        "@`````````j$$$j````````@",
        "@`````````j$t$j````````@",
        "@`````````j$$$j````````@",
        "@`````````j$$$j````````@",
        "@`````````j$$$j````````@",
        "@`````````j$<$j````````@",
        "@@@@@@@@@@@@@@@@@@@@@@@@"
      ],
      "palettes": [ "BL9_castle_palette" ],
      "place_monster": [
        { "monster": "mon_BL9_cultist_cut", "x": 12, "y": 8 },
        { "monster": "mon_dr_gonzalez", "x": 13, "y": 8 },
        { "monster": "mon_BL9_mutant_1", "x": 14, "y": 8 },
        { "monster": "mon_BL9_cultist_crossbow", "x": 12, "y": 11 },
        { "monster": "mon_BL9_cultist_bash", "x": 12, "y": 11 },
        { "monster": "mon_BL9_cultist_cut", "x": 13, "y": 11 },
        { "monster": "mon_BL9_mutant_1", "x": 11, "y": 14 },
        { "monster": "mon_BL9_cultist_crossbow", "x": 12, "y": 14 },
        { "monster": "mon_BL9_cultist_stab", "x": 13, "y": 14 },
        { "monster": "mon_BL9_cultist_bash", "x": 11, "y": 17 },
        { "monster": "mon_dr_gonzalez", "x": 12, "y": 17 },
        { "monster": "mon_BL9_mutant_2", "x": 13, "y": 17 },
        { "monster": "mon_BL9_cultist_bash", "x": 11, "y": 20 },
        { "monster": "mon_BL9_cultist_crossbow", "x": 12, "y": 20 },
        { "monster": "mon_BL9_mutant_3", "x": 11, "y": 21 },
        { "monster": "mon_BL9_cultist_stab", "x": 12, "y": 21 },
        { "monster": "mon_BL9_mutant_3", "x": 11, "y": 22 },
        { "monster": "mon_BL9_cultist_crossbow", "x": 12, "y": 22 },
        { "monster": "mon_dr_gonzalez", "x": 13, "y": 22 }
      ]
    }
  },
  {
    "type": "mapgen",
    "om_terrain": [ "castlelan_castle_roadtocastlelan" ],
    "method": "json",
    "weight": 100,
    "object": {
      "fill_ter": "t_rock_floor",
      "rows": [
        "########################",
        "##########11>11#########",
        "#######!11111111!#######",
        "####!11111111111111!####",
        "##l1111!1111111!11111l##",
        "#t11111111111111111111t#",
        "#1l1!11!1111111!11!111l#",
        "#1111111111111111111111#",
        "#t11111111111111111111t#",
        "############?###########",
        "#```````````1``````````#",
        "#``ee$$$$$$$$``$$$$````#",
        "#`````$````````$``$````#",
        "#`````$$$$$$$$$$``$````#",
        "#`````````````````$$$``#",
        "#``$`$`$`$``````````$``#",
        "#`$`e`$`$`$$$e$$$$e$$``#",
        "#``$`e`$`$`````````````#",
        "#`$`$`$`e`$`$`$`$`$`$``#",
        "#``$`e`$`$`$`e`$`$`$```#",
        "#``````$$$$$$$$$```````#",
        "######````44````########",
        "######````<4````########",
        "########################"
      ],
      "palettes": [ "BL9_castle_palette" ],
      "items": { "e": { "item": "BL9_treasure_search1", "chance": 100, "repeat": [ 1, 1 ] } },
      "place_npcs": [ { "class": "BL9_trader", "x": 15, "y": 21, "add_trait": "BL9_TRADER" } ],
      "place_monster": [
        { "monster": "mon_BL9_cultist_crossbow", "x": 3, "y": 19 },
        { "monster": "mon_BL9_cultist_stab", "x": 5, "y": 19 },
        { "monster": "mon_BL9_mutant_1", "x": 7, "y": 19 },
        { "monster": "mon_BL9_cultist_crossbow", "x": 15, "y": 19 },
        { "monster": "mon_BL9_cultist_bash", "x": 17, "y": 19 },
        { "monster": "mon_BL9_cultist_cut", "x": 21, "y": 19 },
        { "monster": "mon_BL9_mutant_2", "x": 11, "y": 17 },
        { "monster": "mon_BL9_cultist_crossbow", "x": 12, "y": 17 },
        { "monster": "mon_BL9_cultist_stab", "x": 13, "y": 17 },
        { "monster": "mon_BL9_cultist_bash", "x": 19, "y": 12 },
        { "monster": "mon_blind_clawer", "x": 18, "y": 12 },
        { "monster": "mon_BL9_mutant_2", "x": 11, "y": 14 },
        { "monster": "mon_BL9_cultist_bash", "x": 10, "y": 14 },
        { "monster": "mon_BL9_cultist_cut", "x": 12, "y": 14 },
        { "monster": "mon_BL9_mutant_1", "x": 9, "y": 14 },
        { "monster": "mon_BL9_cultist_crossbow", "x": 11, "y": 7 },
        { "monster": "mon_BL9_mutant_1", "x": 12, "y": 7 },
        { "monster": "mon_BL9_cultist_cut", "x": 13, "y": 7 },
        { "monster": "mon_BL9_mutant_2", "x": 14, "y": 7 },
        { "monster": "mon_BL9_mutant_3", "x": 14, "y": 8 },
        { "monster": "mon_BL9_mutant_3", "x": 12, "y": 8 },
        { "monster": "mon_blind_clawer", "x": 11, "y": 8 }
      ]
    }
  },
  {
    "type": "mapgen",
    "om_terrain": [ "castlelan_castle_castlelan" ],
    "method": "json",
    "weight": 100,
    "object": {
      "fill_ter": "t_rock_floor",
      "rows": [
        "########################",
        "#######t1231>311t#######",
        "#######!12312311!#######",
        "#######!12312311!#######",
        "#######!12312311!#######",
        "#######!12312311!#######",
        "#######!!231231!!#######",
        "#######b12312311b#######",
        "#######c12312311c#######",
        "#######f12312311f#######",
        "#f0b0c000000000000c0b0f#",
        "#f00000000000000000000f#",
        "#b00000000000000000000c#",
        "#b00000000000000000000c#",
        "#c00000000000000000000f#",
        "#f00000000000000000000b#",
        "#f00000000000000000000f#",
        "#c00000000000000000000f#",
        "#f00000000000000000000b#",
        "#b00000000000000000000c#",
        "#c0c0b00c00f00b00f00c0b#",
        "######?#################",
        "###....#################",
        "########################"
      ],
      "terrain": {
        " ": "t_dirt",
        "4": "t_floor_blue",
        ".": "t_rock_floor",
        "0": "t_floor_resin",
        "=": "t_bars",
        "%": "t_rock_wall",
        "@": "t_BL9_rockblue",
        "#": "t_BL9_rockred",
		">": "t_stairs_down"
      },
      "furniture": {
        "b": "f_alien_pod",
        "c": "f_alien_pod_organ",
        "f": "f_BL9_glowing_tendril",
        "s": "f_sofa",
        "d": "f_displaycase",
        "a": "f_armchair",
        "e": "f_crate_c",
        "t": "f_BL9_long_torch",
        "l": "f_statue"
      },
      "items": { "c": { "item": "BL9_treasure_search1", "chance": 100, "repeat": [ 1, 1 ] } },
      "place_item": [
        { "item": "BL9_islandmap", "x": 11, "y": 17 },
        { "item": "BL9_agent_note14", "x": 12, "y": 17 },
        { "item": "BL9_agent_journal10", "x": 14, "y": 17 },
        { "item": "BL9_biomesmap", "x": 11, "y": 18 },
        { "item": "BL9_teleport_item", "x": 4, "y": 23 }
      ],
      "place_monster": [
        { "monster": "mon_BL9_twisted_one", "x": 15, "y": 17 },
        { "monster": "mon_BL9_assassin", "x": 22, "y": 12 },
        { "monster": "mon_blind_clawer", "x": 3, "y": 12 }
      ]
    }
  }
]
