[
  {
    "type": "mapgen",
    "om_terrain": [ "island_base_storage1" ],
    "method": "json",
    "weight": 100,
    "object": {
      "fill_ter": "t_rock_floor",
      "rows": [
        "%%%%%%%%%%%%%%%%%%%%%%%%",
        "%%%%%%%%%%%%%%%%%%%%%%%%",
        "%%%%%%%%%%%%%%%%%%%%%%%%",
        "%t.e.e.W...e.e.q.e.e.te%",
        ".......W..............a%",
        "%......?..............a%",
        "%......W..............e%",
        "%.e..e.Wt.egge..e.te..e%",
        "%%%%%%%%%%%%%%%%%?%%%%%%",
        "%e...ss.q.ssW..t...t..e%",
        "%s.........tW.........s%",
        "%s...TTT..............c%",
        "%q...TTT...tW.........s%",
        "%e.......H..W..TemmeT.e%",
        "%%%%%%?%%%%%%%%%%%%%%%%%",
        "%et.....sssggsssW.egget%",
        "%q..............W......%",
        "%e.....TTT.....tW......%",
        "%q.....TTT.............L",
        "%e.............tW......i",
        "%qt.H.e.H.e.c.e.Wcec..t%",
        "%%%%%%%%%%%%%%%%%%%%%%%%",
        "%%%%%%%%%%%%%%%%%%%%%%%%",
        "%%%%%%%%%%%%%%%%%%%%%%%%"
      ],
      "terrain": {
        " ": "t_dirt",
        ".": "t_thconc_floor",
        "!": "t_column_halfway",
        "W": "t_fence_wire",
        "%": "t_concrete_wall",
        ">": "t_stairs_down",
        "<": "t_stairs_up",
        "?": [ "t_door_metal_c", "t_door_metal_c", "t_door_metal_c", "t_door_metal_c", "t_door_metal_o" ],
        "i": "t_card_industrial",
        "L": "t_door_metal_locked"
      },
      "furniture": {
        "t": "f_BL9_floor_olight",
        "e": "f_crate_c",
        "c": "f_water_heater",
        "H": "f_standing_tank",
        "s": "f_warehouse_shelf",
        "g": "f_workbench",
        "V": "f_dumpster",
        "v": "f_table",
        "y": "f_chair",
        "n": "f_counter",
        "O": "f_fridge",
        "a": "f_air_conditioner",
        "m": "f_machinery_heavy",
        "q": "f_machinery_old",
        "T": "f_generator_broken"
      },
      "liquids": { "c": { "liquid": "water_sewage", "amount": [ 0, 200 ] }, "H": { "liquid": "diesel", "amount": [ 0, 15000 ] } },
      "items": {
        "e": { "item": "BL9_treasure_search2", "chance": 100, "repeat": [ 1, 1 ] },
        "s": { "item": "BL9_treasure_search2", "chance": 100, "repeat": [ 1, 1 ] }
      },
      "place_item": [ { "item": "id_industrial", "x": 7, "y": 18 } ],
      "place_npcs": [ { "class": "BL9_trader", "x": 5, "y": 4, "add_trait": "BL9_TRADER" } ],
      "place_monster": [
        { "monster": "mon_BL9_military_shockrod", "x": 5, "y": 5 },
        { "monster": "mon_BL9_military_cut", "x": 5, "y": 8 },
        { "monster": "mon_BL9_mutant_evo_2", "x": 5, "y": 13 },
        { "monster": "mon_BL9_military_crossbow", "x": 7, "y": 20 },
        { "monster": "mon_BL9_military_bash", "x": 8, "y": 15 },
        { "monster": "mon_BL9_military_cut", "x": 12, "y": 7 },
        { "monster": "mon_BL9_mutant_evo_3", "x": 15, "y": 13 },
        { "monster": "mon_BL9_military_crossbow", "x": 21, "y": 11 },
        { "monster": "mon_BL9_military_stab", "x": 17, "y": 13 },
        { "monster": "mon_BL9_military_bash", "x": 4, "y": 11 },
        { "monster": "mon_BL9_mutant_evo_2", "x": 5, "y": 13 },
        { "monster": "mon_BL9_mutant_evo_3", "x": 9, "y": 14 },
        { "monster": "mon_BL9_military_bash", "x": 4, "y": 20 },
        { "monster": "mon_BL9_military_shockrod", "x": 5, "y": 17 },
        { "monster": "mon_BL9_mutant_evo_1", "x": 14, "y": 17 },
        { "monster": "mon_BL9_mutant_evo_2", "x": 14, "y": 20 },
        { "monster": "mon_BL9_military_cut", "x": 21, "y": 18 },
        { "monster": "mon_BL9_military_crossbow", "x": 14, "y": 17 },
        { "monster": "mon_BL9_mutant_evo_3", "x": 21, "y": 20 }
      ]
    }
  },
  {
    "type": "mapgen",
    "om_terrain": [ "island_base_storage2" ],
    "method": "json",
    "weight": 100,
    "object": {
      "fill_ter": "t_rock_floor",
      "rows": [
        "%%%%%%%%%%%%%%%%%%%%%%%%",
        "%%%%%%%%%%%%%%%%%%%%%%%%",
        "%%%%%%%%%%%%%%%%%%%%%%%%",
        "%g.ette.%.Heec.%.V.V.V.%",
        "%g......%.....t%.......L",
        "%m......?......?..TTT..i",
        "%g......%t.....%..TTT..%",
        "%g....H.%.eqqe.%t.....t%",
        "%%%%?%%%%%%%%%%%%%%%%%%%",
        "%st..VV.q.VV%.qt...tq.s%",
        "%s.........t%...TTT...s%",
        "%e...TTT........TTT...c%",
        "%q...TTT....%.........s%",
        "%e.H.....c.t%.VVt.tVV.s%",
        "%%%%%%%%%%%%%%%%%?%%%%%%",
        "%e.eqe.%eeeggeee%.ecce.%",
        "%e.....%........%.....t%",
        "%.....t%...TTT.t%......%",
        ".......?...TTT..?.....t%",
        "%.....t%.......t%......%",
        "%ce.H.e%H.e.c.e.%HeggeH%",
        "%%%%%%%%%%%%%%%%%%%%%%%%",
        "%%%%%%%%%%%%%%%%%%%%%%%%",
        "%%%%%%%%%%%%%%%%%%%%%%%%"
      ],
      "terrain": {
        " ": "t_dirt",
        ".": "t_thconc_floor",
        "!": "t_column_halfway",
        "W": "t_fence_wire",
        "%": "t_concrete_wall",
        ">": "t_stairs_down",
        "<": "t_stairs_up",
        "`": "t_BL9_hole",
        "?": [ "t_door_metal_c", "t_door_metal_c", "t_door_metal_c", "t_door_metal_c", "t_door_metal_o" ],
        "i": "t_card_industrial",
        "L": "t_door_metal_locked"
      },
      "furniture": {
        "t": "f_BL9_floor_olight",
        "e": "f_crate_c",
        "c": "f_water_heater",
        "H": "f_standing_tank",
        "s": "f_warehouse_shelf",
        "$": "f_server",
        "m": "f_machinery_heavy",
        "q": "f_machinery_old",
        "T": "f_generator_broken",
        "Y": "f_console_broken",
        "l": "f_locker",
        "g": "f_workbench",
        "h": "f_sample_freezer",
        "V": "f_dumpster",
        "v": "f_table",
        "y": "f_chair",
        "n": "f_counter",
        "O": "f_fridge",
        "a": "f_air_conditioner"
      },
      "items": {
        "e": { "item": "BL9_treasure_search2", "chance": 100, "repeat": [ 1, 1 ] },
        "s": { "item": "BL9_treasure_search2", "chance": 100, "repeat": [ 1, 1 ] }
      },
      "liquids": { "c": { "liquid": "water_sewage", "amount": [ 0, 200 ] }, "H": { "liquid": "diesel", "amount": [ 0, 15000 ] } },
      "place_item": [ { "item": "id_industrial", "x": 8, "y": 5 } ],
      "place_monster": [
        { "monster": "mon_BL9_military_cut", "x": 5, "y": 5 },
        { "monster": "mon_BL9_military_stab", "x": 5, "y": 8 },
        { "monster": "mon_BL9_mutant_evo_3", "x": 5, "y": 13 },
        { "monster": "mon_BL9_military_crossbow", "x": 7, "y": 20 },
        { "monster": "mon_BL9_military_bash", "x": 8, "y": 15 },
        { "monster": "mon_BL9_military_shockrod", "x": 12, "y": 7 },
        { "monster": "mon_BL9_mutant_evo_2", "x": 15, "y": 13 },
        { "monster": "mon_BL9_military_crossbow", "x": 21, "y": 11 },
        { "monster": "mon_BL9_military_bash", "x": 17, "y": 13 },
        { "monster": "mon_BL9_military_bash", "x": 4, "y": 11 },
        { "monster": "mon_BL9_military_stab", "x": 5, "y": 13 },
        { "monster": "mon_BL9_mutant_evo_3", "x": 9, "y": 14 },
        { "monster": "mon_BL9_military_cut", "x": 4, "y": 20 },
        { "monster": "mon_BL9_military_cut", "x": 5, "y": 17 },
        { "monster": "mon_BL9_mutant_evo_2", "x": 14, "y": 17 },
        { "monster": "mon_BL9_military_crossbow", "x": 14, "y": 20 },
        { "monster": "mon_BL9_military_shockrod", "x": 21, "y": 18 },
        { "monster": "mon_BL9_mutant_evo_2", "x": 14, "y": 17 },
        { "monster": "mon_BL9_mutant_evo_3", "x": 21, "y": 20 }
      ]
    }
  },
  {
    "type": "mapgen",
    "om_terrain": [ "island_base_storage3" ],
    "method": "json",
    "weight": 100,
    "object": {
      "fill_ter": "t_rock_floor",
      "rows": [
        "%%%%%%%%%%%%%%%%%%%%%%%%",
        "%%%%%%%%%%%%%%%%%%%%%%%%",
        "%tVeVeV.%teggaa%.HaaH.t%",
        "%.......%......%.......%",
        "........%......%..TTT..%",
        "%.......?......?..TTT..%",
        "%.......%......%.......%",
        "%.VeVeVt%.H..ct%t......%",
        "%%%%%%%%%%%%%%%%%%%?%%%%",
        "%stH.VV.q.tmWm.qtV..qts%",
        "%s..........W.........s%",
        "%e...TTT....W...TTT...c%",
        "%q...TTT....?...TTT...c%",
        "%e...TTT....W...TTT...s%",
        "%s...TTT....W...TTT...s%",
        "%st......c.tW.Ht.....ts%",
        "%%%%?%%%%%%%%%%%%%%%%%%%",
        "%t....t%..mTTTmt%t.gg..%",
        "%..........TTT.........%",
        "%......%t.......%.....t%",
        "%H.ee.c%H.e.c.e.%ceYYec%",
        "%%%%%%%%%%%%%.%%%%%%%%%%",
        "%%%%%%%%%%%%..%%%%%%%%%%",
        "%%%%%%%%%%%%Li%%%%%%%%%%"
      ],
      "terrain": {
        " ": "t_dirt",
        ".": "t_thconc_floor",
        "!": "t_column_halfway",
        "W": "t_fence_wire",
        "%": "t_concrete_wall",
        ">": "t_stairs_down",
        "<": "t_stairs_up",
        "`": "t_BL9_hole",
        "?": [ "t_door_metal_c", "t_door_metal_c", "t_door_metal_c", "t_door_metal_c", "t_door_metal_o" ],
        "i": "t_card_industrial",
        "L": "t_door_metal_locked"
      },
      "furniture": {
        "t": "f_BL9_floor_olight",
        "e": "f_crate_c",
        "c": "f_water_heater",
        "H": "f_standing_tank",
        "s": "f_warehouse_shelf",
        "$": "f_server",
        "l": "f_locker",
        "g": "f_workbench",
        "h": "f_sample_freezer",
        "V": "f_dumpster",
        "v": "f_table",
        "y": "f_chair",
        "n": "f_counter",
        "O": "f_fridge",
        "a": "f_air_conditioner",
        "m": "f_machinery_heavy",
        "q": "f_machinery_old",
        "T": "f_generator_broken",
        "Y": "f_console_broken"
      },
      "liquids": { "c": { "liquid": "water_sewage", "amount": [ 0, 200 ] }, "H": { "liquid": "diesel", "amount": [ 0, 15000 ] } },
      "items": {
        "e": { "item": "BL9_treasure_search2", "chance": 100, "repeat": [ 1, 1 ] },
        "s": { "item": "BL9_treasure_search2", "chance": 100, "repeat": [ 1, 1 ] }
      },
      "place_item": [ { "item": "id_industrial", "x": 10, "y": 14 } ],
      "place_monster": [
        { "monster": "mon_BL9_military_shockrod", "x": 5, "y": 5 },
        { "monster": "mon_BL9_military_stab", "x": 5, "y": 8 },
        { "monster": "mon_BL9_mutant_evo_3", "x": 5, "y": 13 },
        { "monster": "mon_BL9_military_crossbow", "x": 7, "y": 20 },
        { "monster": "mon_BL9_military_bash", "x": 8, "y": 15 },
        { "monster": "mon_BL9_military_cut", "x": 12, "y": 7 },
        { "monster": "mon_BL9_mutant_evo_2", "x": 15, "y": 13 },
        { "monster": "mon_BL9_military_crossbow", "x": 21, "y": 11 },
        { "monster": "mon_BL9_military_shockrod", "x": 17, "y": 13 },
        { "monster": "mon_BL9_military_bash", "x": 4, "y": 11 },
        { "monster": "mon_BL9_mutant_evo_3", "x": 5, "y": 13 },
        { "monster": "mon_BL9_mutant_evo_2", "x": 9, "y": 14 },
        { "monster": "mon_BL9_military_crossbow", "x": 4, "y": 20 },
        { "monster": "mon_BL9_mutant_evo_3", "x": 5, "y": 17 },
        { "monster": "mon_BL9_mutant_evo_2", "x": 14, "y": 17 },
        { "monster": "mon_BL9_military_crossbow", "x": 14, "y": 20 },
        { "monster": "mon_BL9_military_crossbow", "x": 21, "y": 18 },
        { "monster": "mon_BL9_mutant_evo_3", "x": 14, "y": 17 },
        { "monster": "mon_BL9_mutant_evo_3", "x": 21, "y": 20 }
      ]
    }
  },
  {
    "type": "mapgen",
    "om_terrain": [ "island_base_factory1" ],
    "method": "json",
    "weight": 100,
    "object": {
      "fill_ter": "t_rock_floor",
      "rows": [
        "%%%%%%%%%%%%.%%%%%%%%%%%",
        "%..ssst..........tsss..%",
        "%y.....TTT....TTT.....m%",
        "%00....TTT....TTT....00%",
        "%h0....TTT....TTT....0g%",
        "%h0..................0g%",
        "%00..................00%",
        "%n..H.m.c.t...tH.m.c..a%",
        "%%%%%%%%%%%%?%%%%%%%%%%%",
        "%.yfy.0..t......t0.nfn.%",
        "%000000..........000000%",
        "%c....................H%",
        "%00..TTT........TTT..00%",
        "%.0..TTT........TTT..0.%",
        "%g0..TTT........TTT..0g%",
        "%.0.....tmssssmt.....0.%",
        "%%%%?%%%%%%%%%%%%%%%%%%%",
        "%H.t.tH0gnng.gyyg.gmmg.%",
        "i......0000000000000000%",
        "L...................H0f%",
        "%c.............TTTT..0n%",
        "%0000000.......TTTT..0f%",
        "%.fyf..0caatss......c0t%",
        "%%%%%%%%%%%%%%%%%%%%%%%%"
      ],
      "terrain": {
        " ": "t_dirt",
        ".": "t_thconc_floor",
        "!": "t_column_halfway",
        "W": "t_fence_wire",
        "%": "t_concrete_wall",
        ">": "t_stairs_down",
        "<": "t_stairs_up",
        "`": "t_BL9_hole",
        "?": [ "t_door_metal_c", "t_door_metal_c", "t_door_metal_c", "t_door_metal_c", "t_door_metal_o" ],
        "i": "t_card_industrial",
        "L": "t_door_metal_locked",
        "0": "t_conveyor"
      },
      "furniture": {
        "t": "f_BL9_floor_olight",
        "e": "f_crate_c",
        "c": "f_water_heater",
        "H": "f_standing_tank",
        "s": "f_warehouse_shelf",
        "$": "f_server",
        "l": "f_locker",
        "V": "f_dumpster",
        "v": "f_table",
        "y": "f_drill_press",
        "n": "f_bandsaw",
        "h": "f_heavy_lathe",
        "a": "f_air_conditioner",
        "g": "f_machinery_electronic",
        "m": "f_machinery_heavy",
        "f": "f_machinery_old",
        "T": "f_generator_broken",
        "Y": "f_console_broken"
      },
      "liquids": { "c": { "liquid": "water_sewage", "amount": [ 0, 200 ] }, "H": { "liquid": "diesel", "amount": [ 0, 15000 ] } },
      "items": { "s": { "item": "BL9_treasure_search2", "chance": 100, "repeat": [ 1, 1 ] } },
      "place_item": [ { "item": "id_industrial", "x": 15, "y": 20 } ],
      "place_monster": [
        { "monster": "mon_BL9_military_cut", "x": 7, "y": 2 },
        { "monster": "mon_BL9_military_shockrod", "x": 4, "y": 4 },
        { "monster": "mon_BL9_military_crossbow", "x": 19, "y": 4 },
        { "monster": "mon_BL9_military_shockrod", "x": 23, "y": 3 },
        { "monster": "mon_BL9_military_behemoth", "x": 20, "y": 2 },
        { "monster": "mon_BL9_mutant_evo_3", "x": 6, "y": 9 },
        { "monster": "mon_BL9_military_crossbow", "x": 8, "y": 10 },
        { "monster": "mon_BL9_military_stab", "x": 4, "y": 11 },
        { "monster": "mon_BL9_military_cut", "x": 16, "y": 10 },
        { "monster": "mon_BL9_military_shockrod", "x": 20, "y": 8 },
        { "monster": "mon_BL9_mutant_evo_2", "x": 22, "y": 14 },
        { "monster": "mon_BL9_military_bash", "x": 18, "y": 14 },
        { "monster": "mon_BL9_military_cut", "x": 11, "y": 14 },
        { "monster": "mon_BL9_mutant_evo_3", "x": 3, "y": 15 },
        { "monster": "mon_BL9_military_behemoth", "x": 7, "y": 15 },
        { "monster": "mon_BL9_mutant_evo_3", "x": 12, "y": 15 },
        { "monster": "mon_BL9_military_bash", "x": 13, "y": 15 },
        { "monster": "mon_BL9_military_crossbow", "x": 19, "y": 15 },
        { "monster": "mon_BL9_mutant_evo_2", "x": 22, "y": 15 },
        { "monster": "mon_BL9_military_stab", "x": 7, "y": 22 },
        { "monster": "mon_BL9_mutant_evo_2", "x": 6, "y": 20 },
        { "monster": "mon_BL9_military_shockrod", "x": 12, "y": 19 },
        { "monster": "mon_BL9_mutant_evo_3", "x": 13, "y": 21 },
        { "monster": "mon_BL9_military_crossbow", "x": 15, "y": 22 },
        { "monster": "mon_BL9_military_bash", "x": 20, "y": 19 },
        { "monster": "mon_BL9_military_crossbow", "x": 19, "y": 22 },
        { "monster": "mon_BL9_military_behemoth", "x": 22, "y": 21 }
      ]
    }
  },
  {
    "type": "mapgen",
    "om_terrain": [ "island_base_factory2" ],
    "method": "json",
    "weight": 100,
    "object": {
      "fill_ter": "t_rock_floor",
      "rows": [
        "%%%%%%%%%%%%%%%%%%%%%%%%",
        "L..aact...tW.Wt...Haat.%",
        "iy.....TTT.W.W.TTT....m%",
        "%00....TTT.W.W.TTT...00%",
        "%h0....TTT.?.?.TTT...0n%",
        "%g0........W.W.......0g%",
        "%00........W.W.......00%",
        "%n.tH.h.c..W.W.H.h.ct.a%",
        "%%%%%%%%%%%%?%%%%%%%%%%%",
        "%.nhq.0t.%.0.t0.%t.gmgt%",
        "%000000..%h0..0h%......%",
        "%c.......%00..00%.....c%",
        "%00..TT..............00%",
        "%y0..TT..%.0..0.%....0f%",
        "%g0..TT..%h0..0h%....0g%",
        "%q0....t.%00.t00%thht0f%",
        "%%%%?%%%%%%%%%%%%%%%%%%%",
        "%n....TT.%.HmmH.%0.gmg0%",
        "%t....TTt%......%000000%",
        "%........?......?.......",
        "%c......H%t....t%H....c%",
        "%00000000%n....h%000000%",
        "%0.gqqg.0%.cyyc.%0.t..0%",
        "%%%%%%%%%%%%%%%%%%%%%%%%"
      ],
      "terrain": {
        " ": "t_dirt",
        ".": "t_thconc_floor",
        "!": "t_column_halfway",
        "W": "t_fence_wire",
        "%": "t_concrete_wall",
        ">": "t_stairs_down",
        "<": "t_stairs_up",
        "`": "t_BL9_hole",
        "?": [ "t_door_metal_c", "t_door_metal_c", "t_door_metal_c", "t_door_metal_c", "t_door_metal_o" ],
        "i": "t_card_industrial",
        "L": "t_door_metal_locked",
        "0": "t_conveyor"
      },
      "furniture": {
        "t": "f_BL9_floor_olight",
        "e": "f_crate_c",
        "c": "f_water_heater",
        "H": "f_standing_tank",
        "s": "f_warehouse_shelf",
        "$": "f_server",
        "l": "f_locker",
        "V": "f_dumpster",
        "v": "f_table",
        "y": "f_drill_press",
        "n": "f_bandsaw",
        "h": "f_heavy_lathe",
        "a": "f_air_conditioner",
        "g": "f_machinery_electronic",
        "m": "f_machinery_heavy",
        "q": "f_machinery_old",
        "T": "f_generator_broken",
        "Y": "f_console_broken"
      },
      "liquids": { "c": { "liquid": "water_sewage", "amount": [ 0, 200 ] }, "H": { "liquid": "diesel", "amount": [ 0, 15000 ] } },
      "items": {
        "n": { "item": "BL9_treasure_search2", "chance": 100, "repeat": [ 1, 1 ] },
        "h": { "item": "BL9_treasure_search2", "chance": 100, "repeat": [ 1, 1 ] }
      },
      "place_item": [ { "item": "id_industrial", "x": 5, "y": 5 } ],
      "place_npcs": [ { "class": "BL9_trader", "x": 19, "y": 10, "add_trait": "BL9_TRADER" } ],
      "place_monster": [
        { "monster": "mon_BL9_military_cut", "x": 7, "y": 2 },
        { "monster": "mon_BL9_military_shockrod", "x": 4, "y": 4 },
        { "monster": "mon_BL9_military_crossbow", "x": 19, "y": 4 },
        { "monster": "mon_BL9_military_shockrod", "x": 23, "y": 3 },
        { "monster": "mon_BL9_military_behemoth_minigun", "x": 20, "y": 2 },
        { "monster": "mon_BL9_mutant_evo_3", "x": 6, "y": 9 },
        { "monster": "mon_BL9_military_crossbow", "x": 8, "y": 10 },
        { "monster": "mon_BL9_military_stab", "x": 4, "y": 11 },
        { "monster": "mon_BL9_military_cut", "x": 16, "y": 10 },
        { "monster": "mon_BL9_military_shockrod", "x": 20, "y": 8 },
        { "monster": "mon_BL9_military_shockrod", "x": 22, "y": 14 },
        { "monster": "mon_BL9_military_bash", "x": 18, "y": 14 },
        { "monster": "mon_BL9_military_crossbow", "x": 11, "y": 14 },
        { "monster": "mon_BL9_mutant_evo_3", "x": 3, "y": 15 },
        { "monster": "mon_BL9_military_behemoth_minigun", "x": 7, "y": 15 },
        { "monster": "mon_BL9_mutant_evo_3", "x": 12, "y": 15 },
        { "monster": "mon_BL9_military_bash", "x": 13, "y": 15 },
        { "monster": "mon_BL9_military_crossbow", "x": 19, "y": 15 },
        { "monster": "mon_BL9_mutant_evo_2", "x": 22, "y": 15 },
        { "monster": "mon_BL9_military_stab", "x": 7, "y": 22 },
        { "monster": "mon_BL9_mutant_evo_2", "x": 6, "y": 20 },
        { "monster": "mon_BL9_military_shockrod", "x": 12, "y": 19 },
        { "monster": "mon_BL9_mutant_evo_3", "x": 13, "y": 21 },
        { "monster": "mon_BL9_military_crossbow", "x": 15, "y": 22 },
        { "monster": "mon_BL9_military_bash", "x": 20, "y": 19 },
        { "monster": "mon_BL9_military_crossbow", "x": 19, "y": 22 },
        { "monster": "mon_BL9_military_behemoth_minigun", "x": 22, "y": 21 }
      ]
    }
  },
  {
    "type": "mapgen",
    "om_terrain": [ "island_base_factory3" ],
    "method": "json",
    "weight": 100,
    "object": {
      "fill_ter": "t_rock_floor",
      "rows": [
        "%%%%%%%%%%%%%%%%%%%%%%%%",
        "%t.aacnn...%.%aghhgat...",
        "%m.........%.%........q%",
        "%00....TTTt%.%tTTT...00%",
        "%g0....TTT.?.?.TTT...0g%",
        "%y0.......t%.%t......0f%",
        "%00........%.%.......00%",
        "%m.t.qmqc..%.%.Hqmq.t.q%",
        "%%%%%%%%%%%%?%%%%%%%%%%%",
        "%.qny.mhg0.t.t0.gmh.ynq%",
        "%000000000....000000000%",
        "%a....................a%",
        "%a...TT....TT....TT...a%",
        "%H.t.TT....TT....TTt..c%",
        "%000000000....000000000%",
        "%.gnnng..0.t.t0.gmmmg..%",
        "%%%%%%%%%%%%?%%%%%%%%%%%",
        "%n.....tg%.t.t..%ht...q%",
        "%...TT...%q....q%..TT..%",
        "%...TT.............TT..T",
        "%ht.....q%......%f...tn%",
        "%00000000%m....m%000000%",
        "%0.gg.hg0%t....t%0.gg.0%",
        "%%%%%%%%%%%%Li%%%%%%%%%%"
      ],
      "terrain": {
        " ": "t_dirt",
        ".": "t_thconc_floor",
        "!": "t_column_halfway",
        "W": "t_fence_wire",
        "%": "t_concrete_wall",
        ">": "t_stairs_down",
        "<": "t_stairs_up",
        "`": "t_BL9_hole",
        "?": [ "t_door_metal_c", "t_door_metal_c", "t_door_metal_c", "t_door_metal_c", "t_door_metal_o" ],
        "i": "t_card_industrial",
        "L": "t_door_metal_locked",
        "0": "t_conveyor"
      },
      "furniture": {
        "t": "f_BL9_floor_olight",
        "e": "f_crate_c",
        "c": "f_water_heater",
        "H": "f_standing_tank",
        "s": "f_warehouse_shelf",
        "$": "f_server",
        "l": "f_locker",
        "V": "f_dumpster",
        "v": "f_table",
        "y": "f_drill_press",
        "n": "f_bandsaw",
        "h": "f_heavy_lathe",
        "a": "f_air_conditioner",
        "g": "f_machinery_electronic",
        "m": "f_machinery_heavy",
        "q": "f_machinery_old",
        "T": "f_generator_broken",
        "Y": "f_console_broken"
      },
      "liquids": { "c": { "liquid": "water_sewage", "amount": [ 0, 200 ] }, "H": { "liquid": "diesel", "amount": [ 0, 15000 ] } },
      "items": {
        "n": { "item": "BL9_treasure_search2", "chance": 100, "repeat": [ 1, 1 ] },
        "h": { "item": "BL9_treasure_search2", "chance": 100, "repeat": [ 1, 1 ] }
      },
      "place_item": [ { "item": "id_industrial", "x": 20, "y": 18 } ],
      "place_monster": [
        { "monster": "mon_BL9_military_cut", "x": 7, "y": 2 },
        { "monster": "mon_BL9_military_shockrod", "x": 4, "y": 4 },
        { "monster": "mon_BL9_military_crossbow", "x": 19, "y": 4 },
        { "monster": "mon_BL9_military_behemoth", "x": 23, "y": 3 },
        { "monster": "mon_BL9_military_behemoth_minigun", "x": 20, "y": 2 },
        { "monster": "mon_BL9_mutant_evo_3", "x": 6, "y": 9 },
        { "monster": "mon_BL9_military_behemoth", "x": 8, "y": 10 },
        { "monster": "mon_BL9_military_stab", "x": 4, "y": 11 },
        { "monster": "mon_BL9_military_cut", "x": 16, "y": 10 },
        { "monster": "mon_BL9_military_shockrod", "x": 20, "y": 8 },
        { "monster": "mon_BL9_military_shockrod", "x": 22, "y": 14 },
        { "monster": "mon_BL9_military_bash", "x": 18, "y": 14 },
        { "monster": "mon_BL9_military_crossbow", "x": 11, "y": 14 },
        { "monster": "mon_BL9_mutant_evo_3", "x": 3, "y": 15 },
        { "monster": "mon_BL9_military_behemoth_minigun", "x": 7, "y": 15 },
        { "monster": "mon_BL9_mutant_evo_3", "x": 12, "y": 15 },
        { "monster": "mon_BL9_military_bash", "x": 13, "y": 15 },
        { "monster": "mon_BL9_military_crossbow", "x": 19, "y": 15 },
        { "monster": "mon_BL9_mutant_evo_2", "x": 22, "y": 15 },
        { "monster": "mon_BL9_military_stab", "x": 7, "y": 22 },
        { "monster": "mon_BL9_mutant_evo_2", "x": 6, "y": 20 },
        { "monster": "mon_BL9_military_behemoth", "x": 12, "y": 19 },
        { "monster": "mon_BL9_mutant_evo_3", "x": 13, "y": 21 },
        { "monster": "mon_BL9_military_crossbow", "x": 15, "y": 22 },
        { "monster": "mon_BL9_military_bash", "x": 20, "y": 19 },
        { "monster": "mon_BL9_military_crossbow", "x": 19, "y": 22 },
        { "monster": "mon_BL9_military_behemoth_minigun", "x": 22, "y": 21 }
      ]
    }
  },
  {
    "type": "mapgen",
    "om_terrain": [ "island_base_core1" ],
    "method": "json",
    "weight": 100,
    "object": {
      "fill_ter": "t_rock_floor",
      "rows": [
        "%%%%%%%%%%%%.%%%%%%%%%%%",
        "%..........t.t..Wwwwwwww",
        "%y......y......QWwwwwwww",
        "%s....sTTTh....gWwwwwwww",
        "%V....OTVTO.....WwwwwwwT",
        "%s.....TTT.....QWwwwwwwT",
        "%O.............gWwwwwwwT",
        "%.......y......tWwwwwwww",
        "%t....sTTTh....QWwwwwwww",
        "%y....OTVTO....gWwwwwwww",
        "%h.....TTT......WWWWWWWW",
        "%m....................t%",
        "%h..TTT....TTT...TTT..a%",
        "%n..TTT...sTTTh..TTT..a%",
        "%t.........h.s.........%",
        "%.ysVsn.aa.t.t..yhmhO.t%",
        "%%%%%%%%%%%%?%%%%%%%%%%%",
        "%n.gY.gY.gYt.tYg.Yg.Yg.%",
        "%......................%",
        "%a..TTT....TTT....TTT..L",
        "%a..TTT....TTT....TTT..i",
        "%t....................t%",
        "%V.V.OnsVhnttyhmsOn.c.c%",
        "%%%%%%%%%%%%%%%%%%%%%%%%"
      ],
      "terrain": {
        " ": "t_dirt",
        ".": "t_thconc_floor",
        "!": "t_column_halfway",
        "W": "t_reinforced_glass",
        "%": "t_concrete_wall",
        ">": "t_stairs_down",
        "<": "t_stairs_up",
        "`": "t_BL9_hole",
        "?": [ "t_door_metal_c", "t_door_metal_c", "t_door_metal_c", "t_door_metal_c", "t_door_metal_o" ],
        "i": "t_card_industrial",
        "L": "t_door_metal_locked",
        "O": "t_oil_circ_brkr_l",
        "y": "t_switchgear_l",
        "n": "t_station_disc",
        "s": "t_current_trans",
        "h": "t_potential_trans"
      },
      "furniture": {
        "t": "f_BL9_floor_olight",
        "w": "f_BL9_lava",
        "e": "f_crate_c",
        "c": "f_water_heater",
        "H": "f_standing_tank",
        "$": "f_server",
        "l": "f_locker",
        "v": "f_chair",
        "a": "f_air_conditioner",
        "m": "f_machinery_heavy",
        "q": "f_machinery_old",
        "g": "f_machinery_electronic",
        "T": "f_generator_broken",
        "V": "f_compact_ASRG_containment",
        "Q": "f_console",
        "Y": "f_console_broken"
      },
      "liquids": { "c": { "liquid": "water_sewage", "amount": [ 0, 200 ] }, "H": { "liquid": "diesel", "amount": [ 0, 15000 ] } },
      "items": {
        "n": { "item": "BL9_treasure_search2", "chance": 100, "repeat": [ 1, 1 ] },
        "h": { "item": "BL9_treasure_search2", "chance": 100, "repeat": [ 1, 1 ] }
      },
      "place_item": [ { "item": "id_industrial", "x": 8, "y": 22 } ],
      "place_monster": [
        { "monster": "mon_BL9_military_cut", "x": 5, "y": 6 },
        { "monster": "mon_BL9_military_stab", "x": 12, "y": 7 },
        { "monster": "mon_BL9_mutant_evo_3", "x": 4, "y": 10 },
        { "monster": "mon_BL9_military_shockrod", "x": 14, "y": 10 },
        { "monster": "mon_BL9_military_crossbow", "x": 15, "y": 8 },
        { "monster": "mon_BL9_military_bash", "x": 19, "y": 15 },
        { "monster": "mon_BL9_mutant_evo_2", "x": 9, "y": 15 },
        { "monster": "mon_BL9_military_crossbow", "x": 4, "y": 14 },
        { "monster": "mon_BL9_military_stab", "x": 21, "y": 14 },
        { "monster": "mon_BL9_military_shockrod", "x": 6, "y": 22 },
        { "monster": "mon_BL9_military_behemoth", "x": 14, "y": 22 },
        { "monster": "mon_BL9_mutant_evo_3", "x": 21, "y": 22 },
        { "monster": "mon_BL9_military_stab", "x": 6, "y": 19 },
        { "monster": "mon_BL9_military_crossbow", "x": 20, "y": 19 },
        { "monster": "mon_BL9_mutant_evo_2", "x": 23, "y": 18 }
      ]
    }
  },
  {
    "type": "mapgen",
    "om_terrain": [ "island_base_core2" ],
    "method": "json",
    "weight": 100,
    "object": {
      "fill_ter": "t_rock_floor",
      "rows": [
        "%%%%%%%%%%%%%%%%%%%%%%%%",
        "wwwwwwwW%t%.>%t%Wwwwwwww",
        "wwwwwwwW%.%Li%.%Wwwwwwww",
        "wwwwwwwWQ.%..%.QWwwwwwww",
        "TTwwwwwW%.%Lq%.%WwwwwwwT",
        "VTwwwwwW%t....t%WwwwwwwT",
        "TTwwwwwWQ..Y...QWwwwwwwT",
        "wwwwwwwW%......%Wwwwwwww",
        "wwwwwwwW%%%Lq%%%Wwwwwwww",
        "wwwwwwwW@@@..@@@Wwwwwwww",
        "WWWWWWWW@@@Lu@@@WWWWWWWW",
        "%tQ..Q..t......t%.Qt.Q.%",
        "%......%...TTT..%......%",
        "%a.....?...TTT..?.....a%",
        "%a.....%........%.....a%",
        "%tgsVhg%t......t%nhmsgt%",
        "%%%%%%%%%%%%?%%%%%%%%%%%",
        "%tc....n%V.....c%V.t..y%",
        "%...TT..%.......%..TT..%",
        "....TT..%t.....t%..TT..L",
        "%.......?.......?......i",
        "%......t%.......%...t..%",
        "%.ghVsgO%.gnmyO.%Osmhg.%",
        "%%%%%%%%%%%%%%%%%%%%%%%%"
      ],
      "terrain": {
        " ": "t_dirt",
        ".": "t_thconc_floor",
        "!": "t_column_halfway",
        "W": "t_reinforced_glass",
        "%": "t_concrete_wall",
        ">": "t_BL9_svat",
        "<": "t_stairs_up",
        "`": "t_BL9_hole",
        "?": [ "t_door_metal_c", "t_door_metal_c", "t_door_metal_c", "t_door_metal_c", "t_door_metal_o" ],
        "i": "t_card_industrial",
        "u": "t_card_science",
        "q": "t_card_military",
        "L": "t_door_metal_locked",
        "O": "t_oil_circ_brkr_l",
        "y": "t_switchgear_l",
        "n": "t_station_disc",
        "s": "t_current_trans",
        "h": "t_potential_trans",
        "Y": "t_BL9_secret_console",
        "@": "t_BL9_rockblue"
      },
      "furniture": {
        "t": "f_BL9_floor_olight",
        "w": "f_BL9_lava",
        "e": "f_crate_c",
        "c": "f_water_heater",
        "H": "f_standing_tank",
        "$": "f_server",
        "l": "f_locker",
        "v": "f_chair",
        "a": "f_air_conditioner",
        "m": "f_machinery_heavy",
        "q": "f_machinery_old",
        "g": "f_machinery_electronic",
        "T": "f_generator_broken",
        "V": "f_compact_ASRG_containment",
        "Q": "f_console"
      },
      "liquids": { "c": { "liquid": "water_sewage", "amount": [ 0, 200 ] }, "H": { "liquid": "diesel", "amount": [ 0, 15000 ] } },
      "items": {
        "n": { "item": "BL9_treasure_search2", "chance": 100, "repeat": [ 1, 1 ] },
        "h": { "item": "BL9_treasure_search2", "chance": 100, "repeat": [ 1, 1 ] }
      },
      "place_item": [ { "item": "id_industrial", "x": 21, "y": 12 }, { "item": "BL9_commander_sample", "x": 11, "y": 7 } ],
      "place_signs": [
        {
          "signage": "WARNING, WARNING - DESTRUCTION OF THE CENTRAL TERMINAL WILL OVERRIDE THE REACTOR, APPROACH WITH EXTREME CAUTION",
          "x": 11,
          "y": 7
        },
        {
          "signage": "WARNING, WARNING - DESTRUCTION OF THE CENTRAL TERMINAL WILL OVERRIDE THE REACTOR, APPROACH WITH EXTREME CAUTION",
          "x": 13,
          "y": 7
        }
      ],
      "place_monster": [
        { "monster": "mon_BL9_military_behemoth", "x": 5, "y": 12 },
        { "monster": "mon_BL9_military_behemoth", "x": 5, "y": 14 },
        { "monster": "mon_BL9_military_behemoth_minigun", "x": 7, "y": 15 },
        { "monster": "mon_BL9_military_behemoth", "x": 11, "y": 13 },
        { "monster": "mon_BL9_military_behemoth", "x": 15, "y": 15 },
        { "monster": "mon_BL9_military_behemoth_minigun", "x": 11, "y": 16 },
        { "monster": "mon_BL9_military_behemoth", "x": 21, "y": 12 },
        { "monster": "mon_BL9_military_behemoth", "x": 21, "y": 15 },
        { "monster": "mon_BL9_military_behemoth_minigun", "x": 22, "y": 14 },
        { "monster": "mon_BL9_military_behemoth", "x": 13, "y": 19 },
        { "monster": "mon_BL9_military_behemoth", "x": 13, "y": 22 },
        { "monster": "mon_BL9_military_behemoth_minigun", "x": 16, "y": 23 },
        { "monster": "mon_BL9_military_behemoth", "x": 10, "y": 23 },
        { "monster": "mon_BL9_military_behemoth", "x": 5, "y": 22 },
        { "monster": "mon_BL9_military_behemoth_minigun", "x": 7, "y": 18 },
        { "monster": "mon_BL9_military_behemoth", "x": 2, "y": 23 },
        { "monster": "mon_BL9_military_behemoth", "x": 21, "y": 18 },
        { "monster": "mon_BL9_military_behemoth_minigun", "x": 22, "y": 22 },
        { "monster": "mon_BL9_general_mutated", "x": 23, "y": 20 }
      ]
    }
  },
  {
    "type": "mapgen",
    "om_terrain": [ "island_base_core2_island" ],
    "method": "json",
    "weight": 100,
    "object": {
      "fill_ter": "t_rock_floor",
      "rows": [
        "%%%%%%%%%%%%%%%%%%%%%%%%",
        "wwwwwwwW%t%.>%t%Wwwwwwww",
        "wwwwwwwW%.%Li%.%Wwwwwwww",
        "wwwwwwwWQ.%..%.QWwwwwwww",
        "TTwwwwwW%.%Lq%.%WwwwwwwT",
        "VTwwwwwW%t....t%WwwwwwwT",
        "TTwwwwwWQ..Y...QWwwwwwwT",
        "wwwwwwwW%......%Wwwwwwww",
        "wwwwwwwW%%%Lq%%%Wwwwwwww",
        "wwwwwwwW@@@..@@@Wwwwwwww",
        "WWWWWWWW@@@Lu@@@WWWWWWWW",
        "%tQ..Q..t......t%.Qt.Q.%",
        "%......%...TTT..%......%",
        "%a.....?...TTT..?.....a%",
        "%a.....%........%.....a%",
        "%tgsVhg%t......t%nhmsgt%",
        "%%%%%%%%%%%%?%%%%%%%%%%%",
        "%tc....n%V.....c%V.t..y%",
        "%...TT..%.......%..TT..%",
        "....TT..%t.....t%..TT..L",
        "%.......?.......?......i",
        "%......t%.......%...t..%",
        "%.ghVsgO%.gnmyO.%Osmhg.%",
        "%%%%%%%%%%%%%%%%%%%%%%%%"
      ],
      "terrain": {
        " ": "t_dirt",
        ".": "t_thconc_floor",
        "!": "t_column_halfway",
        "W": "t_reinforced_glass",
        "%": "t_concrete_wall",
        ">": "t_BL9_svat",
        "<": "t_stairs_up",
        "`": "t_BL9_hole",
        "?": [ "t_door_metal_c", "t_door_metal_c", "t_door_metal_c", "t_door_metal_c", "t_door_metal_o" ],
        "i": "t_card_industrial",
        "u": "t_card_science",
        "q": "t_card_military",
        "L": "t_door_metal_locked",
        "O": "t_oil_circ_brkr_l",
        "y": "t_switchgear_l",
        "n": "t_station_disc",
        "s": "t_current_trans",
        "h": "t_potential_trans",
        "Y": "t_BL9_secret_console",
        "@": "t_BL9_rockblue"
      },
      "furniture": {
        "t": "f_BL9_floor_olight",
        "w": "f_BL9_lava",
        "e": "f_crate_c",
        "c": "f_water_heater",
        "H": "f_standing_tank",
        "$": "f_server",
        "l": "f_locker",
        "v": "f_chair",
        "a": "f_air_conditioner",
        "m": "f_machinery_heavy",
        "q": "f_machinery_old",
        "g": "f_machinery_electronic",
        "T": "f_generator_broken",
        "V": "f_compact_ASRG_containment",
        "Q": "f_console"
      },
      "liquids": { "c": { "liquid": "water_sewage", "amount": [ 0, 200 ] }, "H": { "liquid": "diesel", "amount": [ 0, 15000 ] } },
      "items": {
        "n": { "item": "BL9_treasure_search2", "chance": 100, "repeat": [ 1, 1 ] },
        "h": { "item": "BL9_treasure_search2", "chance": 100, "repeat": [ 1, 1 ] }
      },
      "place_item": [ { "item": "id_industrial", "x": 21, "y": 12 }, { "item": "BL9_agent_note21", "x": 7, "y": 21 } ],
      "place_signs": [
        {
          "signage": "WARNING, WARNING - DESTRUCTION OF THE CENTRAL TERMINAL WILL OVERRIDE THE REACTOR, APPROACH WITH EXTREME CAUTION",
          "x": 11,
          "y": 7
        },
        {
          "signage": "WARNING, WARNING - DESTRUCTION OF THE CENTRAL TERMINAL WILL OVERRIDE THE REACTOR, APPROACH WITH EXTREME CAUTION",
          "x": 13,
          "y": 7
        }
      ],
      "place_monster": [
        { "monster": "mon_BL9_military_cut", "x": 5, "y": 12 },
        { "monster": "mon_BL9_military_stab", "x": 5, "y": 14 },
        { "monster": "mon_BL9_military_behemoth", "x": 7, "y": 15 },
        { "monster": "mon_BL9_military_crossbow", "x": 11, "y": 13 },
        { "monster": "mon_BL9_military_stab", "x": 15, "y": 15 },
        { "monster": "mon_BL9_military_cut", "x": 11, "y": 16 },
        { "monster": "mon_BL9_mutant_evo_2", "x": 21, "y": 12 },
        { "monster": "mon_BL9_military_crossbow", "x": 21, "y": 15 },
        { "monster": "mon_BL9_military_stab", "x": 22, "y": 14 },
        { "monster": "mon_BL9_military_bash", "x": 13, "y": 19 },
        { "monster": "mon_BL9_military_crossbow", "x": 13, "y": 22 },
        { "monster": "mon_BL9_mutant_evo_3", "x": 16, "y": 23 },
        { "monster": "mon_BL9_military_bash", "x": 10, "y": 23 },
        { "monster": "mon_BL9_mutant_evo_2", "x": 5, "y": 22 },
        { "monster": "mon_BL9_military_behemoth", "x": 7, "y": 18 },
        { "monster": "mon_BL9_mutant_evo_3", "x": 2, "y": 23 },
        { "monster": "mon_BL9_mutant_evo_2", "x": 21, "y": 18 },
        { "monster": "mon_BL9_mutant_evo_3", "x": 22, "y": 22 },
        { "monster": "mon_BL9_military_crossbow", "x": 23, "y": 20 }
      ]
    }
  },
  {
    "type": "mapgen",
    "om_terrain": [ "island_base_core3" ],
    "method": "json",
    "weight": 100,
    "object": {
      "fill_ter": "t_rock_floor",
      "rows": [
        "%%%%%%%%%%%%%%%%%%%%%%%%",
        "wwwwwwwW..OsqhgttH.aa..%",
        "wwwwwwwWQ..............%",
        "wwwwwwwWg.............c%",
        "TTwwwwwWt...TTT..TTT..t%",
        "VTwwwwwWQ...TVT..TVT..g%",
        "TTwwwwwWg...TTT..TTT..O%",
        "wwwwwwwW..............s%",
        "wwwwwwwWQ....hhVmss...m%",
        "wwwwwwwWg....Ogttgo...h%",
        "WWWWWWWWt.............t%",
        "%..Q..................a%",
        "%s...TTT...TTT...TTT..a%",
        "%q...TTT...TTT...TTT..c%",
        "%O.....................%",
        "%t..OhmsOsqhO.g.g.....t%",
        "%%%%%%%%%%%%%%%%%%%?%%%%",
        "%H.mt...tq.c%...t.....t%",
        "%....TTT....%....TTT..h%",
        ".....TTT....%....TTT..V%",
        "%....TTT.........TTT..s%",
        "%...........%.........n%",
        "%ctaa.OhmstH%Osmht..t..%",
        "%%%%%%%%%%%%%%%%%%Li%%%%"
      ],
      "terrain": {
        " ": "t_dirt",
        ".": "t_thconc_floor",
        "!": "t_column_halfway",
        "W": "t_reinforced_glass",
        "%": "t_concrete_wall",
        ">": "t_stairs_down",
        "<": "t_stairs_up",
        "`": "t_BL9_hole",
        "?": [ "t_door_metal_c", "t_door_metal_c", "t_door_metal_c", "t_door_metal_c", "t_door_metal_o" ],
        "i": "t_card_industrial",
        "L": "t_door_metal_locked",
        "O": "t_oil_circ_brkr_l",
        "y": "t_switchgear_l",
        "n": "t_station_disc",
        "s": "t_current_trans",
        "h": "t_potential_trans"
      },
      "furniture": {
        "t": "f_BL9_floor_olight",
        "w": "f_BL9_lava",
        "e": "f_crate_c",
        "c": "f_water_heater",
        "H": "f_standing_tank",
        "$": "f_server",
        "l": "f_locker",
        "v": "f_chair",
        "a": "f_air_conditioner",
        "m": "f_machinery_heavy",
        "q": "f_machinery_old",
        "g": "f_machinery_electronic",
        "T": "f_generator_broken",
        "V": "f_compact_ASRG_containment",
        "Q": "f_console",
        "Y": "f_console_broken"
      },
      "liquids": { "c": { "liquid": "water_sewage", "amount": [ 0, 200 ] }, "H": { "liquid": "diesel", "amount": [ 0, 15000 ] } },
      "items": {
        "q": { "item": "BL9_treasure_search2", "chance": 100, "repeat": [ 1, 1 ] },
        "h": { "item": "BL9_treasure_search2", "chance": 100, "repeat": [ 1, 1 ] }
      },
      "place_item": [ { "item": "id_industrial", "x": 17, "y": 6 } ],
      "place_monster": [
        { "monster": "mon_BL9_military_cut", "x": 14, "y": 4 },
        { "monster": "mon_BL9_military_stab", "x": 19, "y": 4 },
        { "monster": "mon_BL9_military_behemoth_minigun", "x": 11, "y": 11 },
        { "monster": "mon_BL9_military_crossbow", "x": 21, "y": 11 },
        { "monster": "mon_BL9_mutant_evo_3", "x": 16, "y": 13 },
        { "monster": "mon_BL9_military_shockrod", "x": 10, "y": 14 },
        { "monster": "mon_BL9_mutant_evo_2", "x": 5, "y": 14 },
        { "monster": "mon_BL9_military_crossbow", "x": 16, "y": 19 },
        { "monster": "mon_BL9_military_bash", "x": 16, "y": 22 },
        { "monster": "mon_BL9_military_crossbow", "x": 22, "y": 20 },
        { "monster": "mon_BL9_military_shockrod", "x": 22, "y": 23 },
        { "monster": "mon_BL9_mutant_evo_3", "x": 6, "y": 23 },
        { "monster": "mon_BL9_military_bash", "x": 11, "y": 18 },
        { "monster": "mon_BL9_military_shockrod", "x": 9, "y": 22 },
        { "monster": "mon_BL9_military_behemoth_minigun", "x": 3, "y": 18 }
      ]
    }
  },
  {
    "type": "mapgen",
    "om_terrain": [ "island_base_medresearch1" ],
    "method": "json",
    "weight": 100,
    "object": {
      "fill_ter": "t_rock_floor",
      "rows": [
        "%%%%%%%%%%%%%%%%%%.%%%%%",
        "%vtaa......t.........th%",
        "%h...NhhNhhNhhNhhN.....%",
        "%j...V..V..V..V..V....j%",
        "%v....................b%",
        "%b...VhhhVNhhVNhhVN...v%",
        "%jbv.......t.t......aah%",
        "%WWWWWWWWWWW?WWWWWWWWWW%",
        "%h.aa.vjbthh..aatbjv.th%",
        "%t....................$%",
        "%a...V.N.VhN.V.N......T%",
        "%a...NhV.NhV.NhV......$%",
        "%h...t.............t..T%",
        "%b...VhV.VhV.VhV......$%",
        "%j...N.N.NhN.N.N......T%",
        "%v.t........t......t..$%",
        "%WWWWWWW?WWWWWWWWWWWWWW%",
        "%h.jbvth.taa.bjv$$T$$T$%",
        "i.....................$%",
        "L.....VNtNVhVNtNV.....T%",
        "%.....................$%",
        "%a..V..N..V..N..V..N..T%",
        "%at.NhhVhhNhhVhhNhhV.t$%",
        "%%%%%%%%%%%%%%%%%%%%%%%%"
      ],
      "terrain": {
        " ": "t_dirt",
        ".": "t_thconc_floor",
        "!": "t_column_halfway",
        "W": "t_wall_glass",
        "%": "t_concrete_wall",
        ">": "t_stairs_down",
        "<": "t_stairs_up",
        "`": "t_BL9_hole",
        "?": [ "t_door_metal_c", "t_door_metal_c", "t_door_metal_c", "t_door_metal_c", "t_door_metal_o" ],
        "i": "t_card_industrial",
        "L": "t_door_metal_locked",
        "w": "t_water_dp",
        "j": "t_vat",
        "q": "t_sewage_pipe"
      },
      "furniture": {
        "t": "f_BL9_floor_olight",
        "e": "f_crate_c",
        "c": "f_filing_cabinet",
        "$": "f_server",
        "l": "f_locker",
        "b": "f_autoclave",
        "g": "f_lab_bench",
        "h": "f_sample_freezer",
        "v": "f_NMR",
        "N": "f_MRI",
        "V": "f_scan_bed",
        "n": "f_counter",
        "a": "f_air_conditioner",
        "m": "f_machinery_heavy",
        "T": "f_console",
        "Y": "f_console_broken"
      },
      "liquids": { "c": { "liquid": "water_sewage", "amount": [ 0, 200 ] }, "H": { "liquid": "diesel", "amount": [ 0, 15000 ] } },
      "items": {
        "b": { "item": "BL9_treasure_search2", "chance": 100, "repeat": [ 1, 1 ] },
        "h": { "item": "BL9_treasure_search2", "chance": 100, "repeat": [ 1, 1 ] }
      },
      "place_item": [ { "item": "id_industrial", "x": 22, "y": 20 } ],
      "place_npcs": [ { "class": "BL9_trader", "x": 9, "y": 2, "add_trait": "BL9_TRADER" } ],
      "place_monster": [
        { "monster": "mon_BL9_mutant_evo_2", "x": 7, "y": 2 },
        { "monster": "mon_BL9_regen", "x": 4, "y": 4 },
        { "monster": "mon_BL9_mutant_evo_2", "x": 2, "y": 5 },
        { "monster": "mon_BL9_mutant_evo_3", "x": 19, "y": 4 },
        { "monster": "mon_BL9_mutant_evo_2", "x": 23, "y": 3 },
        { "monster": "mon_BL9_mutant_evo_2", "x": 6, "y": 9 },
        { "monster": "mon_BL9_regen", "x": 8, "y": 10 },
        { "monster": "mon_BL9_mutant_evo_3", "x": 4, "y": 11 },
        { "monster": "mon_BL9_mutant_evo_2", "x": 16, "y": 10 },
        { "monster": "mon_BL9_mutant_evo_3", "x": 20, "y": 8 },
        { "monster": "mon_BL9_mutant_evo_3", "x": 11, "y": 14 },
        { "monster": "mon_BL9_mutant_evo_3", "x": 14, "y": 14 },
        { "monster": "mon_BL9_regen", "x": 12, "y": 15 },
        { "monster": "mon_BL9_mutant_evo_2", "x": 13, "y": 15 },
        { "monster": "mon_BL9_mutant_evo_3", "x": 3, "y": 22 },
        { "monster": "mon_BL9_mutant_evo_3", "x": 7, "y": 22 },
        { "monster": "mon_BL9_mutant_evo_3", "x": 6, "y": 20 },
        { "monster": "mon_BL9_mutant_evo_2", "x": 12, "y": 19 },
        { "monster": "mon_BL9_mutant_evo_3", "x": 13, "y": 21 },
        { "monster": "mon_BL9_mutant_evo_2", "x": 15, "y": 22 },
        { "monster": "mon_BL9_regen", "x": 22, "y": 21 }
      ]
    }
  },
  {
    "type": "mapgen",
    "om_terrain": [ "island_base_medresearch2" ],
    "method": "json",
    "weight": 100,
    "object": {
      "fill_ter": "t_rock_floor",
      "rows": [
        "%%%%%%%%%%%%%%%%%%%%%%%%",
        "%..N.N.N.Nt.W.V.VtV.V..%",
        "L..V.V.V.V..W.N.N.N.N..%",
        "i...........?..........%",
        "%.$T$..t$T$.W$T$tjhbhv.%",
        "%WWWWW?WWWWW%WWWWWWWWWW%",
        "%hvbt...$T$.W.N.VtN.V..%",
        "%j.........tW.V.N.V.N.j%",
        "%...........?.........v%",
        "%.V.N.V.N.V.W.........h%",
        "%.N.V.NtV.N.Wjbvaat...h%",
        "%WWWWWWW%WWW%WW%WWW?WWW%",
        "%$$Y$Y$$WtNVhVNW.aa.bhj%",
        "%t......?......?.......%",
        "%.......W.V..V.W.......%",
        "%.aa...hW.NhhN.Whtvbj.h%",
        "%WWWW?WW%WWWWWW%WWWWWWW%",
        "%h.t...hWtNhhV.Wh.bvtaa%",
        "%.......W.V..N.W.......%",
        "%v......?......?........",
        "%j.....$W......W$......%",
        "%b.....TW.V..N.WT......%",
        "%h.jvt.$W.NhhVtW$t.jbh.%",
        "%%%%%%%%%%%%%%%%%%%%%%%%"
      ],
      "terrain": {
        " ": "t_dirt",
        ".": "t_thconc_floor",
        "!": "t_column_halfway",
        "W": "t_wall_glass",
        "%": "t_concrete_wall",
        ">": "t_stairs_down",
        "<": "t_stairs_up",
        "`": "t_BL9_hole",
        "?": [ "t_door_metal_c", "t_door_metal_c", "t_door_metal_c", "t_door_metal_c", "t_door_metal_o" ],
        "i": "t_card_industrial",
        "L": "t_door_metal_locked",
        "w": "t_water_dp",
        "j": "t_vat",
        "q": "t_sewage_pipe"
      },
      "furniture": {
        "t": "f_BL9_floor_olight",
        "e": "f_crate_c",
        "c": "f_filing_cabinet",
        "$": "f_server",
        "l": "f_locker",
        "b": "f_autoclave",
        "g": "f_lab_bench",
        "h": "f_sample_freezer",
        "v": "f_NMR",
        "N": "f_MRI",
        "V": "f_scan_bed",
        "n": "f_counter",
        "O": "f_fridge",
        "a": "f_air_conditioner",
        "m": "f_machinery_heavy",
        "T": "f_console",
        "Y": "f_console_broken"
      },
      "liquids": { "c": { "liquid": "water_sewage", "amount": [ 0, 200 ] }, "H": { "liquid": "diesel", "amount": [ 0, 15000 ] } },
      "items": {
        "b": { "item": "BL9_treasure_search2", "chance": 100, "repeat": [ 1, 1 ] },
        "h": { "item": "BL9_treasure_search2", "chance": 100, "repeat": [ 1, 1 ] }
      },
      "place_item": [ { "item": "id_industrial", "x": 10, "y": 8 } ],
      "place_monster": [
        { "monster": "mon_BL9_mutant_evo_2", "x": 7, "y": 2 },
        { "monster": "mon_BL9_regen", "x": 4, "y": 4 },
        { "monster": "mon_BL9_mutant_evo_2", "x": 2, "y": 5 },
        { "monster": "mon_BL9_mutant_evo_3", "x": 19, "y": 4 },
        { "monster": "mon_BL9_mutant_evo_2", "x": 23, "y": 3 },
        { "monster": "mon_BL9_mutant_evo_2", "x": 6, "y": 9 },
        { "monster": "mon_BL9_regen_spiky", "x": 8, "y": 10 },
        { "monster": "mon_BL9_mutant_evo_3", "x": 4, "y": 11 },
        { "monster": "mon_BL9_mutant_evo_2", "x": 16, "y": 10 },
        { "monster": "mon_BL9_mutant_evo_3", "x": 20, "y": 8 },
        { "monster": "mon_BL9_mutant_evo_3", "x": 11, "y": 14 },
        { "monster": "mon_BL9_mutant_evo_3", "x": 14, "y": 14 },
        { "monster": "mon_BL9_regen", "x": 12, "y": 15 },
        { "monster": "mon_BL9_mutant_evo_2", "x": 13, "y": 15 },
        { "monster": "mon_BL9_mutant_evo_3", "x": 3, "y": 22 },
        { "monster": "mon_BL9_mutant_evo_3", "x": 7, "y": 22 },
        { "monster": "mon_BL9_mutant_evo_3", "x": 6, "y": 20 },
        { "monster": "mon_BL9_mutant_evo_2", "x": 12, "y": 19 },
        { "monster": "mon_BL9_mutant_evo_3", "x": 13, "y": 21 },
        { "monster": "mon_BL9_mutant_evo_2", "x": 15, "y": 22 },
        { "monster": "mon_BL9_regen_spiky", "x": 22, "y": 21 }
      ]
    }
  },
  {
    "type": "mapgen",
    "om_terrain": [ "island_base_medresearch3" ],
    "method": "json",
    "weight": 100,
    "object": {
      "fill_ter": "t_rock_floor",
      "rows": [
        "%%%%%%%%%%%%%%%%%%%%%%%%",
        "%..vbjt..........t.aa..%",
        "%b.....NhhNhhNhhN.......",
        "%h.....V..V..V..V......%",
        "%v.....................%",
        "%j.....V..V..V..V......%",
        "%aa...tNhhNhhNhhNtT$$T.%",
        "%WWWW?WWWWWW%WWWWWWWWWW%",
        "%..t...$T$.$W....t.....%",
        "%h.........TW..VNhhVN..%",
        "%v.........$W..........%",
        "%h..........?..VNhhVN.t%",
        "%b.........$W..........%",
        "%j.........TW..VNhhVN..%",
        "%h.........$W..........%",
        "%t.$T$T$.t..W....t.....%",
        "%WWWWWWW?WWW%WWWWWWWWWW%",
        "%.........t.WT.$T$$T$t.%",
        "%..V.V.V.V..W$.........%",
        "%..NhNhNhN..?.........v%",
        "%...........W$........h%",
        "%..VNhVNhVN.WT........b%",
        "%.t.........W$.thjhv.aa%",
        "%%%%%Li%%%%%%%%%%%%%%%%%"
      ],
      "terrain": {
        " ": "t_dirt",
        ".": "t_thconc_floor",
        "!": "t_column_halfway",
        "W": "t_wall_glass",
        "%": "t_concrete_wall",
        ">": "t_stairs_down",
        "<": "t_stairs_up",
        "`": "t_BL9_hole",
        "?": [ "t_door_metal_c", "t_door_metal_c", "t_door_metal_c", "t_door_metal_c", "t_door_metal_o" ],
        "i": "t_card_industrial",
        "L": "t_door_metal_locked",
        "w": "t_water_dp",
        "j": "t_vat",
        "q": "t_sewage_pipe"
      },
      "furniture": {
        "t": "f_BL9_floor_olight",
        "e": "f_crate_c",
        "c": "f_filing_cabinet",
        "$": "f_server",
        "l": "f_locker",
        "b": "f_autoclave",
        "g": "f_lab_bench",
        "h": "f_sample_freezer",
        "v": "f_NMR",
        "N": "f_MRI",
        "V": "f_scan_bed",
        "n": "f_counter",
        "O": "f_fridge",
        "a": "f_air_conditioner",
        "m": "f_machinery_heavy",
        "T": "f_console",
        "Y": "f_console_broken"
      },
      "liquids": { "c": { "liquid": "water_sewage", "amount": [ 0, 200 ] }, "H": { "liquid": "diesel", "amount": [ 0, 15000 ] } },
      "items": {
        "b": { "item": "BL9_treasure_search2", "chance": 100, "repeat": [ 1, 1 ] },
        "h": { "item": "BL9_treasure_search2", "chance": 100, "repeat": [ 1, 1 ] }
      },
      "place_item": [ { "item": "id_industrial", "x": 22, "y": 18 } ],
      "place_monster": [
        { "monster": "mon_BL9_mutant_evo_2", "x": 7, "y": 2 },
        { "monster": "mon_BL9_regen_spiky", "x": 4, "y": 4 },
        { "monster": "mon_BL9_mutant_evo_2", "x": 2, "y": 5 },
        { "monster": "mon_BL9_mutant_evo_3", "x": 19, "y": 4 },
        { "monster": "mon_BL9_mutant_evo_2", "x": 23, "y": 3 },
        { "monster": "mon_BL9_mutant_evo_2", "x": 6, "y": 9 },
        { "monster": "mon_BL9_regen_spiky", "x": 8, "y": 10 },
        { "monster": "mon_BL9_mutant_evo_3", "x": 4, "y": 11 },
        { "monster": "mon_BL9_mutant_evo_2", "x": 16, "y": 10 },
        { "monster": "mon_BL9_mutant_evo_3", "x": 20, "y": 8 },
        { "monster": "mon_BL9_mutant_evo_3", "x": 11, "y": 14 },
        { "monster": "mon_BL9_mutant_evo_3", "x": 14, "y": 14 },
        { "monster": "mon_BL9_regen_spiky", "x": 12, "y": 15 },
        { "monster": "mon_BL9_mutant_evo_2", "x": 13, "y": 15 },
        { "monster": "mon_BL9_mutant_evo_3", "x": 3, "y": 22 },
        { "monster": "mon_BL9_mutant_evo_3", "x": 7, "y": 22 },
        { "monster": "mon_BL9_mutant_evo_3", "x": 6, "y": 20 },
        { "monster": "mon_BL9_mutant_evo_2", "x": 12, "y": 19 },
        { "monster": "mon_BL9_mutant_evo_3", "x": 13, "y": 21 },
        { "monster": "mon_BL9_mutant_evo_2", "x": 15, "y": 22 },
        { "monster": "mon_BL9_regen_spiky", "x": 22, "y": 21 }
      ]
    }
  },
  {
    "type": "mapgen",
    "om_terrain": [ "island_base_controlroom1" ],
    "method": "json",
    "weight": 100,
    "object": {
      "fill_ter": "t_rock_floor",
      "rows": [
        "%%%%%.%%%%%%%%%%%%%%%%%%",
        "%O.t...$T$T$T$T$T$T$taa%",
        "%w.....................%",
        "%m...GG..GG..GG..GG...w%",
        "%T...GG..GG..GG..GG...m%",
        "%q....................q%",
        "%g.t...$$T$$T$$T$$tgq.g%",
        "%%%%%?%%%%%%%%%%%%%%%%%%",
        "%O.t...$T$T$T$T$T$T$taa%",
        "%g.....................%",
        "%q.....................%",
        "%$.....GGG.GGG.GGG.GGGt%",
        "%T.....GGG.GGG.GGG.GGGt%",
        "%$.....................%",
        "%w....................g%",
        "%mt$T$qg...wm$T$qgtaa.q%",
        "%%%%%%%%?%%%%%%%%%%%%%%%",
        "%O..t.....$T$T$T$T$taa.%",
        "%$.....................%",
        "%T....GGG..GGG..GGG....i",
        "%$....GGG..GGG..GGG....L",
        "%g.....................%",
        "%q..aat.$T$T$T$T$twmqg.%",
        "%%%%%%%%%%%%%%%%%%%%%%%%"
      ],
      "terrain": {
        " ": "t_dirt",
        ".": "t_thconc_floor",
        "!": "t_column_halfway",
        "W": "t_wall_glass",
        "%": "t_concrete_wall",
        ">": "t_stairs_down",
        "<": "t_stairs_up",
        "`": "t_BL9_hole",
        "?": [ "t_door_metal_c", "t_door_metal_c", "t_door_metal_c", "t_door_metal_c", "t_door_metal_o" ],
        "i": "t_card_industrial",
        "L": "t_door_metal_locked",
        "w": "t_nanofab_body",
        "m": "t_nanofab",
        "q": "t_sai_box",
        "O": "t_oil_circ_brkr_l"
      },
      "furniture": {
        "t": "f_BL9_floor_olight",
        "e": "f_crate_c",
        "c": "f_filing_cabinet",
        "$": "f_server",
        "l": "f_locker",
        "n": "f_counter",
        "O": "f_fridge",
        "a": "f_air_conditioner",
        "G": "f_generator_broken",
        "T": "f_console",
        "g": "f_machinery_electronic"
      },
      "liquids": { "c": { "liquid": "water_sewage", "amount": [ 0, 200 ] }, "H": { "liquid": "diesel", "amount": [ 0, 15000 ] } },
      "items": {
        "g": { "item": "BL9_treasure_search2", "chance": 100, "repeat": [ 1, 1 ] },
        "q": { "item": "BL9_treasure_search2", "chance": 100, "repeat": [ 1, 1 ] }
      },
      "place_item": [ { "item": "id_industrial", "x": 10, "y": 15 } ],
      "place_monster": [
        { "monster": "mon_BL9_military_cut", "x": 8, "y": 4 },
        { "monster": "mon_BL9_military_stab", "x": 8, "y": 7 },
        { "monster": "mon_BL9_military_behemoth", "x": 4, "y": 4 },
        { "monster": "mon_BL9_military_crossbow", "x": 4, "y": 7 },
        { "monster": "mon_BL9_military_bash", "x": 15, "y": 4 },
        { "monster": "mon_BL9_military_cut", "x": 15, "y": 6 },
        { "monster": "mon_BL9_military_crossbow", "x": 21, "y": 4 },
        { "monster": "mon_BL9_military_crossbow", "x": 20, "y": 5 },
        { "monster": "mon_BL9_military_shockrod", "x": 4, "y": 11 },
        { "monster": "mon_BL9_military_behemoth", "x": 4, "y": 15 },
        { "monster": "mon_BL9_military_shockrod", "x": 11, "y": 14 },
        { "monster": "mon_BL9_military_cut", "x": 11, "y": 11 },
        { "monster": "mon_BL9_military_bash", "x": 15, "y": 14 },
        { "monster": "mon_BL9_military_cut", "x": 22, "y": 14 },
        { "monster": "mon_BL9_military_bash", "x": 17, "y": 10 },
        { "monster": "mon_BL9_military_behemoth_minigun", "x": 21, "y": 21 },
        { "monster": "mon_BL9_military_stab", "x": 19, "y": 22 },
        { "monster": "mon_BL9_military_cut", "x": 21, "y": 21 },
        { "monster": "mon_BL9_military_shockrod", "x": 13, "y": 21 },
        { "monster": "mon_BL9_military_stab", "x": 12, "y": 18 },
        { "monster": "mon_BL9_military_crossbow", "x": 6, "y": 22 },
        { "monster": "mon_BL9_military_shockrod", "x": 7, "y": 19 },
        { "monster": "mon_BL9_military_behemoth_minigun", "x": 9, "y": 21 }
      ]
    }
  },
  {
    "type": "mapgen",
    "om_terrain": [ "island_base_controlroom2" ],
    "method": "json",
    "weight": 100,
    "object": {
      "fill_ter": "t_rock_floor",
      "rows": [
        "%%%%%%%%%%%%%%%%%%%%%%%%",
        "%O.$T$T$T$%.wm$T$%.$T$.%",
        "%q.......t%.....t%t....L",
        "%g..GGG...?......?.....i",
        "%T..GGG...%......%.....%",
        "%w.......a%.....a%....t%",
        "%mt......a%tOqg.a%.$T$.%",
        "%%%%%?%%%%%%%%%%%%%%%%%%",
        "%..t....aaO.%$T$T$T$T$.%",
        "%...........%t.........%",
        "%O....GGG...%....GGG..g%",
        "%q....GGG...?....GGG..q%",
        "%g....GGG..t%....GGG..$%",
        "%m..........%a........T%",
        "%w..........%a........$%",
        "%.t$T$T$T$T$%tqgwm...tO%",
        "%%%%%%%%%%%%%%%%%%%?%%%%",
        "%.qg$T$O.%$T$T$T%.t.aa.%",
        "%.......t%.....t%.....$%",
        "%........?......?.....T%",
        ".........%a....a%.....$%",
        "%t.......%a....a%......%",
        "%.gq$T$O.%tgqOwm%aaOqgt%",
        "%%%%%%%%%%%%%%%%%%%%%%%%"
      ],
      "terrain": {
        " ": "t_dirt",
        ".": "t_thconc_floor",
        "!": "t_column_halfway",
        "W": "t_wall_glass",
        "%": "t_concrete_wall",
        ">": "t_stairs_down",
        "<": "t_stairs_up",
        "`": "t_BL9_hole",
        "?": [ "t_door_metal_c", "t_door_metal_c", "t_door_metal_c", "t_door_metal_c", "t_door_metal_o" ],
        "i": "t_card_industrial",
        "L": "t_door_metal_locked",
        "w": "t_nanofab_body",
        "m": "t_nanofab",
        "q": "t_sai_box",
        "O": "t_oil_circ_brkr_l"
      },
      "furniture": {
        "t": "f_BL9_floor_olight",
        "e": "f_crate_c",
        "c": "f_filing_cabinet",
        "$": "f_server",
        "l": "f_locker",
        "n": "f_counter",
        "O": "f_fridge",
        "a": "f_air_conditioner",
        "G": "f_generator_broken",
        "T": "f_console",
        "g": "f_machinery_electronic"
      },
      "liquids": { "c": { "liquid": "water_sewage", "amount": [ 0, 200 ] }, "H": { "liquid": "diesel", "amount": [ 0, 15000 ] } },
      "items": {
        "g": { "item": "BL9_treasure_search2", "chance": 100, "repeat": [ 1, 1 ] },
        "q": { "item": "BL9_treasure_search2", "chance": 100, "repeat": [ 1, 1 ] }
      },
      "place_item": [ { "item": "id_industrial", "x": 5, "y": 5 } ],
      "place_monster": [
        { "monster": "mon_BL9_military_shockrod", "x": 8, "y": 4 },
        { "monster": "mon_BL9_military_stab", "x": 8, "y": 7 },
        { "monster": "mon_BL9_military_behemoth", "x": 4, "y": 4 },
        { "monster": "mon_BL9_military_crossbow", "x": 4, "y": 7 },
        { "monster": "mon_BL9_military_bash", "x": 15, "y": 4 },
        { "monster": "mon_BL9_military_cut", "x": 15, "y": 6 },
        { "monster": "mon_BL9_military_crossbow", "x": 21, "y": 4 },
        { "monster": "mon_BL9_military_shockrod", "x": 20, "y": 5 },
        { "monster": "mon_BL9_military_shockrod", "x": 4, "y": 11 },
        { "monster": "mon_BL9_military_behemoth", "x": 4, "y": 15 },
        { "monster": "mon_BL9_military_shockrod", "x": 11, "y": 14 },
        { "monster": "mon_BL9_military_cut", "x": 11, "y": 11 },
        { "monster": "mon_BL9_military_bash", "x": 15, "y": 14 },
        { "monster": "mon_BL9_military_cut", "x": 22, "y": 14 },
        { "monster": "mon_BL9_military_bash", "x": 17, "y": 10 },
        { "monster": "mon_BL9_military_behemoth_minigun", "x": 21, "y": 21 },
        { "monster": "mon_BL9_military_crossbow", "x": 19, "y": 22 },
        { "monster": "mon_BL9_military_cut", "x": 21, "y": 21 },
        { "monster": "mon_BL9_military_shockrod", "x": 13, "y": 21 },
        { "monster": "mon_BL9_military_stab", "x": 12, "y": 18 },
        { "monster": "mon_BL9_military_crossbow", "x": 6, "y": 22 },
        { "monster": "mon_BL9_military_shockrod", "x": 7, "y": 19 },
        { "monster": "mon_BL9_military_behemoth_minigun", "x": 9, "y": 21 }
      ]
    }
  },
  {
    "type": "mapgen",
    "om_terrain": [ "island_base_controlroom3" ],
    "method": "json",
    "weight": 100,
    "object": {
      "fill_ter": "t_rock_floor",
      "rows": [
        "%%%%%%%%%%%%%%%%%%%%%%%%",
        "%twmgqO.%.gqwmO.%.gqtaa%",
        ".......a%.......%......%",
        "%......a%..GGG..%.....w%",
        "%.......%..GGG.t%.....m%",
        "%.......?.......?.....q%",
        "%.$T$T$t%$T$T$T$%aa..tg%",
        "%%%%%%%%%%%%%%%%%%%%?%%%",
        "%O.t...$T$T$T$T$T$T$.t.%",
        "%g....................$%",
        "%q...GGG..GGG..GGG....T%",
        "%$...GGG..GGG..GGG....$%",
        "%T...GGG..GGG..GGG....T%",
        "%$....................$%",
        "%w....................T%",
        "%.gq$T$Ot.tgqwmOOwmgq.$%",
        "%%%%%%%%%?%%%%%%%%%%%%%%",
        "%O.t........%.$T$...$T$%",
        "%$...GGG....%....GGG...%",
        "%T...GGG....?....GGG..t%",
        "%$...GGG....%....GGG...%",
        "%g.........t%..........%",
        "%q.aa...$T$.%t..gqwmO..%",
        "%%%%iL%%%%%%%%%%%%%%%%%%"
      ],
      "terrain": {
        " ": "t_dirt",
        ".": "t_thconc_floor",
        "!": "t_column_halfway",
        "W": "t_wall_glass",
        "%": "t_concrete_wall",
        ">": "t_stairs_down",
        "<": "t_stairs_up",
        "`": "t_BL9_hole",
        "?": [ "t_door_metal_c", "t_door_metal_c", "t_door_metal_c", "t_door_metal_c", "t_door_metal_o" ],
        "i": "t_card_industrial",
        "L": "t_door_metal_locked",
        "w": "t_nanofab_body",
        "m": "t_nanofab",
        "q": "t_sai_box",
        "O": "t_oil_circ_brkr_l"
      },
      "furniture": {
        "t": "f_BL9_floor_olight",
        "e": "f_crate_c",
        "c": "f_filing_cabinet",
        "$": "f_server",
        "l": "f_locker",
        "n": "f_counter",
        "O": "f_fridge",
        "a": "f_air_conditioner",
        "G": "f_generator_broken",
        "T": "f_console",
        "g": "f_machinery_electronic"
      },
      "liquids": { "c": { "liquid": "water_sewage", "amount": [ 0, 200 ] }, "H": { "liquid": "diesel", "amount": [ 0, 15000 ] } },
      "items": {
        "g": { "item": "BL9_treasure_search2", "chance": 100, "repeat": [ 1, 1 ] },
        "q": { "item": "BL9_treasure_search2", "chance": 100, "repeat": [ 1, 1 ] }
      },
      "place_item": [ { "item": "id_industrial", "x": 4, "y": 21 } ],
      "place_npcs": [ { "class": "BL9_trader", "x": 3, "y": 18, "add_trait": "BL9_TRADER" } ],
      "place_monster": [
        { "monster": "mon_BL9_military_shockrod", "x": 8, "y": 4 },
        { "monster": "mon_BL9_military_stab", "x": 8, "y": 7 },
        { "monster": "mon_BL9_military_behemoth", "x": 4, "y": 4 },
        { "monster": "mon_BL9_military_crossbow", "x": 4, "y": 7 },
        { "monster": "mon_BL9_military_bash", "x": 15, "y": 4 },
        { "monster": "mon_BL9_military_cut", "x": 15, "y": 6 },
        { "monster": "mon_BL9_military_crossbow", "x": 21, "y": 4 },
        { "monster": "mon_BL9_military_shockrod", "x": 20, "y": 5 },
        { "monster": "mon_BL9_military_shockrod", "x": 4, "y": 11 },
        { "monster": "mon_BL9_military_behemoth_minigun", "x": 4, "y": 15 },
        { "monster": "mon_BL9_military_shockrod", "x": 11, "y": 14 },
        { "monster": "mon_BL9_military_cut", "x": 11, "y": 11 },
        { "monster": "mon_BL9_military_bash", "x": 15, "y": 14 },
        { "monster": "mon_BL9_military_cut", "x": 22, "y": 14 },
        { "monster": "mon_BL9_military_bash", "x": 17, "y": 10 },
        { "monster": "mon_BL9_military_behemoth_minigun", "x": 21, "y": 21 },
        { "monster": "mon_BL9_military_crossbow", "x": 19, "y": 22 },
        { "monster": "mon_BL9_military_cut", "x": 21, "y": 21 },
        { "monster": "mon_BL9_military_shockrod", "x": 13, "y": 21 },
        { "monster": "mon_BL9_military_behemoth", "x": 12, "y": 18 },
        { "monster": "mon_BL9_military_crossbow", "x": 6, "y": 22 },
        { "monster": "mon_BL9_military_shockrod", "x": 7, "y": 19 },
        { "monster": "mon_BL9_military_behemoth_minigun", "x": 9, "y": 21 }
      ]
    }
  },
  {
    "type": "mapgen",
    "om_terrain": [ "island_base_hangar1" ],
    "method": "json",
    "weight": 100,
    "object": {
      "fill_ter": "t_rock_floor",
      "rows": [
        "%%%%%.%%%%%%%%%%%%%%%%%%",
        "www...............wwwwww",
        "www...............wwwwww",
        "www...............wwwwww",
        "www.......t.......wwwwww",
        "www...............wwwwww",
        "www...............wwwwww",
        "www...............wwwwww",
        "www...............wwwwww",
        "www...............wwwwww",
        "www...............wwwwww",
        "www...............wwwwww",
        "www.......t.......wwwwww",
        "www...............wwwwww",
        "www...............wwwwww",
        "www...............wwwwww",
        "www...............wwwwww",
        "www...............wwwwww",
        "%ww...............wwwwww",
        "?.........t.......wwwwww",
        "?.................wwwwww",
        "%ww...............wwwwww",
        "wwwwwwwwwwwwwwwwwwwwwwww",
        "wwwwwwwwwwwwwwwwwwwwwwww"
      ],
      "terrain": {
        " ": "t_dirt",
        ".": "t_thconc_floor",
        "!": "t_column_halfway",
        "W": "t_wall_glass",
        "%": "t_concrete_wall",
        ">": "t_stairs_down",
        "<": "t_stairs_up",
        "`": "t_BL9_hole",
        "?": [ "t_door_metal_c", "t_door_metal_c", "t_door_metal_c", "t_door_metal_c", "t_door_metal_o" ],
        "i": "t_card_industrial",
        "L": "t_door_metal_locked",
        "w": "t_water_dp"
      },
      "furniture": { "t": "f_BL9_floor_olight", "e": "f_crate_c" },
      "place_vehicles": [
        { "vehicle": "crashed_helicopters", "x": 11, "y": 6, "chance": 75, "status": 1, "rotation": 270 },
        { "vehicle": "crashed_helicopters", "x": 11, "y": 12, "chance": 75, "status": 1, "rotation": 270 },
        { "vehicle": "crashed_helicopters", "x": 11, "y": 20, "chance": 75, "status": 1, "rotation": 270 }
      ],
      "place_monster": [
        { "monster": "mon_BL9_mutant_evo_3", "x": 12, "y": 15 },
        { "monster": "mon_BL9_mutant_evo_2", "x": 12, "y": 14 },
        { "monster": "mon_BL9_military_behemoth", "x": 12, "y": 13 },
        { "monster": "mon_BL9_mutant_evo_3", "x": 12, "y": 12 },
        { "monster": "mon_BL9_mutant_evo_2", "x": 12, "y": 11 },
        { "monster": "mon_BL9_military_behemoth", "x": 12, "y": 10 },
        { "monster": "mon_BL9_mutant_evo_3", "x": 12, "y": 9 },
        { "monster": "mon_BL9_mutant_evo_2", "x": 12, "y": 8 },
        { "monster": "mon_BL9_military_behemoth_minigun", "x": 12, "y": 7 },
        { "monster": "mon_BL9_mutant_evo_3", "x": 12, "y": 6 },
        { "monster": "mon_BL9_mutant_evo_2", "x": 12, "y": 5 },
        { "monster": "mon_BL9_military_behemoth_minigun", "x": 12, "y": 4 },
        { "monster": "mon_BL9_mutant_evo_3", "x": 12, "y": 3 },
        { "monster": "mon_BL9_mutant_evo_2", "x": 12, "y": 2 }
      ]
    }
  },
  {
    "type": "mapgen",
    "om_terrain": [ "island_base_hangar2" ],
    "method": "json",
    "weight": 100,
    "object": {
      "fill_ter": "t_rock_floor",
      "rows": [
        "%%%%%%%%%%%%%%%%%%%%%%%%",
        "www...............wwwwww",
        "www...............wwwwww",
        "www...............wwwwww",
        "www.......t.......wwwwww",
        "www...............wwwwww",
        "www...............wwwwww",
        "www...............wwwwww",
        "www...............wwwwww",
        "www...............wwwwww",
        "www...............wwwwww",
        "www.......t.......wwwwww",
        "www...............wwwwww",
        "www...............wwwwww",
        "www...............wwwwww",
        "www...............wwwwww",
        "www...............wwwwww",
        "www...............wwwwww",
        "%%%....................%",
        "?..........t............",
        "?.......................",
        "%%%...............wwwww%",
        "wwwwwwwwwwwwwwwwwwwwwwww",
        "wwwwwwwwwwwwwwwwwwwwwwww"
      ],
      "terrain": {
        " ": "t_dirt",
        ".": "t_thconc_floor",
        "!": "t_column_halfway",
        "W": "t_wall_glass",
        "%": "t_concrete_wall",
        ">": "t_stairs_down",
        "<": "t_stairs_up",
        "`": "t_BL9_hole",
        "?": [ "t_door_metal_c", "t_door_metal_c", "t_door_metal_c", "t_door_metal_c", "t_door_metal_o" ],
        "i": "t_card_industrial",
        "L": "t_door_metal_locked",
        "w": "t_water_dp"
      },
      "furniture": { "t": "f_BL9_floor_olight", "e": "f_crate_c" },
      "place_vehicles": [
        { "vehicle": "crashed_helicopters", "x": 11, "y": 6, "chance": 75, "status": 1, "rotation": 270 },
        { "vehicle": "crashed_helicopters", "x": 11, "y": 12, "chance": 75, "status": 1, "rotation": 270 },
        { "vehicle": "crashed_helicopters", "x": 11, "y": 20, "chance": 75, "status": 1, "rotation": 270 }
      ],
      "place_monster": [
        { "monster": "mon_BL9_mutant_evo_3", "x": 12, "y": 15 },
        { "monster": "mon_BL9_mutant_evo_3", "x": 12, "y": 14 },
        { "monster": "mon_BL9_military_behemoth", "x": 12, "y": 13 },
        { "monster": "mon_BL9_mutant_evo_3", "x": 12, "y": 12 },
        { "monster": "mon_BL9_mutant_evo_3", "x": 12, "y": 11 },
        { "monster": "mon_BL9_military_behemoth", "x": 12, "y": 10 },
        { "monster": "mon_BL9_mutant_evo_3", "x": 12, "y": 9 },
        { "monster": "mon_BL9_mutant_evo_3", "x": 12, "y": 8 },
        { "monster": "mon_BL9_military_behemoth_minigun", "x": 12, "y": 7 },
        { "monster": "mon_BL9_mutant_evo_3", "x": 12, "y": 6 },
        { "monster": "mon_BL9_mutant_evo_3", "x": 12, "y": 5 },
        { "monster": "mon_BL9_military_behemoth_minigun", "x": 12, "y": 4 },
        { "monster": "mon_BL9_mutant_evo_3", "x": 12, "y": 3 },
        { "monster": "mon_BL9_mutant_evo_3", "x": 12, "y": 2 }
      ]
    }
  },
  {
    "type": "mapgen",
    "om_terrain": [ "island_base_hangar3" ],
    "method": "json",
    "weight": 100,
    "object": {
      "fill_ter": "t_rock_floor",
      "rows": [
        "%%%%%%%%%%%%%%%%%%%%%%%%",
        "www...............wwwwww",
        "www.......t.......wwwwww",
        "www...............wwwwww",
        "www...............wwwwww",
        "www...............wwwwww",
        "www...............wwwwww",
        "www...............wwwwww",
        "www...............wwwwww",
        "www...............wwwwww",
        "www.......t.......wwwwww",
        "www...............wwwwww",
        "www...............wwwwww",
        "www...............wwwwww",
        "www...............wwwwww",
        "www...............wwwwww",
        "www...............wwwwww",
        "www...............wwwwww",
        "www...............wwwwww",
        "www.......t.............",
        "www.....................",
        "www...............wwwwww",
        "wwwwwwwwwwwwwwwwwwwwwwww",
        "wwwwwwwwwwwwwwwwwwwwwwww"
      ],
      "terrain": {
        " ": "t_dirt",
        ".": "t_thconc_floor",
        "%": "t_concrete_wall",
        ">": "t_stairs_down",
        "<": "t_stairs_up",
        "i": "t_card_industrial",
        "L": "t_door_metal_locked",
        "w": "t_water_dp"
      },
      "furniture": { "t": "f_BL9_floor_olight", "e": "f_crate_c" },
      "place_vehicles": [
        { "vehicle": "crashed_helicopters", "x": 11, "y": 6, "chance": 75, "status": 1, "rotation": 270 },
        { "vehicle": "crashed_helicopters", "x": 11, "y": 12, "chance": 75, "status": 1, "rotation": 270 },
        { "vehicle": "crashed_helicopters", "x": 11, "y": 20, "chance": 75, "status": 1, "rotation": 270 }
      ],
      "place_item": [ { "item": "id_science", "x": 11, "y": 2 }, { "item": "id_military", "x": 12, "y": 2 } ],
      "place_monster": [
        { "monster": "mon_BL9_military_shockrod", "x": 9, "y": 15 },
        { "monster": "mon_BL9_military_crossbow", "x": 9, "y": 14 },
        { "monster": "mon_BL9_military_behemoth", "x": 9, "y": 13 },
        { "monster": "mon_BL9_military_shockrod", "x": 9, "y": 9 },
        { "monster": "mon_BL9_military_crossbow", "x": 9, "y": 11 },
        { "monster": "mon_BL9_military_behemoth", "x": 9, "y": 10 },
        { "monster": "mon_BL9_military_shockrod", "x": 9, "y": 9 },
        { "monster": "mon_BL9_military_crossbow", "x": 9, "y": 8 },
        { "monster": "mon_BL9_military_behemoth_minigun", "x": 9, "y": 7 },
        { "monster": "mon_BL9_military_shockrod", "x": 9, "y": 6 },
        { "monster": "mon_BL9_military_crossbow", "x": 9, "y": 5 },
        { "monster": "mon_BL9_military_behemoth_minigun", "x": 9, "y": 4 },
        { "monster": "mon_BL9_military_shockrod", "x": 9, "y": 3 },
        { "monster": "mon_BL9_military_crossbow", "x": 9, "y": 2 }
      ]
    }
  }
]
