[
  {
    "type": "recipe",
    "activity_level": "NO_EXERCISE",
    "result": "9mmBL9",
    "category": "CC_AMMO",
    "subcategory": "CSC_AMMO_PISTOL",
    "skill_used": "fabrication",
    "skills_required": [ [ "mechanics", 4 ], [ "fabrication", 5 ] ],
    "difficulty": 2,
    "time": "5 m",
    "autolearn": true,
    "tools": [ [ [ "press", -1 ], [ "material_sand", -1 ], [ "clay_lump", -1 ] ], [ [ "surface_heat", 7, "LIST" ] ] ],
    "components": [ [ [ "BL9_sample", 20 ] ], [ [ "bone_tainted", 3 ] ], [ [ "scrap", 2 ] ] ]
  },
  {
    "type": "recipe",
    "activity_level": "NO_EXERCISE",
    "result": "9mmBL9mk2",
    "category": "CC_AMMO",
    "subcategory": "CSC_AMMO_PISTOL",
    "skill_used": "fabrication",
    "skills_required": [ [ "mechanics", 4 ], [ "fabrication", 5 ] ],
    "difficulty": 2,
    "time": "5 m",
    "autolearn": true,
    "tools": [ [ [ "press", -1 ], [ "material_sand", -1 ], [ "clay_lump", -1 ] ], [ [ "surface_heat", 7, "LIST" ] ] ],
    "components": [ [ [ "9mmBL9", 10 ] ] ]
  },
  {
    "type": "recipe",
    "activity_level": "NO_EXERCISE",
    "result": "9mmBL9smg",
    "category": "CC_AMMO",
    "subcategory": "CSC_AMMO_PISTOL",
    "skill_used": "fabrication",
    "skills_required": [ [ "mechanics", 4 ], [ "fabrication", 5 ] ],
    "difficulty": 2,
    "time": "5 m",
    "autolearn": true,
    "tools": [ [ [ "press", -1 ], [ "material_sand", -1 ], [ "clay_lump", -1 ] ], [ [ "surface_heat", 7, "LIST" ] ] ],
    "components": [ [ [ "BL9_sample", 10 ] ], [ [ "bone_tainted", 3 ] ], [ [ "scrap", 1 ] ] ]
  },
  {
    "type": "recipe",
    "activity_level": "NO_EXERCISE",
    "result": "9mmBL9smgmk2",
    "category": "CC_AMMO",
    "subcategory": "CSC_AMMO_PISTOL",
    "skill_used": "fabrication",
    "skills_required": [ [ "mechanics", 4 ], [ "fabrication", 5 ] ],
    "difficulty": 2,
    "time": "5 m",
    "autolearn": true,
    "tools": [ [ [ "press", -1 ], [ "material_sand", -1 ], [ "clay_lump", -1 ] ], [ [ "surface_heat", 7, "LIST" ] ] ],
    "components": [ [ [ "9mmBL9smg", 10 ] ] ]
  },
  {
    "type": "recipe",
    "activity_level": "NO_EXERCISE",
    "result": "308BL9",
    "category": "CC_AMMO",
    "subcategory": "CSC_AMMO_RIFLE",
    "skill_used": "fabrication",
    "skills_required": [ [ "mechanics", 4 ], [ "fabrication", 5 ] ],
    "difficulty": 2,
    "time": "5 m",
    "autolearn": true,
    "tools": [ [ [ "press", -1 ], [ "material_sand", -1 ], [ "clay_lump", -1 ] ], [ [ "surface_heat", 7, "LIST" ] ] ],
    "components": [ [ [ "BL9_sample", 40 ] ], [ [ "bone_tainted", 11 ] ], [ [ "scrap", 5 ] ] ]
  },
  {
    "type": "recipe",
    "activity_level": "NO_EXERCISE",
    "result": "308BL9mk2",
    "category": "CC_AMMO",
    "subcategory": "CSC_AMMO_RIFLE",
    "skill_used": "fabrication",
    "skills_required": [ [ "mechanics", 4 ], [ "fabrication", 5 ] ],
    "difficulty": 2,
    "time": "5 m",
    "autolearn": true,
    "tools": [ [ [ "press", -1 ], [ "material_sand", -1 ], [ "clay_lump", -1 ] ], [ [ "surface_heat", 7, "LIST" ] ] ],
    "components": [ [ [ "308BL9", 10 ] ] ]
  },
  {
    "type": "recipe",
    "activity_level": "NO_EXERCISE",
    "result": "BL9shot",
    "category": "CC_AMMO",
    "subcategory": "CSC_AMMO_SHOT",
    "skill_used": "fabrication",
    "skills_required": [ [ "mechanics", 4 ], [ "fabrication", 5 ] ],
    "difficulty": 2,
    "time": "5 m",
    "autolearn": true,
    "tools": [ [ [ "press", -1 ], [ "material_sand", -1 ], [ "clay_lump", -1 ] ], [ [ "surface_heat", 7, "LIST" ] ] ],
    "components": [ [ [ "BL9_sample", 30 ] ], [ [ "bone_tainted", 7 ] ], [ [ "scrap", 3 ] ] ]
  },
  {
    "type": "recipe",
    "activity_level": "NO_EXERCISE",
    "result": "BL9shotmk2",
    "category": "CC_AMMO",
    "subcategory": "CSC_AMMO_SHOT",
    "skill_used": "fabrication",
    "skills_required": [ [ "mechanics", 4 ], [ "fabrication", 5 ] ],
    "difficulty": 2,
    "time": "5 m",
    "autolearn": true,
    "tools": [ [ [ "press", -1 ], [ "material_sand", -1 ], [ "clay_lump", -1 ] ], [ [ "surface_heat", 7, "LIST" ] ] ],
    "components": [ [ [ "BL9shot", 10 ] ] ]
  },
  {
    "type": "recipe",
    "activity_level": "NO_EXERCISE",
    "result": "357magBL9",
    "category": "CC_AMMO",
    "subcategory": "CSC_AMMO_PISTOL",
    "skill_used": "fabrication",
    "skills_required": [ [ "mechanics", 4 ], [ "fabrication", 5 ] ],
    "difficulty": 2,
    "time": "5 m",
    "autolearn": true,
    "tools": [ [ [ "press", -1 ], [ "material_sand", -1 ], [ "clay_lump", -1 ] ], [ [ "surface_heat", 7, "LIST" ] ] ],
    "components": [ [ [ "BL9_sample", 40 ] ], [ [ "bone_tainted", 9 ] ], [ [ "scrap", 4 ] ] ]
  },
  {
    "type": "recipe",
    "activity_level": "NO_EXERCISE",
    "result": "357magBL9mk2",
    "category": "CC_AMMO",
    "subcategory": "CSC_AMMO_PISTOL",
    "skill_used": "fabrication",
    "skills_required": [ [ "mechanics", 4 ], [ "fabrication", 5 ] ],
    "difficulty": 2,
    "time": "5 m",
    "autolearn": true,
    "tools": [ [ [ "press", -1 ], [ "material_sand", -1 ], [ "clay_lump", -1 ] ], [ [ "surface_heat", 7, "LIST" ] ] ],
    "components": [ [ [ "357magBL9", 10 ] ] ]
  },
  {
    "type": "recipe",
    "activity_level": "NO_EXERCISE",
    "result": "556BL9",
    "category": "CC_AMMO",
    "subcategory": "CSC_AMMO_RIFLE",
    "skill_used": "fabrication",
    "skills_required": [ [ "mechanics", 4 ], [ "fabrication", 5 ] ],
    "difficulty": 2,
    "time": "5 m",
    "autolearn": true,
    "tools": [ [ [ "press", -1 ], [ "material_sand", -1 ], [ "clay_lump", -1 ] ], [ [ "surface_heat", 7, "LIST" ] ] ],
    "components": [ [ [ "BL9_sample", 30 ] ], [ [ "bone_tainted", 5 ] ], [ [ "scrap", 3 ] ] ]
  },
  {
    "type": "recipe",
    "activity_level": "NO_EXERCISE",
    "result": "556BL9mk2",
    "category": "CC_AMMO",
    "subcategory": "CSC_AMMO_RIFLE",
    "skill_used": "fabrication",
    "skills_required": [ [ "mechanics", 4 ], [ "fabrication", 5 ] ],
    "difficulty": 2,
    "time": "5 m",
    "autolearn": true,
    "tools": [ [ [ "press", -1 ], [ "material_sand", -1 ], [ "clay_lump", -1 ] ], [ [ "surface_heat", 7, "LIST" ] ] ],
    "components": [ [ [ "556BL9", 10 ] ] ]
  },
  {
    "type": "recipe",
    "activity_level": "NO_EXERCISE",
    "result": "BL9_spray",
    "category": "CC_AMMO",
    "subcategory": "CSC_AMMO_OTHER",
    "skill_used": "fabrication",
    "skills_required": [ [ "mechanics", 4 ], [ "fabrication", 5 ] ],
    "difficulty": 2,
    "time": "5 m",
    "autolearn": true,
    "tools": [ [ [ "press", -1 ], [ "material_sand", -1 ], [ "clay_lump", -1 ] ], [ [ "surface_heat", 7, "LIST" ] ] ],
    "components": [ [ [ "BL9_sample", 25 ] ], [ [ "bone_tainted", 6 ] ], [ [ "gasoline", 20 ] ] ]
  },
  {
    "type": "recipe",
    "activity_level": "NO_EXERCISE",
    "result": "BL9_spraymk2",
    "category": "CC_AMMO",
    "subcategory": "CSC_AMMO_OTHER",
    "skill_used": "fabrication",
    "skills_required": [ [ "mechanics", 4 ], [ "fabrication", 5 ] ],
    "difficulty": 2,
    "time": "5 m",
    "autolearn": true,
    "tools": [ [ [ "press", -1 ], [ "material_sand", -1 ], [ "clay_lump", -1 ] ], [ [ "surface_heat", 7, "LIST" ] ] ],
    "components": [ [ [ "BL9_spray", 140 ] ] ]
  },
  {
    "type": "recipe",
    "activity_level": "NO_EXERCISE",
    "result": "BL9_arrow",
    "category": "CC_AMMO",
    "subcategory": "CSC_AMMO_ARROWS",
    "skill_used": "fabrication",
    "skills_required": [ [ "mechanics", 4 ], [ "fabrication", 5 ] ],
    "difficulty": 2,
    "time": "5 m",
    "autolearn": true,
    "tools": [ [ [ "press", -1 ], [ "material_sand", -1 ], [ "clay_lump", -1 ] ], [ [ "surface_heat", 7, "LIST" ] ] ],
    "components": [ [ [ "BL9_sample", 25 ] ], [ [ "bone_tainted", 5 ] ], [ [ "scrap", 3 ] ] ]
  },
  {
    "type": "recipe",
    "activity_level": "NO_EXERCISE",
    "result": "BL9_bolt",
    "category": "CC_AMMO",
    "subcategory": "CSC_AMMO_OTHER",
    "skill_used": "fabrication",
    "skills_required": [ [ "mechanics", 4 ], [ "fabrication", 5 ] ],
    "difficulty": 2,
    "time": "10 m",
    "autolearn": true,
    "tools": [ [ [ "press", -1 ], [ "material_sand", -1 ], [ "clay_lump", -1 ] ], [ [ "surface_heat", 7, "LIST" ] ] ],
    "components": [ [ [ "BL9_sample", 30 ] ], [ [ "bone_tainted", 6 ] ], [ [ "scrap", 4 ] ] ]
  },
  {
    "type": "recipe",
    "activity_level": "NO_EXERCISE",
    "result": "BL9_arrowmk2",
    "category": "CC_AMMO",
    "subcategory": "CSC_AMMO_ARROWS",
    "skill_used": "fabrication",
    "skills_required": [ [ "mechanics", 4 ], [ "fabrication", 5 ] ],
    "difficulty": 2,
    "time": "5 m",
    "autolearn": true,
    "tools": [ [ [ "press", -1 ], [ "material_sand", -1 ], [ "clay_lump", -1 ] ], [ [ "surface_heat", 7, "LIST" ] ] ],
    "components": [ [ [ "BL9_arrow", 10 ] ] ]
  },
  {
    "type": "recipe",
    "activity_level": "NO_EXERCISE",
    "result": "BL9_boltmk2",
    "category": "CC_AMMO",
    "subcategory": "CSC_AMMO_OTHER",
    "skill_used": "fabrication",
    "skills_required": [ [ "mechanics", 4 ], [ "fabrication", 5 ] ],
    "difficulty": 2,
    "time": "10 m",
    "autolearn": true,
    "tools": [ [ [ "press", -1 ], [ "material_sand", -1 ], [ "clay_lump", -1 ] ], [ [ "surface_heat", 7, "LIST" ] ] ],
    "components": [ [ [ "BL9_bolt", 10 ] ] ]
  },
  {
    "type": "recipe",
    "activity_level": "NO_EXERCISE",
    "result": "40mmBL9",
    "category": "CC_AMMO",
    "subcategory": "CSC_AMMO_GRENADES",
    "skill_used": "fabrication",
    "skills_required": [ [ "mechanics", 4 ], [ "fabrication", 5 ] ],
    "difficulty": 2,
    "time": "10 m",
    "autolearn": true,
    "tools": [ [ [ "press", -1 ], [ "material_sand", -1 ], [ "clay_lump", -1 ] ], [ [ "surface_heat", 7, "LIST" ] ] ],
    "components": [ [ [ "BL9_sample", 20 ] ], [ [ "bone_tainted", 15 ] ], [ [ "scrap", 7 ] ] ]
  },
  {
    "type": "recipe",
    "activity_level": "NO_EXERCISE",
    "result": "40mmBL9mk2",
    "category": "CC_AMMO",
    "subcategory": "CSC_AMMO_GRENADES",
    "skill_used": "fabrication",
    "skills_required": [ [ "mechanics", 4 ], [ "fabrication", 5 ] ],
    "difficulty": 2,
    "time": "10 m",
    "autolearn": true,
    "tools": [ [ [ "press", -1 ], [ "material_sand", -1 ], [ "clay_lump", -1 ] ], [ [ "surface_heat", 7, "LIST" ] ] ],
    "components": [ [ [ "BL9_sample", 25 ] ], [ [ "bone_tainted", 15 ] ], [ [ "scrap", 7 ] ] ]
  },
  {
    "type": "recipe",
    "activity_level": "NO_EXERCISE",
    "result": "40mmBL9mk3",
    "category": "CC_AMMO",
    "subcategory": "CSC_AMMO_GRENADES",
    "skill_used": "fabrication",
    "skills_required": [ [ "mechanics", 4 ], [ "fabrication", 5 ] ],
    "difficulty": 2,
    "time": "10 m",
    "autolearn": true,
    "tools": [ [ [ "press", -1 ], [ "material_sand", -1 ], [ "clay_lump", -1 ] ], [ [ "surface_heat", 7, "LIST" ] ] ],
    "components": [ [ [ "BL9_sample", 35 ] ], [ [ "bone_tainted", 15 ] ], [ [ "scrap", 7 ] ] ]
  }
]
