[
  {
    "type": "recipe",
    "activity_level": "LIGHT_EXERCISE",
    "result": "BL9_tendril_sword",
    "category": "CC_WEAPON",
    "subcategory": "CSC_WEAPON_CUTTING",
    "skill_used": "fabrication",
    "skills_required": [ [ "fabrication", 5 ], [ "mechanics", 5 ] ],
    "difficulty": 5,
    "time": "1 h",
    "autolearn": true,
    "using": [ [ "forging_standard", 5 ], [ "steel_standard", 5 ] ],
    "qualities": [ { "id": "HAMMER", "level": 2 }, { "id": "ANVIL", "level": 1 } ],
    "tools": [ [ [ "press", -1 ], [ "clay_lump", -1 ] ], [ [ "surface_heat", 7, "LIST" ] ] ],
    "components": [ [ [ "BL9_sample", 100 ] ], [ [ "BL9_tendril_blade_sample", 10 ] ], [ [ "scrap", 3 ] ] ]
  },
  {
    "type": "recipe",
    "activity_level": "LIGHT_EXERCISE",
    "result": "BL9_worm_whip",
    "category": "CC_WEAPON",
    "subcategory": "CSC_WEAPON_BASHING",
    "skill_used": "fabrication",
    "skills_required": [ [ "fabrication", 5 ], [ "mechanics", 5 ] ],
    "difficulty": 5,
    "time": "1 h",
    "autolearn": true,
    "using": [ [ "forging_standard", 5 ], [ "steel_standard", 5 ] ],
    "qualities": [ { "id": "HAMMER", "level": 2 }, { "id": "ANVIL", "level": 1 } ],
    "tools": [ [ [ "press", -1 ], [ "clay_lump", -1 ] ], [ [ "surface_heat", 7, "LIST" ] ] ],
    "components": [ [ [ "BL9_sample", 115 ] ], [ [ "BL9_worm_body_sample", 10 ] ], [ [ "scrap", 5 ] ] ]
  },
  {
    "type": "recipe",
    "activity_level": "LIGHT_EXERCISE",
    "result": "BL9_claws_melee",
    "category": "CC_WEAPON",
    "subcategory": "CSC_WEAPON_CUTTING",
    "skill_used": "fabrication",
    "skills_required": [ [ "fabrication", 5 ], [ "mechanics", 5 ] ],
    "difficulty": 5,
    "time": "1 h",
    "autolearn": true,
    "using": [ [ "forging_standard", 5 ], [ "steel_standard", 5 ] ],
    "qualities": [ { "id": "HAMMER", "level": 2 }, { "id": "ANVIL", "level": 1 } ],
    "tools": [ [ [ "press", -1 ], [ "clay_lump", -1 ] ], [ [ "surface_heat", 7, "LIST" ] ] ],
    "components": [ [ [ "BL9_sample", 130 ] ], [ [ "BL9_clawer_sample", 5 ] ], [ [ "scrap", 7 ] ] ]
  },
  {
    "type": "recipe",
    "activity_level": "LIGHT_EXERCISE",
    "result": "BL9_repto_spear",
    "category": "CC_WEAPON",
    "subcategory": "CSC_WEAPON_PIERCING",
    "skill_used": "fabrication",
    "skills_required": [ [ "fabrication", 5 ], [ "mechanics", 5 ] ],
    "difficulty": 5,
    "time": "1 h",
    "autolearn": true,
    "using": [ [ "forging_standard", 5 ], [ "steel_standard", 5 ] ],
    "qualities": [ { "id": "HAMMER", "level": 2 }, { "id": "ANVIL", "level": 1 } ],
    "tools": [ [ [ "press", -1 ], [ "clay_lump", -1 ] ], [ [ "surface_heat", 7, "LIST" ] ] ],
    "components": [ [ [ "BL9_sample", 145 ] ], [ [ "BL9_repto_sample", 7 ] ], [ [ "scrap", 9 ] ] ]
  },
  {
    "type": "recipe",
    "activity_level": "LIGHT_EXERCISE",
    "result": "BL9_spiky_sword",
    "category": "CC_WEAPON",
    "subcategory": "CSC_WEAPON_CUTTING",
    "skill_used": "fabrication",
    "skills_required": [ [ "fabrication", 5 ], [ "mechanics", 5 ] ],
    "difficulty": 5,
    "time": "1 h",
    "autolearn": true,
    "using": [ [ "forging_standard", 5 ], [ "steel_standard", 5 ] ],
    "qualities": [ { "id": "HAMMER", "level": 2 }, { "id": "ANVIL", "level": 1 } ],
    "tools": [ [ [ "press", -1 ], [ "clay_lump", -1 ] ], [ [ "surface_heat", 7, "LIST" ] ] ],
    "components": [ [ [ "BL9_sample", 160 ] ], [ [ "BL9_spindly_spike_sample", 10 ] ], [ [ "scrap", 12 ] ] ]
  },
  {
    "type": "recipe",
    "activity_level": "LIGHT_EXERCISE",
    "result": "BL9_tail_whip",
    "category": "CC_WEAPON",
    "subcategory": "CSC_WEAPON_PIERCING",
    "skill_used": "fabrication",
    "skills_required": [ [ "fabrication", 5 ], [ "mechanics", 5 ] ],
    "difficulty": 5,
    "time": "1 h",
    "autolearn": true,
    "using": [ [ "forging_standard", 5 ], [ "steel_standard", 5 ] ],
    "qualities": [ { "id": "HAMMER", "level": 2 }, { "id": "ANVIL", "level": 1 } ],
    "tools": [ [ [ "press", -1 ], [ "clay_lump", -1 ] ], [ [ "surface_heat", 7, "LIST" ] ] ],
    "components": [ [ [ "BL9_sample", 175 ] ], [ [ "BL9_assassin_tail_sample", 1 ] ], [ [ "scrap", 15 ] ] ]
  },
  {
    "type": "recipe",
    "activity_level": "LIGHT_EXERCISE",
    "result": "BL9_tentacle_axe",
    "category": "CC_WEAPON",
    "subcategory": "CSC_WEAPON_CUTTING",
    "skill_used": "fabrication",
    "skills_required": [ [ "fabrication", 5 ], [ "mechanics", 5 ] ],
    "difficulty": 5,
    "time": "1 h",
    "autolearn": true,
    "using": [ [ "forging_standard", 5 ], [ "steel_standard", 5 ] ],
    "qualities": [ { "id": "HAMMER", "level": 2 }, { "id": "ANVIL", "level": 1 } ],
    "tools": [ [ [ "press", -1 ], [ "clay_lump", -1 ] ], [ [ "surface_heat", 7, "LIST" ] ] ],
    "components": [ [ [ "BL9_sample", 190 ] ], [ [ "BL9_twisted_tentacle_sample", 1 ] ], [ [ "scrap", 18 ] ] ]
  },
  {
    "type": "recipe",
    "activity_level": "LIGHT_EXERCISE",
    "result": "BL9_bladed_tentacle_claws",
    "category": "CC_WEAPON",
    "subcategory": "CSC_WEAPON_CUTTING",
    "skill_used": "fabrication",
    "skills_required": [ [ "fabrication", 7 ], [ "mechanics", 7 ] ],
    "difficulty": 5,
    "time": "1 h",
    "autolearn": true,
    "using": [ [ "forging_standard", 5 ], [ "steel_standard", 5 ] ],
    "qualities": [ { "id": "HAMMER", "level": 2 }, { "id": "ANVIL", "level": 1 } ],
    "tools": [ [ [ "press", -1 ], [ "clay_lump", -1 ] ], [ [ "surface_heat", 7, "LIST" ] ] ],
    "components": [ [ [ "BL9_sample", 205 ] ], [ [ "BL9_bladed_tentacle_sample", 10 ] ], [ [ "scrap", 21 ] ] ]
  },
  {
    "type": "recipe",
    "activity_level": "LIGHT_EXERCISE",
    "result": "BL9_spiked_worm_polearm",
    "category": "CC_WEAPON",
    "subcategory": "CSC_WEAPON_PIERCING",
    "skill_used": "fabrication",
    "skills_required": [ [ "fabrication", 7 ], [ "mechanics", 7 ] ],
    "difficulty": 5,
    "time": "1 h",
    "autolearn": true,
    "using": [ [ "forging_standard", 5 ], [ "steel_standard", 5 ] ],
    "qualities": [ { "id": "HAMMER", "level": 2 }, { "id": "ANVIL", "level": 1 } ],
    "tools": [ [ [ "press", -1 ], [ "clay_lump", -1 ] ], [ [ "surface_heat", 7, "LIST" ] ] ],
    "components": [ [ [ "BL9_sample", 220 ] ], [ [ "BL9_worm_spiked_sample", 10 ] ], [ [ "scrap", 25 ] ] ]
  },
  {
    "type": "recipe",
    "activity_level": "LIGHT_EXERCISE",
    "result": "BL9_tentacle_spike_flail",
    "category": "CC_WEAPON",
    "subcategory": "CSC_WEAPON_BASHING",
    "skill_used": "fabrication",
    "skills_required": [ [ "fabrication", 7 ], [ "mechanics", 7 ] ],
    "difficulty": 5,
    "time": "1 h",
    "autolearn": true,
    "using": [ [ "forging_standard", 5 ], [ "steel_standard", 5 ] ],
    "qualities": [ { "id": "HAMMER", "level": 2 }, { "id": "ANVIL", "level": 1 } ],
    "tools": [ [ [ "press", -1 ], [ "clay_lump", -1 ] ], [ [ "surface_heat", 7, "LIST" ] ] ],
    "components": [ [ [ "BL9_sample", 235 ] ], [ [ "BL9_spiked_tentacle_sample", 10 ] ], [ [ "scrap", 30 ] ] ]
  },
  {
    "type": "recipe",
    "activity_level": "LIGHT_EXERCISE",
    "result": "BL9_repto_evo_spear",
    "category": "CC_WEAPON",
    "subcategory": "CSC_WEAPON_PIERCING",
    "skill_used": "fabrication",
    "skills_required": [ [ "fabrication", 7 ], [ "mechanics", 7 ] ],
    "difficulty": 5,
    "time": "1 h",
    "autolearn": true,
    "using": [ [ "forging_standard", 5 ], [ "steel_standard", 5 ] ],
    "qualities": [ { "id": "HAMMER", "level": 2 }, { "id": "ANVIL", "level": 1 } ],
    "tools": [ [ [ "press", -1 ], [ "clay_lump", -1 ] ], [ [ "surface_heat", 7, "LIST" ] ] ],
    "components": [ [ [ "BL9_sample", 250 ] ], [ [ "BL9_repto_evo_sample", 7 ] ], [ [ "scrap", 35 ] ] ]
  },
  {
    "type": "recipe",
    "activity_level": "LIGHT_EXERCISE",
    "result": "BL9_pincer_sword",
    "category": "CC_WEAPON",
    "subcategory": "CSC_WEAPON_CUTTING",
    "skill_used": "fabrication",
    "skills_required": [ [ "fabrication", 7 ], [ "mechanics", 7 ] ],
    "difficulty": 5,
    "time": "1 h",
    "autolearn": true,
    "using": [ [ "forging_standard", 5 ], [ "steel_standard", 5 ] ],
    "qualities": [ { "id": "HAMMER", "level": 2 }, { "id": "ANVIL", "level": 1 } ],
    "tools": [ [ [ "press", -1 ], [ "clay_lump", -1 ] ], [ [ "surface_heat", 7, "LIST" ] ] ],
    "components": [ [ [ "BL9_sample", 265 ] ], [ [ "BL9_chimera_pincer_sample", 1 ] ], [ [ "scrap", 40 ] ] ]
  },
  {
    "type": "recipe",
    "activity_level": "LIGHT_EXERCISE",
    "result": "BL9_claws_evo",
    "category": "CC_WEAPON",
    "subcategory": "CSC_WEAPON_CUTTING",
    "skill_used": "fabrication",
    "skills_required": [ [ "fabrication", 7 ], [ "mechanics", 7 ] ],
    "difficulty": 5,
    "time": "1 h",
    "autolearn": true,
    "using": [ [ "forging_standard", 5 ], [ "steel_standard", 5 ] ],
    "qualities": [ { "id": "HAMMER", "level": 2 }, { "id": "ANVIL", "level": 1 } ],
    "tools": [ [ [ "press", -1 ], [ "clay_lump", -1 ] ], [ [ "surface_heat", 7, "LIST" ] ] ],
    "components": [ [ [ "BL9_sample", 280 ] ], [ [ "BL9_evo_claws_sample", 1 ] ], [ [ "scrap", 45 ] ] ]
  },
  {
    "type": "recipe",
    "activity_level": "LIGHT_EXERCISE",
    "result": "BL9_spiked_sledgehammer",
    "category": "CC_WEAPON",
    "subcategory": "CSC_WEAPON_BASHING",
    "skill_used": "fabrication",
    "skills_required": [ [ "fabrication", 8 ], [ "mechanics", 8 ] ],
    "difficulty": 5,
    "time": "1 h",
    "autolearn": true,
    "using": [ [ "forging_standard", 5 ], [ "steel_standard", 5 ] ],
    "qualities": [ { "id": "HAMMER", "level": 2 }, { "id": "ANVIL", "level": 1 } ],
    "tools": [ [ [ "press", -1 ], [ "clay_lump", -1 ] ], [ [ "surface_heat", 10, "LIST" ] ] ],
    "components": [ [ [ "BL9_sample", 300 ] ], [ [ "BL9_vile_leg_sample", 1 ] ], [ [ "scrap", 60 ] ] ]
  },
  {
    "type": "recipe",
    "activity_level": "LIGHT_EXERCISE",
    "result": "BL9_tail_whip_enhanced",
    "category": "CC_WEAPON",
    "subcategory": "CSC_WEAPON_PIERCING",
    "skill_used": "fabrication",
    "skills_required": [ [ "fabrication", 8 ], [ "mechanics", 8 ] ],
    "difficulty": 5,
    "time": "1 h",
    "autolearn": true,
    "using": [ [ "forging_standard", 5 ], [ "steel_standard", 5 ] ],
    "qualities": [ { "id": "HAMMER", "level": 2 }, { "id": "ANVIL", "level": 1 } ],
    "tools": [ [ [ "press", -1 ], [ "clay_lump", -1 ] ], [ [ "surface_heat", 10, "LIST" ] ] ],
    "components": [ [ [ "BL9_tail_whip", 1 ] ], [ [ "BL9_commander_sample", 1 ] ] ]
  },
  {
    "type": "recipe",
    "activity_level": "LIGHT_EXERCISE",
    "result": "BL9_tentacle_axe_enhanced",
    "category": "CC_WEAPON",
    "subcategory": "CSC_WEAPON_CUTTING",
    "skill_used": "fabrication",
    "skills_required": [ [ "fabrication", 8 ], [ "mechanics", 8 ] ],
    "difficulty": 5,
    "time": "1 h",
    "autolearn": true,
    "using": [ [ "forging_standard", 5 ], [ "steel_standard", 5 ] ],
    "qualities": [ { "id": "HAMMER", "level": 2 }, { "id": "ANVIL", "level": 1 } ],
    "tools": [ [ [ "press", -1 ], [ "clay_lump", -1 ] ], [ [ "surface_heat", 10, "LIST" ] ] ],
    "components": [ [ [ "BL9_tentacle_axe", 1 ] ], [ [ "BL9_commander_sample", 1 ] ] ]
  },
  {
    "type": "recipe",
    "activity_level": "LIGHT_EXERCISE",
    "result": "BL9_tentacle_spike_flail_enhanced",
    "category": "CC_WEAPON",
    "subcategory": "CSC_WEAPON_BASHING",
    "skill_used": "fabrication",
    "skills_required": [ [ "fabrication", 8 ], [ "mechanics", 8 ] ],
    "difficulty": 5,
    "time": "1 h",
    "autolearn": true,
    "using": [ [ "forging_standard", 5 ], [ "steel_standard", 5 ] ],
    "qualities": [ { "id": "HAMMER", "level": 2 }, { "id": "ANVIL", "level": 1 } ],
    "tools": [ [ [ "press", -1 ], [ "clay_lump", -1 ] ], [ [ "surface_heat", 10, "LIST" ] ] ],
    "components": [ [ [ "BL9_tentacle_spike_flail", 1 ] ], [ [ "BL9_commander_sample", 1 ] ] ]
  },
  {
    "type": "recipe",
    "activity_level": "LIGHT_EXERCISE",
    "result": "BL9_repto_evo_spear_enhanced",
    "category": "CC_WEAPON",
    "subcategory": "CSC_WEAPON_PIERCING",
    "skill_used": "fabrication",
    "skills_required": [ [ "fabrication", 8 ], [ "mechanics", 8 ] ],
    "difficulty": 5,
    "time": "1 h",
    "autolearn": true,
    "using": [ [ "forging_standard", 5 ], [ "steel_standard", 5 ] ],
    "qualities": [ { "id": "HAMMER", "level": 2 }, { "id": "ANVIL", "level": 1 } ],
    "tools": [ [ [ "press", -1 ], [ "clay_lump", -1 ] ], [ [ "surface_heat", 10, "LIST" ] ] ],
    "components": [ [ [ "BL9_repto_evo_spear", 1 ] ], [ [ "BL9_commander_sample", 1 ] ] ]
  },
  {
    "type": "recipe",
    "activity_level": "LIGHT_EXERCISE",
    "result": "BL9_pincer_sword_enhanced",
    "category": "CC_WEAPON",
    "subcategory": "CSC_WEAPON_CUTTING",
    "skill_used": "fabrication",
    "skills_required": [ [ "fabrication", 8 ], [ "mechanics", 8 ] ],
    "difficulty": 5,
    "time": "1 h",
    "autolearn": true,
    "using": [ [ "forging_standard", 5 ], [ "steel_standard", 5 ] ],
    "qualities": [ { "id": "HAMMER", "level": 2 }, { "id": "ANVIL", "level": 1 } ],
    "tools": [ [ [ "press", -1 ], [ "clay_lump", -1 ] ], [ [ "surface_heat", 10, "LIST" ] ] ],
    "components": [ [ [ "BL9_pincer_sword", 1 ] ], [ [ "BL9_commander_sample", 1 ] ] ]
  },
  {
    "type": "recipe",
    "activity_level": "LIGHT_EXERCISE",
    "result": "BL9_claws_evo_enhanced",
    "category": "CC_WEAPON",
    "subcategory": "CSC_WEAPON_CUTTING",
    "skill_used": "fabrication",
    "skills_required": [ [ "fabrication", 8 ], [ "mechanics", 8 ] ],
    "difficulty": 5,
    "time": "1 h",
    "autolearn": true,
    "using": [ [ "forging_standard", 5 ], [ "steel_standard", 5 ] ],
    "qualities": [ { "id": "HAMMER", "level": 2 }, { "id": "ANVIL", "level": 1 } ],
    "tools": [ [ [ "press", -1 ], [ "clay_lump", -1 ] ], [ [ "surface_heat", 10, "LIST" ] ] ],
    "components": [ [ [ "BL9_claws_evo", 1 ] ], [ [ "BL9_commander_sample", 1 ] ] ]
  },
  {
    "type": "recipe",
    "activity_level": "LIGHT_EXERCISE",
    "result": "9mmBL9mk3mag",
    "category": "CC_WEAPON",
    "subcategory": "CSC_WEAPON_MAGAZINES",
    "skill_used": "fabrication",
    "skills_required": [ [ "fabrication", 7 ], [ "mechanics", 7 ] ],
    "difficulty": 5,
    "time": "1 h",
    "autolearn": true,
    "using": [ [ "forging_standard", 5 ], [ "steel_standard", 5 ] ],
    "qualities": [ { "id": "HAMMER", "level": 2 }, { "id": "ANVIL", "level": 1 } ],
    "tools": [ [ [ "press", -1 ], [ "clay_lump", -1 ] ], [ [ "surface_heat", 7, "LIST" ] ] ],
    "components": [ [ [ "BL9_sample", 100 ] ], [ [ "BL9_bladed_tentacle_sample", 10 ] ] ]
  },
  {
    "type": "recipe",
    "activity_level": "LIGHT_EXERCISE",
    "result": "9mmBL9smgmk3mag",
    "category": "CC_WEAPON",
    "subcategory": "CSC_WEAPON_MAGAZINES",
    "skill_used": "fabrication",
    "skills_required": [ [ "fabrication", 7 ], [ "mechanics", 7 ] ],
    "difficulty": 5,
    "time": "1 h",
    "autolearn": true,
    "using": [ [ "forging_standard", 5 ], [ "steel_standard", 5 ] ],
    "qualities": [ { "id": "HAMMER", "level": 2 }, { "id": "ANVIL", "level": 1 } ],
    "tools": [ [ [ "press", -1 ], [ "clay_lump", -1 ] ], [ [ "surface_heat", 7, "LIST" ] ] ],
    "components": [ [ [ "BL9_sample", 100 ] ], [ [ "BL9_worm_spiked_sample", 10 ] ] ]
  },
  {
    "type": "recipe",
    "activity_level": "LIGHT_EXERCISE",
    "result": "308BL9mk3mag",
    "category": "CC_WEAPON",
    "subcategory": "CSC_WEAPON_MAGAZINES",
    "skill_used": "fabrication",
    "skills_required": [ [ "fabrication", 7 ], [ "mechanics", 7 ] ],
    "difficulty": 5,
    "time": "1 h",
    "autolearn": true,
    "using": [ [ "forging_standard", 5 ], [ "steel_standard", 5 ] ],
    "qualities": [ { "id": "HAMMER", "level": 2 }, { "id": "ANVIL", "level": 1 } ],
    "tools": [ [ [ "press", -1 ], [ "clay_lump", -1 ] ], [ [ "surface_heat", 7, "LIST" ] ] ],
    "components": [ [ [ "BL9_sample", 100 ] ], [ [ "BL9_spiked_tentacle_sample", 10 ] ] ]
  },
  {
    "type": "recipe",
    "activity_level": "LIGHT_EXERCISE",
    "result": "556223BL9mk3mag",
    "category": "CC_WEAPON",
    "subcategory": "CSC_WEAPON_MAGAZINES",
    "skill_used": "fabrication",
    "skills_required": [ [ "fabrication", 7 ], [ "mechanics", 7 ] ],
    "difficulty": 5,
    "time": "1 h",
    "autolearn": true,
    "using": [ [ "forging_standard", 5 ], [ "steel_standard", 5 ] ],
    "qualities": [ { "id": "HAMMER", "level": 2 }, { "id": "ANVIL", "level": 1 } ],
    "tools": [ [ [ "press", -1 ], [ "clay_lump", -1 ] ], [ [ "surface_heat", 7, "LIST" ] ] ],
    "components": [ [ [ "BL9_sample", 100 ] ], [ [ "BL9_bladed_tentacle_sample", 10 ] ] ]
  },
  {
    "type": "recipe",
    "activity_level": "LIGHT_EXERCISE",
    "result": "tank_BL9_mk3",
    "category": "CC_WEAPON",
    "subcategory": "CSC_WEAPON_MAGAZINES",
    "skill_used": "fabrication",
    "skills_required": [ [ "fabrication", 7 ], [ "mechanics", 7 ] ],
    "difficulty": 5,
    "time": "1 h",
    "autolearn": true,
    "using": [ [ "forging_standard", 5 ], [ "steel_standard", 5 ] ],
    "qualities": [ { "id": "HAMMER", "level": 2 }, { "id": "ANVIL", "level": 1 } ],
    "tools": [ [ [ "press", -1 ], [ "clay_lump", -1 ] ], [ [ "surface_heat", 7, "LIST" ] ] ],
    "components": [ [ [ "BL9_sample", 100 ] ], [ [ "BL9_worm_spiked_sample", 10 ] ] ]
  },
  {
    "type": "recipe",
    "activity_level": "LIGHT_EXERCISE",
    "result": "40_BL9mk3mag",
    "category": "CC_WEAPON",
    "subcategory": "CSC_WEAPON_MAGAZINES",
    "skill_used": "fabrication",
    "skills_required": [ [ "fabrication", 7 ], [ "mechanics", 7 ] ],
    "difficulty": 5,
    "time": "1 h",
    "autolearn": true,
    "using": [ [ "forging_standard", 5 ], [ "steel_standard", 5 ] ],
    "qualities": [ { "id": "HAMMER", "level": 2 }, { "id": "ANVIL", "level": 1 } ],
    "tools": [ [ [ "press", -1 ], [ "clay_lump", -1 ] ], [ [ "surface_heat", 7, "LIST" ] ] ],
    "components": [ [ [ "BL9_sample", 100 ] ], [ [ "BL9_spiked_tentacle_sample", 10 ] ] ]
  }
]
