[
  {
    "type": "overmap_special",
    "id": "BL9_castlelan_castle",
    "overmaps": [
      { "point": [ 0, 0, 0 ], "overmap": "castlelan_castle_entr1_left_north" },
      { "point": [ 1, 0, 0 ], "overmap": "castlelan_castle_entr2_left_north" },
      { "point": [ 2, 0, 0 ], "overmap": "castlelan_castle_entr_right_north" },
      { "point": [ 3, 0, 0 ], "overmap": "castlelan_castle_entr_veryright_north" },
      { "point": [ 3, 1, 0 ], "overmap": "castlelan_castle_ins_south_north" },
      { "point": [ 2, 1, 0 ], "overmap": "castlelan_castle_hall_west_north" },
      { "point": [ 2, 2, 0 ], "overmap": "castlelan_castle_clawer_south_north" },
      { "point": [ 3, 2, 0 ], "overmap": "castlelan_castle_cerem_east1_north" },
      { "point": [ 4, 2, 0 ], "overmap": "castlelan_castle_cerem_east2_north" },
      { "point": [ 5, 2, 0 ], "overmap": "castlelan_purple1_north" },
      { "point": [ 5, 1, 0 ], "overmap": "castlelan_purple2_north" },
      { "point": [ 6, 1, 0 ], "overmap": "castlelan_purple3_north" },
      { "point": [ 6, 2, 0 ], "overmap": "castlelan_purple4_north" },
      { "point": [ 7, 2, 0 ], "overmap": "castlelan_castle_ambush_east1_north" },
      { "point": [ 7, 2, -1 ], "overmap": "castlelan_castle_prison_north" },
      { "point": [ 8, 2, 0 ], "overmap": "castlelan_castle_ambush_east2_north" },
      { "point": [ 8, 3, 0 ], "overmap": "castlelan_castle_garden_south1_north" },
      { "point": [ 9, 3, 0 ], "overmap": "castlelan_red1_north" },
      { "point": [ 9, 2, 0 ], "overmap": "castlelan_red2_north" },
      { "point": [ 10, 2, 0 ], "overmap": "castlelan_red3_north" },
      { "point": [ 10, 3, 0 ], "overmap": "castlelan_red4_north" },
      { "point": [ 7, 3, 0 ], "overmap": "castlelan_castle_garden_south2_north" },
      { "point": [ 11, 3, 0 ], "overmap": "castlelan_castle_clawer_south2_north" },
      { "point": [ 12, 3, 0 ], "overmap": "castlelan_castle_ambush_east3_north" },
      { "point": [ 12, 3, -1 ], "overmap": "castlelan_castle_lava_north" },
      { "point": [ 2, 1, 1 ], "overmap": "castlelan_castle_roadtothrone_west1_north" },
      { "point": [ 1, 1, 1 ], "overmap": "castlelan_castle_roadtothrone_west2_north" },
      { "point": [ 1, 2, 1 ], "overmap": "castlelan_green1_north" },
      { "point": [ 2, 2, 1 ], "overmap": "castlelan_green2_north" },
      { "point": [ 2, 3, 1 ], "overmap": "castlelan_green3_north" },
      { "point": [ 1, 3, 1 ], "overmap": "castlelan_green4_north" },
      { "point": [ 1, 4, 1 ], "overmap": "castlelan_castle_scrawler_south1_north" },
      { "point": [ 2, 4, 1 ], "overmap": "castlelan_castle_scrawler_east1_north" },
      { "point": [ 1, 5, 1 ], "overmap": "castlelan_castle_roadtothrone_bridge1_north" },
      { "point": [ 2, 5, 1 ], "overmap": "castlelan_castle_roadtothrone_bridge2_north" },
      { "point": [ 3, 5, 1 ], "overmap": "castlelan_blue1_north" },
      { "point": [ 3, 4, 1 ], "overmap": "castlelan_blue2_north" },
      { "point": [ 4, 4, 1 ], "overmap": "castlelan_blue3_north" },
      { "point": [ 4, 5, 1 ], "overmap": "castlelan_blue4_north" },
      { "point": [ 0, 5, 1 ], "overmap": "castlelan_castle_throneroom_west_north" },
      { "point": [ 0, 5, 0 ], "overmap": "castlelan_castle_falling_north" },
      { "point": [ 0, 5, -1 ], "overmap": "hive_caves1_north" },
      { "point": [ 0, 6, -1 ], "overmap": "hive_caves2_castle_north" },
      { "point": [ 0, 7, -1 ], "overmap": "hive_caves3_castle_north" },
      { "point": [ 1, 7, -1 ], "overmap": "hive_caves4_north" },
      { "point": [ 1, 6, -1 ], "overmap": "hive_caves5_castle_north" },
      { "point": [ 1, 5, -1 ], "overmap": "hive_caves6_castle_north" },
      { "point": [ 2, 5, -1 ], "overmap": "hive_caves7_north" },
      { "point": [ 2, 6, -1 ], "overmap": "hive_caves8_castle_north" },
      { "point": [ 2, 7, -1 ], "overmap": "hive_caves9_castle_north" },
      { "point": [ 2, 7, -2 ], "overmap": "castlelan_castle_assassin_north" },
      { "point": [ 2, 7, -3 ], "overmap": "castlelan_castle_mines1_north" },
      { "point": [ 2, 8, -3 ], "overmap": "castlelan_castle_mines2_north" },
      { "point": [ 3, 8, -3 ], "overmap": "castlelan_castle_furnace_north" },
      { "point": [ 3, 8, -2 ], "overmap": "castlelan_castle_scrawler_south2_north" },
      { "point": [ 4, 8, -2 ], "overmap": "castlelan_castle_scrawler_east2_north" },
      { "point": [ 4, 9, -2 ], "overmap": "castlelan_castle_scrawler_south3_north" },
      { "point": [ 3, 9, -2 ], "overmap": "castlelan_castle_scrawler_west1_north" },
      { "point": [ 3, 9, -1 ], "overmap": "sandruins_caves1_castle_north" },
      { "point": [ 3, 10, -1 ], "overmap": "sandruins_caves2_castle_north" },
      { "point": [ 3, 11, -1 ], "overmap": "sandruins_caves3_castle_north" },
      { "point": [ 4, 11, -1 ], "overmap": "sandruins_caves4_north" },
      { "point": [ 4, 10, -1 ], "overmap": "sandruins_caves5_castle_north" },
      { "point": [ 4, 9, -1 ], "overmap": "sandruins_caves6_castle_north" },
      { "point": [ 5, 9, -1 ], "overmap": "sandruins_caves7_north" },
      { "point": [ 5, 10, -1 ], "overmap": "sandruins_caves8_castle_north" },
      { "point": [ 5, 11, -1 ], "overmap": "sandruins_caves9_castle_north" },
      { "point": [ 6, 11, -1 ], "overmap": "castlelan_castle_ruins_north" },
      { "point": [ 6, 10, -1 ], "overmap": "castlelan_castle_rail1_north" },
      { "point": [ 6, 9, -1 ], "overmap": "castlelan_castle_rail2_north" },
      { "point": [ 6, 9, 0 ], "overmap": "castlelan_castle_outside1_north" },
      { "point": [ 5, 9, 0 ], "overmap": "castlelan_castle_robocastlelan1_south_north" },
      { "point": [ 5, 10, 0 ], "overmap": "castlelan_castle_robocastlelan2_south_north" },
      { "point": [ 5, 10, 1 ], "overmap": "castlelan_castle_roadtocastlelan_north" },
      { "point": [ 5, 10, 2 ], "overmap": "castlelan_castle_castlelan_north" }
    ],
    "locations": [ "land" ],
    "city_distance": [ 2, 25 ],
    "city_sizes": [ 4, 16 ],
    "occurrences": [ 1, 1 ]
  },
  {
    "type": "overmap_special",
    "id": "BL9_island_mil_base",
    "overmaps": [
      { "point": [ 0, 0, 0 ], "overmap": "island_base_storage1_north" },
      { "point": [ 1, 0, 0 ], "overmap": "island_base_storage2_north" },
      { "point": [ 2, 0, 0 ], "overmap": "island_base_storage3_north" },
      { "point": [ 2, 1, 0 ], "overmap": "island_base_factory1_north" },
      { "point": [ 1, 1, 0 ], "overmap": "island_base_factory2_north" },
      { "point": [ 0, 1, 0 ], "overmap": "island_base_factory3_north" },
      { "point": [ 0, 2, 0 ], "overmap": "island_base_core1_north" },
      { "point": [ 1, 2, 0 ], "overmap": "island_base_core2_north" },
      { "point": [ 2, 2, 0 ], "overmap": "island_base_core3_north" },
      { "point": [ 2, 3, 0 ], "overmap": "island_base_medresearch1_north" },
      { "point": [ 1, 3, 0 ], "overmap": "island_base_medresearch2_north" },
      { "point": [ 0, 3, 0 ], "overmap": "island_base_medresearch3_north" },
      { "point": [ 0, 4, 0 ], "overmap": "island_base_controlroom1_north" },
      { "point": [ 1, 4, 0 ], "overmap": "island_base_controlroom2_north" },
      { "point": [ 2, 4, 0 ], "overmap": "island_base_controlroom3_north" },
      { "point": [ 2, 5, 0 ], "overmap": "island_base_hangar1_north" },
      { "point": [ 1, 5, 0 ], "overmap": "island_base_hangar2_north" },
      { "point": [ 0, 5, 0 ], "overmap": "island_base_hangar3_north" }
    ],
    "locations": [ "land" ],
    "city_distance": [ 2, 25 ],
    "city_sizes": [ 4, 16 ],
    "occurrences": [ 1, 1 ]
  },
  {
    "type": "overmap_special",
    "id": "BL9_hive_caves_biome",
    "overmaps": [
      { "point": [ 0, 0, 0 ], "overmap": "hive_caves_surface_north" },
      { "point": [ 0, 0, -1 ], "overmap": "hive_caves1_north" },
      { "point": [ 0, 1, -1 ], "overmap": "hive_caves2_north" },
      { "point": [ 0, 2, -1 ], "overmap": "hive_caves3_north" },
      { "point": [ 1, 2, -1 ], "overmap": "hive_caves4_north" },
      { "point": [ 1, 1, -1 ], "overmap": "hive_caves5_north" },
      { "point": [ 1, 0, -1 ], "overmap": "hive_caves6_north" },
      { "point": [ 2, 0, -1 ], "overmap": "hive_caves7_north" },
      { "point": [ 2, 1, -1 ], "overmap": "hive_caves8_north" },
      { "point": [ 2, 2, -1 ], "overmap": "hive_caves9_north" }
    ],
    "locations": [ "land" ],
    "city_distance": [ 2, 25 ],
    "city_sizes": [ 4, 16 ],
    "occurrences": [ 1, 1 ]
  },
  {
    "type": "overmap_special",
    "id": "BL9_sandruins_caves_biome",
    "overmaps": [
      { "point": [ 0, 0, 0 ], "overmap": "sandruins_caves_surface_north" },
      { "point": [ 0, 0, -1 ], "overmap": "sandruins_caves1_north" },
      { "point": [ 0, 1, -1 ], "overmap": "sandruins_caves2_north" },
      { "point": [ 0, 2, -1 ], "overmap": "sandruins_caves3_north" },
      { "point": [ 1, 2, -1 ], "overmap": "sandruins_caves4_north" },
      { "point": [ 1, 1, -1 ], "overmap": "sandruins_caves5_north" },
      { "point": [ 1, 0, -1 ], "overmap": "sandruins_caves6_north" },
      { "point": [ 2, 0, -1 ], "overmap": "sandruins_caves7_north" },
      { "point": [ 2, 1, -1 ], "overmap": "sandruins_caves8_north" },
      { "point": [ 2, 2, -1 ], "overmap": "sandruins_caves9_north" }
    ],
    "locations": [ "land" ],
    "city_distance": [ 2, 25 ],
    "city_sizes": [ 4, 16 ],
    "occurrences": [ 1, 1 ]
  },
  {
    "type": "overmap_special",
    "id": "BL9_water_caves_biome",
    "overmaps": [
      { "point": [ 0, 0, 0 ], "overmap": "water_caves_surface_north" },
      { "point": [ 0, 0, -1 ], "overmap": "water_caves1_north" },
      { "point": [ 0, 1, -1 ], "overmap": "water_caves2_north" },
      { "point": [ 0, 2, -1 ], "overmap": "water_caves3_north" },
      { "point": [ 1, 2, -1 ], "overmap": "water_caves4_north" },
      { "point": [ 1, 1, -1 ], "overmap": "water_caves5_north" },
      { "point": [ 1, 0, -1 ], "overmap": "water_caves6_north" },
      { "point": [ 2, 0, -1 ], "overmap": "water_caves7_north" },
      { "point": [ 2, 1, -1 ], "overmap": "water_caves8_north" },
      { "point": [ 2, 2, -1 ], "overmap": "water_caves9_north" }
    ],
    "locations": [ "land" ],
    "city_distance": [ 2, 25 ],
    "city_sizes": [ 4, 16 ],
    "occurrences": [ 1, 1 ]
  },
  {
    "type": "overmap_special",
    "id": "BL9_lava_caves_biome",
    "overmaps": [
      { "point": [ 0, 0, 0 ], "overmap": "lava_caves_surface_north" },
      { "point": [ 0, 0, -1 ], "overmap": "lava_caves1_north" },
      { "point": [ 0, 1, -1 ], "overmap": "lava_caves2_north" },
      { "point": [ 0, 2, -1 ], "overmap": "lava_caves3_north" },
      { "point": [ 1, 2, -1 ], "overmap": "lava_caves4_north" },
      { "point": [ 1, 1, -1 ], "overmap": "lava_caves5_north" },
      { "point": [ 1, 0, -1 ], "overmap": "lava_caves6_north" },
      { "point": [ 2, 0, -1 ], "overmap": "lava_caves7_north" },
      { "point": [ 2, 1, -1 ], "overmap": "lava_caves8_north" },
      { "point": [ 2, 2, -1 ], "overmap": "lava_caves9_north" }
    ],
    "locations": [ "land" ],
    "city_distance": [ 2, 25 ],
    "city_sizes": [ 4, 16 ],
    "occurrences": [ 1, 1 ]
  },
  {
    "type": "overmap_special",
    "id": "BL9_acid_caves_biome",
    "overmaps": [
      { "point": [ 0, 0, 0 ], "overmap": "acid_caves_surface_north" },
      { "point": [ 0, 0, -1 ], "overmap": "acid_caves1_north" },
      { "point": [ 0, 1, -1 ], "overmap": "acid_caves2_north" },
      { "point": [ 0, 2, -1 ], "overmap": "acid_caves3_north" },
      { "point": [ 1, 2, -1 ], "overmap": "acid_caves4_north" },
      { "point": [ 1, 1, -1 ], "overmap": "acid_caves5_north" },
      { "point": [ 1, 0, -1 ], "overmap": "acid_caves6_north" },
      { "point": [ 2, 0, -1 ], "overmap": "acid_caves7_north" },
      { "point": [ 2, 1, -1 ], "overmap": "acid_caves8_north" },
      { "point": [ 2, 2, -1 ], "overmap": "acid_caves9_north" }
    ],
    "locations": [ "land" ],
    "city_distance": [ 2, 25 ],
    "city_sizes": [ 4, 16 ],
    "occurrences": [ 1, 1 ]
  },
  {
    "type": "overmap_special",
    "id": "BL9_island",
    "overmaps": [
      { "point": [ 0, 0, 0 ], "overmap": "BL9_Island_Entrance1_north" },
      { "point": [ 0, -1, 0 ], "overmap": "BL9_Island_Entrance2_north" },
      { "point": [ 0, -2, 0 ], "overmap": "BL9_Island_Entrance3_north" },
      { "point": [ 0, -2, -1 ], "overmap": "water_caves1_north" },
      { "point": [ 0, -1, -1 ], "overmap": "water_caves2_island_north" },
      { "point": [ 0, 0, -1 ], "overmap": "water_caves3_island_north" },
      { "point": [ 1, 0, -1 ], "overmap": "water_caves4_north" },
      { "point": [ 1, -1, -1 ], "overmap": "water_caves5_island_north" },
      { "point": [ 1, -2, -1 ], "overmap": "water_caves6_island_north" },
      { "point": [ 2, -2, -1 ], "overmap": "water_caves7_north" },
      { "point": [ 2, -1, -1 ], "overmap": "water_caves8_island_north" },
      { "point": [ 2, 0, -1 ], "overmap": "water_caves9_island_north" },
      { "point": [ 2, 0, 0 ], "overmap": "BL9_Island_Bunker1_north" },
      { "point": [ 2, -1, 0 ], "overmap": "BL9_Island_Bunker2_north" },
      { "point": [ 2, -2, 0 ], "overmap": "BL9_Island_Lab1_north" },
      { "point": [ 3, -2, 0 ], "overmap": "BL9_Island_Lab2_north" },
      { "point": [ 1, -2, 0 ], "overmap": "BL9_Island_Dump1_north" },
      { "point": [ 1, -3, 0 ], "overmap": "BL9_Island_Lockup1_north" },
      { "point": [ 2, -3, 0 ], "overmap": "BL9_Island_MedicalMisc1_north" },
      { "point": [ 3, -3, 0 ], "overmap": "BL9_Island_Lab3_north" },
      { "point": [ 3, -4, 0 ], "overmap": "BL9_Island_Communicationtower_north" },
      { "point": [ 1, -3, -1 ], "overmap": "BL9_Island_Waste1_north" },
      { "point": [ 0, -3, -1 ], "overmap": "BL9_Island_Waste2_north" },
      { "point": [ 0, -3, -2 ], "overmap": "BL9_Island_Basement1_north" },
      { "point": [ 1, -3, -2 ], "overmap": "BL9_Island_Basement2_north" },
      { "point": [ 1, -4, -2 ], "overmap": "BL9_Island_Basement3_north" },
      { "point": [ 1, -5, -2 ], "overmap": "BL9_Island_Basement4_north" },
      { "point": [ 1, -5, -1 ], "overmap": "BL9_Island_Basement5_north" },
      { "point": [ 1, -5, 0 ], "overmap": "BL9_Island_OutsideCamp1_north" },
      { "point": [ 2, -5, 0 ], "overmap": "BL9_Island_OutsideCamp2_north" },
      { "point": [ 3, -5, 0 ], "overmap": "BL9_Island_OutsideCamp3_north" },
      { "point": [ 4, -5, 0 ], "overmap": "BL9_Island_OutsideCamp4_north" },
      { "point": [ 5, -5, 0 ], "overmap": "island_base_storage1_north" },
      { "point": [ 6, -5, 0 ], "overmap": "island_base_storage2_north" },
      { "point": [ 7, -5, 0 ], "overmap": "island_base_storage3_north" },
      { "point": [ 7, -4, 0 ], "overmap": "island_base_factory1_north" },
      { "point": [ 6, -4, 0 ], "overmap": "island_base_factory2_north" },
      { "point": [ 5, -4, 0 ], "overmap": "island_base_factory3_north" },
      { "point": [ 5, -3, 0 ], "overmap": "island_base_core1_north" },
      { "point": [ 6, -3, 0 ], "overmap": "island_base_core2_island_north" },
      { "point": [ 7, -3, 0 ], "overmap": "island_base_core3_north" },
      { "point": [ 7, -2, 0 ], "overmap": "island_base_medresearch1_north" },
      { "point": [ 6, -2, 0 ], "overmap": "island_base_medresearch2_north" },
      { "point": [ 5, -2, 0 ], "overmap": "island_base_medresearch3_north" },
      { "point": [ 5, -1, 0 ], "overmap": "island_base_controlroom1_north" },
      { "point": [ 6, -1, 0 ], "overmap": "island_base_controlroom2_north" },
      { "point": [ 7, -1, 0 ], "overmap": "island_base_controlroom3_north" },
      { "point": [ 7, 0, 0 ], "overmap": "island_base_hangar1_north" },
      { "point": [ 6, 0, 0 ], "overmap": "island_base_hangar2_north" },
      { "point": [ 5, 0, 0 ], "overmap": "island_base_hangar3_north" },
      { "point": [ 6, -3, -1 ], "overmap": "lava_caves1_north" },
      { "point": [ 6, -2, -1 ], "overmap": "lava_caves2_island_north" },
      { "point": [ 6, -1, -1 ], "overmap": "lava_caves3_island_north" },
      { "point": [ 7, -1, -1 ], "overmap": "lava_caves4_north" },
      { "point": [ 7, -2, -1 ], "overmap": "lava_caves5_island_north" },
      { "point": [ 7, -3, -1 ], "overmap": "lava_caves6_island_north" },
      { "point": [ 8, -3, -1 ], "overmap": "lava_caves7_north" },
      { "point": [ 8, -2, -1 ], "overmap": "lava_caves8_island_north" },
      { "point": [ 8, -1, -1 ], "overmap": "lava_caves9_island_north" },
      { "point": [ 9, -1, -1 ], "overmap": "BL9_Island_Ovens_north" },
      { "point": [ 9, -2, -1 ], "overmap": "BL9_Island_Caves1_north" },
      { "point": [ 9, -3, -1 ], "overmap": "BL9_Island_Container1_north" },
      { "point": [ 9, -4, -1 ], "overmap": "BL9_Island_Container2_north" },
      { "point": [ 9, -5, -1 ], "overmap": "BL9_Island_Caves2_north" },
      { "point": [ 10, -5, -1 ], "overmap": "acid_caves1_island_north" },
      { "point": [ 10, -4, -1 ], "overmap": "acid_caves2_island_north" },
      { "point": [ 10, -3, -1 ], "overmap": "acid_caves3_island_north" },
      { "point": [ 11, -3, -1 ], "overmap": "acid_caves4_north" },
      { "point": [ 11, -4, -1 ], "overmap": "acid_caves5_island_north" },
      { "point": [ 11, -5, -1 ], "overmap": "acid_caves6_island_north" },
      { "point": [ 12, -5, -1 ], "overmap": "acid_caves7_north" },
      { "point": [ 12, -4, -1 ], "overmap": "acid_caves8_island_north" },
      { "point": [ 12, -3, -1 ], "overmap": "acid_caves9_island_north" },
      { "point": [ 12, -3, 0 ], "overmap": "BL9_Island_SandCamp1_north" },
      { "point": [ 13, -3, 0 ], "overmap": "BL9_Island_SandCamp2_north" },
      { "point": [ 13, -2, 0 ], "overmap": "BL9_Island_Merc1_north" },
      { "point": [ 14, -2, 0 ], "overmap": "BL9_Island_Merc2_north" },
      { "point": [ 14, -1, 0 ], "overmap": "BL9_Island_Merc3_north" },
      { "point": [ 13, -1, 0 ], "overmap": "BL9_Island_Merc4_north" },
      { "point": [ 12, -1, 0 ], "overmap": "BL9_Island_Road_Fortress1_north" },
      { "point": [ 11, -1, 0 ], "overmap": "BL9_Island_Road_Fortress2_north" },
      { "point": [ 11, -2, 0 ], "overmap": "BL9_Island_Fortress1_north" },
      { "point": [ 12, -2, 0 ], "overmap": "BL9_Island_Fortress2_north" },
      { "point": [ 11, -3, 0 ], "overmap": "BL9_Island_Ruins_north" },
      { "point": [ 10, -3, 0 ], "overmap": "BL9_Island_Fortress3_north" },
      { "point": [ 10, -2, 0 ], "overmap": "BL9_Island_Fortress4_north" },
      { "point": [ 9, -2, 0 ], "overmap": "BL9_Island_Fortress5_north" },
      { "point": [ 9, -3, 0 ], "overmap": "BL9_Island_Fortress6_north" },
      { "point": [ 9, -3, 1 ], "overmap": "BL9_Island_Showtime1_north" },
      { "point": [ 10, -3, 1 ], "overmap": "BL9_Island_Showtime2_north" }
    ],
    "locations": [ "water" ],
    "city_sizes": [ 4, 16 ],
    "occurrences": [ 1, 1 ]
  }
]
