[
  {
    "type": "overmap_terrain",
    "id": "castlelan_castle_entr1_left",
    "name": "Castlelan1 - Entrance",
    "sym": "E",
    "color": "yellow",
    "see_cost": 5,
    "flags": [ "RISK_LOW", "SOURCE_SAFETY" ]
  },
  {
    "type": "overmap_terrain",
    "id": "castlelan_castle_entr2_left",
    "name": "Castlelan2 - Entrance",
    "sym": "E",
    "color": "yellow",
    "see_cost": 5,
    "flags": [ "RISK_LOW", "SOURCE_SAFETY" ]
  },
  {
    "type": "overmap_terrain",
    "id": "castlelan_castle_entr_right",
    "name": "Castlelan3 - Entrance",
    "sym": "E",
    "color": "yellow",
    "see_cost": 5,
    "flags": [ "RISK_LOW", "SOURCE_SAFETY" ]
  },
  {
    "type": "overmap_terrain",
    "id": "castlelan_castle_entr_veryright",
    "name": "Castlelan4 - Entrance",
    "sym": "E",
    "color": "yellow",
    "see_cost": 5,
    "flags": [ "RISK_LOW", "SOURCE_SAFETY" ]
  },
  {
    "type": "overmap_terrain",
    "id": "castlelan_castle_ins_south",
    "name": "Castlelan5 - Inner Rooms",
    "sym": "R",
    "color": "yellow",
    "see_cost": 5,
    "flags": [ "RISK_LOW", "SOURCE_SAFETY" ]
  },
  {
    "type": "overmap_terrain",
    "id": "castlelan_castle_hall_west",
    "name": "Castlelan6 - Central Hall",
    "sym": "H",
    "color": "red",
    "see_cost": 5,
    "flags": [ "RISK_LOW", "SOURCE_SAFETY" ]
  },
  {
    "type": "overmap_terrain",
    "id": "castlelan_castle_clawer_south",
    "name": "Castlelan7 - Clawer Prison",
    "sym": "C",
    "color": "yellow",
    "see_cost": 5,
    "flags": [ "RISK_LOW", "SOURCE_SAFETY" ]
  },
  {
    "type": "overmap_terrain",
    "id": "castlelan_castle_cerem_east1",
    "name": "Castlelan8 - Ceremonial Room",
    "sym": "C",
    "color": "yellow",
    "see_cost": 5,
    "flags": [ "RISK_LOW", "SOURCE_SAFETY" ]
  },
  {
    "type": "overmap_terrain",
    "id": "castlelan_castle_cerem_east2",
    "name": "Castlelan9 - Ceremonial Room",
    "sym": "C",
    "color": "yellow",
    "see_cost": 5,
    "flags": [ "RISK_LOW", "SOURCE_SAFETY" ]
  },
  {
    "type": "overmap_terrain",
    "id": "castlelan_castle_ambush_east1",
    "name": "Castlelan10 - Ambush",
    "sym": "A",
    "color": "yellow",
    "see_cost": 5,
    "flags": [ "RISK_LOW", "SOURCE_SAFETY" ]
  },
  {
    "type": "overmap_terrain",
    "id": "castlelan_castle_ambush_east2",
    "name": "Castlelan11 - Ambush",
    "sym": "A",
    "color": "yellow",
    "see_cost": 5,
    "flags": [ "RISK_LOW", "SOURCE_SAFETY" ]
  },
  {
    "type": "overmap_terrain",
    "id": "castlelan_purple1",
    "name": "Castlelan Purple Room1",
    "sym": "P",
    "color": "magenta",
    "see_cost": 5,
    "flags": [ "RISK_LOW", "SOURCE_SAFETY" ]
  },
  {
    "type": "overmap_terrain",
    "id": "castlelan_purple2",
    "name": "Castlelan Purple Room2",
    "sym": "P",
    "color": "magenta",
    "see_cost": 5,
    "flags": [ "RISK_LOW", "SOURCE_SAFETY" ]
  },
  {
    "type": "overmap_terrain",
    "id": "castlelan_purple3",
    "name": "Castlelan Purple Room3",
    "sym": "P",
    "color": "magenta",
    "see_cost": 5,
    "flags": [ "RISK_LOW", "SOURCE_SAFETY" ]
  },
  {
    "type": "overmap_terrain",
    "id": "castlelan_purple4",
    "name": "Castlelan Purple Room4",
    "sym": "P",
    "color": "magenta",
    "see_cost": 5,
    "flags": [ "RISK_LOW", "SOURCE_SAFETY" ]
  },
  {
    "type": "overmap_terrain",
    "id": "castlelan_castle_prison",
    "name": "Castlelan12 - Underground Prison",
    "sym": "P",
    "color": "red",
    "see_cost": 5,
    "flags": [ "RISK_LOW", "SOURCE_SAFETY" ]
  },
  {
    "type": "overmap_terrain",
    "id": "castlelan_castle_garden_south1",
    "name": "Castlelan13 - Garden",
    "sym": "G",
    "color": "green",
    "see_cost": 5,
    "flags": [ "RISK_LOW", "SOURCE_SAFETY" ]
  },
  {
    "type": "overmap_terrain",
    "id": "castlelan_red1",
    "name": "Castlelan Red Room1",
    "sym": "R",
    "color": "red",
    "see_cost": 5,
    "flags": [ "RISK_LOW", "SOURCE_SAFETY" ]
  },
  {
    "type": "overmap_terrain",
    "id": "castlelan_red2",
    "name": "Castlelan Red Room2",
    "sym": "R",
    "color": "red",
    "see_cost": 5,
    "flags": [ "RISK_LOW", "SOURCE_SAFETY" ]
  },
  {
    "type": "overmap_terrain",
    "id": "castlelan_red3",
    "name": "Castlelan Red Room3",
    "sym": "R",
    "color": "red",
    "see_cost": 5,
    "flags": [ "RISK_LOW", "SOURCE_SAFETY" ]
  },
  {
    "type": "overmap_terrain",
    "id": "castlelan_red4",
    "name": "Castlelan Red Room4",
    "sym": "R",
    "color": "red",
    "see_cost": 5,
    "flags": [ "RISK_LOW", "SOURCE_SAFETY" ]
  },
  {
    "type": "overmap_terrain",
    "id": "castlelan_castle_garden_south2",
    "name": "Castlelan14 - Garden",
    "sym": "G",
    "color": "green",
    "see_cost": 5,
    "flags": [ "RISK_LOW", "SOURCE_SAFETY" ]
  },
  {
    "type": "overmap_terrain",
    "id": "castlelan_castle_clawer_south2",
    "name": "Castlelan15 - Clawer Room",
    "sym": "C",
    "color": "green",
    "see_cost": 5,
    "flags": [ "RISK_LOW", "SOURCE_SAFETY" ]
  },
  {
    "type": "overmap_terrain",
    "id": "castlelan_castle_ambush_east3",
    "name": "Castlelan16 - Ambush",
    "sym": "A",
    "color": "yellow",
    "see_cost": 5,
    "flags": [ "RISK_LOW", "SOURCE_SAFETY" ]
  },
  {
    "type": "overmap_terrain",
    "id": "castlelan_castle_lava",
    "name": "Castlelan17 - Infernal Room",
    "sym": "L",
    "color": "red",
    "see_cost": 5,
    "flags": [ "RISK_LOW", "SOURCE_SAFETY" ]
  },
  {
    "type": "overmap_terrain",
    "id": "castlelan_castle_roadtothrone_west1",
    "name": "Castlelan18 - Road to Throne",
    "sym": "T",
    "color": "yellow",
    "see_cost": 5,
    "flags": [ "RISK_LOW", "SOURCE_SAFETY" ]
  },
  {
    "type": "overmap_terrain",
    "id": "castlelan_castle_roadtothrone_west2",
    "name": "Castlelan19 - Road to Throne",
    "sym": "T",
    "color": "yellow",
    "see_cost": 5,
    "flags": [ "RISK_LOW", "SOURCE_SAFETY" ]
  },
  {
    "type": "overmap_terrain",
    "id": "castlelan_green1",
    "name": "Castlelan Green Room1",
    "sym": "G",
    "color": "green",
    "see_cost": 5,
    "flags": [ "RISK_LOW", "SOURCE_SAFETY" ]
  },
  {
    "type": "overmap_terrain",
    "id": "castlelan_green2",
    "name": "Castlelan Green Room2",
    "sym": "G",
    "color": "green",
    "see_cost": 5,
    "flags": [ "RISK_LOW", "SOURCE_SAFETY" ]
  },
  {
    "type": "overmap_terrain",
    "id": "castlelan_green3",
    "name": "Castlelan Green Room3",
    "sym": "G",
    "color": "green",
    "see_cost": 5,
    "flags": [ "RISK_LOW", "SOURCE_SAFETY" ]
  },
  {
    "type": "overmap_terrain",
    "id": "castlelan_green4",
    "name": "Castlelan Green Room4",
    "sym": "G",
    "color": "green",
    "see_cost": 5,
    "flags": [ "RISK_LOW", "SOURCE_SAFETY" ]
  },
  {
    "type": "overmap_terrain",
    "id": "castlelan_castle_scrawler_south1",
    "name": "Castlelan20 - Shadow Crawler Tower",
    "sym": "S",
    "color": "pink",
    "see_cost": 5,
    "flags": [ "RISK_LOW", "SOURCE_SAFETY" ]
  },
  {
    "type": "overmap_terrain",
    "id": "castlelan_castle_scrawler_east1",
    "name": "Castlelan21 - Shadow Crawler Tower",
    "sym": "S",
    "color": "pink",
    "see_cost": 5,
    "flags": [ "RISK_LOW", "SOURCE_SAFETY" ]
  },
  {
    "type": "overmap_terrain",
    "id": "castlelan_castle_roadtothrone_bridge1",
    "name": "Castlelan22 - Bridge",
    "sym": "B",
    "color": "yellow",
    "see_cost": 5,
    "flags": [ "RISK_LOW", "SOURCE_SAFETY" ]
  },
  {
    "type": "overmap_terrain",
    "id": "castlelan_castle_roadtothrone_bridge2",
    "name": "Castlelan23 - Bridge",
    "sym": "B",
    "color": "yellow",
    "see_cost": 5,
    "flags": [ "RISK_LOW", "SOURCE_SAFETY" ]
  },
  {
    "type": "overmap_terrain",
    "id": "castlelan_blue1",
    "name": "Castlelan Blue Room1",
    "sym": "B",
    "color": "blue",
    "see_cost": 5,
    "flags": [ "RISK_LOW", "SOURCE_SAFETY" ]
  },
  {
    "type": "overmap_terrain",
    "id": "castlelan_blue2",
    "name": "Castlelan Blue Room2",
    "sym": "B",
    "color": "blue",
    "see_cost": 5,
    "flags": [ "RISK_LOW", "SOURCE_SAFETY" ]
  },
  {
    "type": "overmap_terrain",
    "id": "castlelan_blue3",
    "name": "Castlelan Blue Room3",
    "sym": "B",
    "color": "blue",
    "see_cost": 5,
    "flags": [ "RISK_LOW", "SOURCE_SAFETY" ]
  },
  {
    "type": "overmap_terrain",
    "id": "castlelan_blue4",
    "name": "Castlelan Blue Room4",
    "sym": "B",
    "color": "blue",
    "see_cost": 5,
    "flags": [ "RISK_LOW", "SOURCE_SAFETY" ]
  },
  {
    "type": "overmap_terrain",
    "id": "castlelan_castle_throneroom_west",
    "name": "Castlelan24 - Throneroom",
    "sym": "T",
    "color": "red",
    "see_cost": 5,
    "flags": [ "RISK_LOW", "SOURCE_SAFETY" ]
  },
  {
    "type": "overmap_terrain",
    "id": "castlelan_castle_falling",
    "name": "Castlelan25 - Falling",
    "sym": "F",
    "color": "yellow",
    "see_cost": 5,
    "flags": [ "RISK_LOW", "SOURCE_SAFETY" ]
  },
  {
    "type": "overmap_terrain",
    "id": "hive_caves_surface",
    "name": "Hive Caves - Surface Entrance",
    "sym": "E",
    "color": "magenta",
    "see_cost": 5,
    "flags": [ "RISK_LOW", "SOURCE_SAFETY" ]
  },
  {
    "type": "overmap_terrain",
    "id": "hive_caves1",
    "name": "Hive Caves1",
    "sym": "H",
    "color": "magenta",
    "see_cost": 5,
    "flags": [ "RISK_LOW", "SOURCE_SAFETY" ]
  },
  {
    "type": "overmap_terrain",
    "id": "hive_caves2",
    "name": "Hive Caves2",
    "sym": "H",
    "color": "magenta",
    "see_cost": 5,
    "flags": [ "RISK_LOW", "SOURCE_SAFETY" ]
  },
  {
    "type": "overmap_terrain",
    "id": "hive_caves3",
    "name": "Hive Caves3",
    "sym": "H",
    "color": "magenta",
    "see_cost": 5,
    "flags": [ "RISK_LOW", "SOURCE_SAFETY" ]
  },
  {
    "type": "overmap_terrain",
    "id": "hive_caves2_castle",
    "name": "Hive Caves2 - Castle",
    "sym": "H",
    "color": "magenta",
    "see_cost": 5,
    "flags": [ "RISK_LOW", "SOURCE_SAFETY" ]
  },
  {
    "type": "overmap_terrain",
    "id": "hive_caves3_castle",
    "name": "Hive Caves3 - Castle",
    "sym": "H",
    "color": "magenta",
    "see_cost": 5,
    "flags": [ "RISK_LOW", "SOURCE_SAFETY" ]
  },
  {
    "type": "overmap_terrain",
    "id": "hive_caves4",
    "name": "Hive Caves4",
    "sym": "H",
    "color": "magenta",
    "see_cost": 5,
    "flags": [ "RISK_LOW", "SOURCE_SAFETY" ]
  },
  {
    "type": "overmap_terrain",
    "id": "hive_caves5",
    "name": "Hive Caves5",
    "sym": "H",
    "color": "magenta",
    "see_cost": 5,
    "flags": [ "RISK_LOW", "SOURCE_SAFETY" ]
  },
  {
    "type": "overmap_terrain",
    "id": "hive_caves6",
    "name": "Hive Caves6",
    "sym": "H",
    "color": "magenta",
    "see_cost": 5,
    "flags": [ "RISK_LOW", "SOURCE_SAFETY" ]
  },
  {
    "type": "overmap_terrain",
    "id": "hive_caves5_castle",
    "name": "Hive Caves5 - Castle",
    "sym": "H",
    "color": "magenta",
    "see_cost": 5,
    "flags": [ "RISK_LOW", "SOURCE_SAFETY" ]
  },
  {
    "type": "overmap_terrain",
    "id": "hive_caves6_castle",
    "name": "Hive Caves6 - Castle",
    "sym": "H",
    "color": "magenta",
    "see_cost": 5,
    "flags": [ "RISK_LOW", "SOURCE_SAFETY" ]
  },
  {
    "type": "overmap_terrain",
    "id": "hive_caves7",
    "name": "Hive Caves7",
    "sym": "H",
    "color": "magenta",
    "see_cost": 5,
    "flags": [ "RISK_LOW", "SOURCE_SAFETY" ]
  },
  {
    "type": "overmap_terrain",
    "id": "hive_caves8",
    "name": "Hive Caves8",
    "sym": "H",
    "color": "magenta",
    "see_cost": 5,
    "flags": [ "RISK_LOW", "SOURCE_SAFETY" ]
  },
  {
    "type": "overmap_terrain",
    "id": "hive_caves8_castle",
    "name": "Hive Caves8 - Castle",
    "sym": "H",
    "color": "magenta",
    "see_cost": 5,
    "flags": [ "RISK_LOW", "SOURCE_SAFETY" ]
  },
  {
    "type": "overmap_terrain",
    "id": "hive_caves9",
    "name": "Hive Caves9",
    "sym": "H",
    "color": "magenta",
    "see_cost": 5,
    "flags": [ "RISK_LOW", "SOURCE_SAFETY" ]
  },
  {
    "type": "overmap_terrain",
    "id": "hive_caves9_castle",
    "name": "Hive Caves9 - Castle",
    "sym": "H",
    "color": "magenta",
    "see_cost": 5,
    "flags": [ "RISK_LOW", "SOURCE_SAFETY" ]
  },
  {
    "type": "overmap_terrain",
    "id": "castlelan_castle_assassin",
    "name": "Castlelan26 - Underground Sewers",
    "sym": "S",
    "color": "red",
    "see_cost": 5,
    "flags": [ "RISK_LOW", "SOURCE_SAFETY" ]
  },
  {
    "type": "overmap_terrain",
    "id": "castlelan_castle_mines1",
    "name": "Castlelan27 - Mines",
    "sym": "M",
    "color": "yellow",
    "see_cost": 5,
    "flags": [ "RISK_LOW", "SOURCE_SAFETY" ]
  },
  {
    "type": "overmap_terrain",
    "id": "castlelan_castle_mines2",
    "name": "Castlelan28 - Mines",
    "sym": "M",
    "color": "yellow",
    "see_cost": 5,
    "flags": [ "RISK_LOW", "SOURCE_SAFETY" ]
  },
  {
    "type": "overmap_terrain",
    "id": "castlelan_castle_furnace",
    "name": "Castlelan29 - Furnace",
    "sym": "F",
    "color": "red",
    "see_cost": 5,
    "flags": [ "RISK_LOW", "SOURCE_SAFETY" ]
  },
  {
    "type": "overmap_terrain",
    "id": "castlelan_castle_scrawler_south2",
    "name": "Castlelan30 - Shadow Crawler Den",
    "sym": "S",
    "color": "pink",
    "see_cost": 5,
    "flags": [ "RISK_LOW", "SOURCE_SAFETY" ]
  },
  {
    "type": "overmap_terrain",
    "id": "castlelan_castle_scrawler_east2",
    "name": "Castlelan31 - Shadow Crawler Den",
    "sym": "S",
    "color": "pink",
    "see_cost": 5,
    "flags": [ "RISK_LOW", "SOURCE_SAFETY" ]
  },
  {
    "type": "overmap_terrain",
    "id": "castlelan_castle_scrawler_south3",
    "name": "Castlelan32 - Shadow Crawler Den",
    "sym": "S",
    "color": "pink",
    "see_cost": 5,
    "flags": [ "RISK_LOW", "SOURCE_SAFETY" ]
  },
  {
    "type": "overmap_terrain",
    "id": "castlelan_castle_scrawler_west1",
    "name": "Castlelan33 - Shadow Crawler Den",
    "sym": "S",
    "color": "pink",
    "see_cost": 5,
    "flags": [ "RISK_LOW", "SOURCE_SAFETY" ]
  },
  {
    "type": "overmap_terrain",
    "id": "castlelan_castle_ruins",
    "name": "Castlelan34 - Underground Ruins",
    "sym": "R",
    "color": "yellow",
    "see_cost": 5,
    "flags": [ "RISK_LOW", "SOURCE_SAFETY" ]
  },
  {
    "type": "overmap_terrain",
    "id": "castlelan_castle_rail1",
    "name": "Castlelan35 - Underground Railway",
    "sym": "R",
    "color": "yellow",
    "see_cost": 5,
    "flags": [ "RISK_LOW", "SOURCE_SAFETY" ]
  },
  {
    "type": "overmap_terrain",
    "id": "castlelan_castle_rail2",
    "name": "Castlelan36 - Underground Railway",
    "sym": "R",
    "color": "yellow",
    "see_cost": 5,
    "flags": [ "RISK_LOW", "SOURCE_SAFETY" ]
  },
  {
    "type": "overmap_terrain",
    "id": "castlelan_castle_outside1",
    "name": "Castlelan37 - Outside",
    "sym": "O",
    "color": "yellow",
    "see_cost": 5,
    "flags": [ "RISK_LOW", "SOURCE_SAFETY" ]
  },
  {
    "type": "overmap_terrain",
    "id": "sandruins_caves_surface",
    "name": "Sand Ruins Caves - Surface Entrance",
    "sym": "E",
    "color": "brown",
    "see_cost": 5,
    "flags": [ "RISK_LOW", "SOURCE_SAFETY" ]
  },
  {
    "type": "overmap_terrain",
    "id": "sandruins_caves1",
    "name": "Sand Ruins Caves1",
    "sym": "S",
    "color": "brown",
    "see_cost": 5,
    "flags": [ "RISK_LOW", "SOURCE_SAFETY" ]
  },
  {
    "type": "overmap_terrain",
    "id": "sandruins_caves1_castle",
    "name": "Sand Ruins Caves1 - Castle",
    "sym": "S",
    "color": "brown",
    "see_cost": 5,
    "flags": [ "RISK_LOW", "SOURCE_SAFETY" ]
  },
  {
    "type": "overmap_terrain",
    "id": "sandruins_caves2",
    "name": "Sand Ruins Caves2",
    "sym": "S",
    "color": "brown",
    "see_cost": 5,
    "flags": [ "RISK_LOW", "SOURCE_SAFETY" ]
  },
  {
    "type": "overmap_terrain",
    "id": "sandruins_caves3",
    "name": "Sand Ruins Caves3",
    "sym": "S",
    "color": "brown",
    "see_cost": 5,
    "flags": [ "RISK_LOW", "SOURCE_SAFETY" ]
  },
  {
    "type": "overmap_terrain",
    "id": "sandruins_caves2_castle",
    "name": "Sand Ruins Caves2 - Castle",
    "sym": "S",
    "color": "brown",
    "see_cost": 5,
    "flags": [ "RISK_LOW", "SOURCE_SAFETY" ]
  },
  {
    "type": "overmap_terrain",
    "id": "sandruins_caves3_castle",
    "name": "Sand Ruins Caves3 - Castle",
    "sym": "S",
    "color": "brown",
    "see_cost": 5,
    "flags": [ "RISK_LOW", "SOURCE_SAFETY" ]
  },
  {
    "type": "overmap_terrain",
    "id": "sandruins_caves4",
    "name": "Sand Ruins Caves4",
    "sym": "S",
    "color": "brown",
    "see_cost": 5,
    "flags": [ "RISK_LOW", "SOURCE_SAFETY" ]
  },
  {
    "type": "overmap_terrain",
    "id": "sandruins_caves5",
    "name": "Sand Ruins Caves5",
    "sym": "S",
    "color": "brown",
    "see_cost": 5,
    "flags": [ "RISK_LOW", "SOURCE_SAFETY" ]
  },
  {
    "type": "overmap_terrain",
    "id": "sandruins_caves6",
    "name": "Sand Ruins Caves6",
    "sym": "S",
    "color": "brown",
    "see_cost": 5,
    "flags": [ "RISK_LOW", "SOURCE_SAFETY" ]
  },
  {
    "type": "overmap_terrain",
    "id": "sandruins_caves5_castle",
    "name": "Sand Ruins Caves5 - Castle",
    "sym": "S",
    "color": "brown",
    "see_cost": 5,
    "flags": [ "RISK_LOW", "SOURCE_SAFETY" ]
  },
  {
    "type": "overmap_terrain",
    "id": "sandruins_caves6_castle",
    "name": "Sand Ruins Caves6 - Castle",
    "sym": "S",
    "color": "brown",
    "see_cost": 5,
    "flags": [ "RISK_LOW", "SOURCE_SAFETY" ]
  },
  {
    "type": "overmap_terrain",
    "id": "sandruins_caves7",
    "name": "Sand Ruins Caves7",
    "sym": "S",
    "color": "brown",
    "see_cost": 5,
    "flags": [ "RISK_LOW", "SOURCE_SAFETY" ]
  },
  {
    "type": "overmap_terrain",
    "id": "sandruins_caves8",
    "name": "Sand Ruins Caves8",
    "sym": "S",
    "color": "brown",
    "see_cost": 5,
    "flags": [ "RISK_LOW", "SOURCE_SAFETY" ]
  },
  {
    "type": "overmap_terrain",
    "id": "sandruins_caves8_castle",
    "name": "Sand Ruins Caves8 - Castle",
    "sym": "S",
    "color": "brown",
    "see_cost": 5,
    "flags": [ "RISK_LOW", "SOURCE_SAFETY" ]
  },
  {
    "type": "overmap_terrain",
    "id": "sandruins_caves9",
    "name": "Sand Ruins Caves9",
    "sym": "S",
    "color": "brown",
    "see_cost": 5,
    "flags": [ "RISK_LOW", "SOURCE_SAFETY" ]
  },
  {
    "type": "overmap_terrain",
    "id": "sandruins_caves9_castle",
    "name": "Sand Ruins Caves9 - Castle",
    "sym": "S",
    "color": "brown",
    "see_cost": 5,
    "flags": [ "RISK_LOW", "SOURCE_SAFETY" ]
  },
  {
    "type": "overmap_terrain",
    "id": "castlelan_castle_robocastlelan1_south",
    "name": "Castlelan38 - Road to Bridge",
    "sym": "R",
    "color": "yellow",
    "see_cost": 5,
    "flags": [ "RISK_LOW", "SOURCE_SAFETY" ]
  },
  {
    "type": "overmap_terrain",
    "id": "castlelan_castle_robocastlelan2_south",
    "name": "Castlelan39 - Bridge",
    "sym": "B",
    "color": "yellow",
    "see_cost": 5,
    "flags": [ "RISK_LOW", "SOURCE_SAFETY" ]
  },
  {
    "type": "overmap_terrain",
    "id": "castlelan_castle_roadtocastlelan",
    "name": "Castlelan40 - Rising Up",
    "sym": "R",
    "color": "yellow",
    "see_cost": 5,
    "flags": [ "RISK_LOW", "SOURCE_SAFETY" ]
  },
  {
    "type": "overmap_terrain",
    "id": "castlelan_castle_castlelan",
    "name": "Castlelan41 - Castlelan Encounter",
    "sym": "C",
    "color": "red",
    "see_cost": 5,
    "flags": [ "RISK_LOW", "SOURCE_SAFETY" ]
  },
  {
    "type": "overmap_terrain",
    "id": "island_base_storage1",
    "name": "BL9 Base1 - Entrance",
    "sym": "E",
    "color": "yellow",
    "see_cost": 5,
    "flags": [ "RISK_LOW", "SOURCE_SAFETY" ]
  },
  {
    "type": "overmap_terrain",
    "id": "island_base_storage2",
    "name": "BL9 Base2 - Storage Rooms",
    "sym": "S",
    "color": "yellow",
    "see_cost": 5,
    "flags": [ "RISK_LOW", "SOURCE_SAFETY" ]
  },
  {
    "type": "overmap_terrain",
    "id": "island_base_storage3",
    "name": "BL9 Base3 - Storage Rooms",
    "sym": "S",
    "color": "yellow",
    "see_cost": 5,
    "flags": [ "RISK_LOW", "SOURCE_SAFETY" ]
  },
  {
    "type": "overmap_terrain",
    "id": "island_base_factory1",
    "name": "BL9 Base4 - Factory",
    "sym": "F",
    "color": "yellow",
    "see_cost": 5,
    "flags": [ "RISK_LOW", "SOURCE_SAFETY" ]
  },
  {
    "type": "overmap_terrain",
    "id": "island_base_factory2",
    "name": "BL9 Base5 - Factory",
    "sym": "F",
    "color": "yellow",
    "see_cost": 5,
    "flags": [ "RISK_LOW", "SOURCE_SAFETY" ]
  },
  {
    "type": "overmap_terrain",
    "id": "island_base_factory3",
    "name": "BL9 Base6 - Factory",
    "sym": "F",
    "color": "yellow",
    "see_cost": 5,
    "flags": [ "RISK_LOW", "SOURCE_SAFETY" ]
  },
  {
    "type": "overmap_terrain",
    "id": "island_base_core1",
    "name": "BL9 Base7 - Core",
    "sym": "C",
    "color": "red",
    "see_cost": 5,
    "flags": [ "RISK_LOW", "SOURCE_SAFETY" ]
  },
  {
    "type": "overmap_terrain",
    "id": "island_base_core2",
    "name": "BL9 Base8 - Core",
    "sym": "C",
    "color": "red",
    "see_cost": 5,
    "flags": [ "RISK_LOW", "SOURCE_SAFETY" ]
  },
  {
    "type": "overmap_terrain",
    "id": "island_base_core2_island",
    "name": "BL9 Base8 Core - Island",
    "sym": "I",
    "color": "red",
    "see_cost": 5,
    "flags": [ "RISK_LOW", "SOURCE_SAFETY" ]
  },
  {
    "type": "overmap_terrain",
    "id": "island_base_core3",
    "name": "BL9 Base9 - Core",
    "sym": "C",
    "color": "red",
    "see_cost": 5,
    "flags": [ "RISK_LOW", "SOURCE_SAFETY" ]
  },
  {
    "type": "overmap_terrain",
    "id": "island_base_medresearch1",
    "name": "BL9 Base10 - Medical Research Facility",
    "sym": "M",
    "color": "green",
    "see_cost": 5,
    "flags": [ "RISK_LOW", "SOURCE_SAFETY" ]
  },
  {
    "type": "overmap_terrain",
    "id": "island_base_medresearch2",
    "name": "BL9 Base11 - Medical Research Facility",
    "sym": "M",
    "color": "green",
    "see_cost": 5,
    "flags": [ "RISK_LOW", "SOURCE_SAFETY" ]
  },
  {
    "type": "overmap_terrain",
    "id": "island_base_medresearch3",
    "name": "BL9 Base12 - Medical Research Facility",
    "sym": "M",
    "color": "green",
    "see_cost": 5,
    "flags": [ "RISK_LOW", "SOURCE_SAFETY" ]
  },
  {
    "type": "overmap_terrain",
    "id": "island_base_controlroom1",
    "name": "BL9 Base13 - Control Room",
    "sym": "C",
    "color": "yellow",
    "see_cost": 5,
    "flags": [ "RISK_LOW", "SOURCE_SAFETY" ]
  },
  {
    "type": "overmap_terrain",
    "id": "island_base_controlroom2",
    "name": "BL9 Base14 - Control Room",
    "sym": "C",
    "color": "yellow",
    "see_cost": 5,
    "flags": [ "RISK_LOW", "SOURCE_SAFETY" ]
  },
  {
    "type": "overmap_terrain",
    "id": "island_base_controlroom3",
    "name": "BL9 Base15 - Control Room",
    "sym": "C",
    "color": "yellow",
    "see_cost": 5,
    "flags": [ "RISK_LOW", "SOURCE_SAFETY" ]
  },
  {
    "type": "overmap_terrain",
    "id": "island_base_hangar1",
    "name": "BL9 Base16 - Hangar",
    "sym": "H",
    "color": "yellow",
    "see_cost": 5,
    "flags": [ "RISK_LOW", "SOURCE_SAFETY" ]
  },
  {
    "type": "overmap_terrain",
    "id": "island_base_hangar2",
    "name": "BL9 Base17 - Hangar",
    "sym": "H",
    "color": "yellow",
    "see_cost": 5,
    "flags": [ "RISK_LOW", "SOURCE_SAFETY" ]
  },
  {
    "type": "overmap_terrain",
    "id": "island_base_hangar3",
    "name": "BL9 Base18 - Hangar",
    "sym": "H",
    "color": "yellow",
    "see_cost": 5,
    "flags": [ "RISK_LOW", "SOURCE_SAFETY" ]
  },
  {
    "type": "overmap_terrain",
    "id": "BL9_Island_Entrance1",
    "name": "BL9 Island1 - Entrance",
    "sym": "E",
    "color": "blue",
    "see_cost": 5,
    "flags": [ "RISK_LOW", "SOURCE_SAFETY" ]
  },
  {
    "type": "overmap_terrain",
    "id": "BL9_Island_Entrance2",
    "name": "BL9 Island2 - Entrance",
    "sym": "E",
    "color": "blue",
    "see_cost": 5,
    "flags": [ "RISK_LOW", "SOURCE_SAFETY" ]
  },
  {
    "type": "overmap_terrain",
    "id": "BL9_Island_Entrance3",
    "name": "BL9 Island3 - Entrance",
    "sym": "E",
    "color": "blue",
    "see_cost": 5,
    "flags": [ "RISK_LOW", "SOURCE_SAFETY" ]
  },
  {
    "type": "overmap_terrain",
    "id": "water_caves_surface",
    "name": "Water Caves - Surface Entrance",
    "sym": "E",
    "color": "blue",
    "see_cost": 5,
    "flags": [ "RISK_LOW", "SOURCE_SAFETY" ]
  },
  {
    "type": "overmap_terrain",
    "id": "water_caves1",
    "name": "Water Caves1",
    "sym": "W",
    "color": "blue",
    "see_cost": 5,
    "flags": [ "RISK_LOW", "SOURCE_SAFETY" ]
  },
  {
    "type": "overmap_terrain",
    "id": "water_caves2",
    "name": "Water Caves2",
    "sym": "W",
    "color": "blue",
    "see_cost": 5,
    "flags": [ "RISK_LOW", "SOURCE_SAFETY" ]
  },
  {
    "type": "overmap_terrain",
    "id": "water_caves3",
    "name": "Water Caves3",
    "sym": "W",
    "color": "blue",
    "see_cost": 5,
    "flags": [ "RISK_LOW", "SOURCE_SAFETY" ]
  },
  {
    "type": "overmap_terrain",
    "id": "water_caves2_island",
    "name": "Water Caves2 - Island",
    "sym": "W",
    "color": "blue",
    "see_cost": 5,
    "flags": [ "RISK_LOW", "SOURCE_SAFETY" ]
  },
  {
    "type": "overmap_terrain",
    "id": "water_caves3_island",
    "name": "Water Caves3 - Island",
    "sym": "W",
    "color": "blue",
    "see_cost": 5,
    "flags": [ "RISK_LOW", "SOURCE_SAFETY" ]
  },
  {
    "type": "overmap_terrain",
    "id": "water_caves4",
    "name": "Water Caves4",
    "sym": "W",
    "color": "blue",
    "see_cost": 5,
    "flags": [ "RISK_LOW", "SOURCE_SAFETY" ]
  },
  {
    "type": "overmap_terrain",
    "id": "water_caves5",
    "name": "Water Caves5",
    "sym": "W",
    "color": "blue",
    "see_cost": 5,
    "flags": [ "RISK_LOW", "SOURCE_SAFETY" ]
  },
  {
    "type": "overmap_terrain",
    "id": "water_caves6",
    "name": "Water Caves6",
    "sym": "W",
    "color": "blue",
    "see_cost": 5,
    "flags": [ "RISK_LOW", "SOURCE_SAFETY" ]
  },
  {
    "type": "overmap_terrain",
    "id": "water_caves5_island",
    "name": "Water Caves5 - Island",
    "sym": "W",
    "color": "blue",
    "see_cost": 5,
    "flags": [ "RISK_LOW", "SOURCE_SAFETY" ]
  },
  {
    "type": "overmap_terrain",
    "id": "water_caves6_island",
    "name": "Water Caves6 - Island",
    "sym": "W",
    "color": "blue",
    "see_cost": 5,
    "flags": [ "RISK_LOW", "SOURCE_SAFETY" ]
  },
  {
    "type": "overmap_terrain",
    "id": "water_caves7",
    "name": "Water Caves7",
    "sym": "W",
    "color": "blue",
    "see_cost": 5,
    "flags": [ "RISK_LOW", "SOURCE_SAFETY" ]
  },
  {
    "type": "overmap_terrain",
    "id": "water_caves8",
    "name": "Water Caves8",
    "sym": "W",
    "color": "blue",
    "see_cost": 5,
    "flags": [ "RISK_LOW", "SOURCE_SAFETY" ]
  },
  {
    "type": "overmap_terrain",
    "id": "water_caves9",
    "name": "Water Caves9",
    "sym": "W",
    "color": "blue",
    "see_cost": 5,
    "flags": [ "RISK_LOW", "SOURCE_SAFETY" ]
  },
  {
    "type": "overmap_terrain",
    "id": "water_caves8_island",
    "name": "Water Caves8 - Island",
    "sym": "W",
    "color": "blue",
    "see_cost": 5,
    "flags": [ "RISK_LOW", "SOURCE_SAFETY" ]
  },
  {
    "type": "overmap_terrain",
    "id": "water_caves9_island",
    "name": "Water Caves9 - Island",
    "sym": "W",
    "color": "blue",
    "see_cost": 5,
    "flags": [ "RISK_LOW", "SOURCE_SAFETY" ]
  },
  {
    "type": "overmap_terrain",
    "id": "BL9_Island_Bunker1",
    "name": "BL9 Island4 - Bunker",
    "sym": "B",
    "color": "blue",
    "see_cost": 5,
    "flags": [ "RISK_LOW", "SOURCE_SAFETY" ]
  },
  {
    "type": "overmap_terrain",
    "id": "BL9_Island_Bunker2",
    "name": "BL9 Island5 - Bunker",
    "sym": "B",
    "color": "blue",
    "see_cost": 5,
    "flags": [ "RISK_LOW", "SOURCE_SAFETY" ]
  },
  {
    "type": "overmap_terrain",
    "id": "BL9_Island_Lab1",
    "name": "BL9 Island6 - Lab",
    "sym": "L",
    "color": "blue",
    "see_cost": 5,
    "flags": [ "RISK_LOW", "SOURCE_SAFETY" ]
  },
  {
    "type": "overmap_terrain",
    "id": "BL9_Island_Lab2",
    "name": "BL9 Island7 - Lab",
    "sym": "L",
    "color": "blue",
    "see_cost": 5,
    "flags": [ "RISK_LOW", "SOURCE_SAFETY" ]
  },
  {
    "type": "overmap_terrain",
    "id": "BL9_Island_Dump1",
    "name": "BL9 Island8 - Dumpster",
    "sym": "D",
    "color": "brown",
    "see_cost": 5,
    "flags": [ "RISK_LOW", "SOURCE_SAFETY" ]
  },
  {
    "type": "overmap_terrain",
    "id": "BL9_Island_Lockup1",
    "name": "BL9 Island9 - Lock",
    "sym": "L",
    "color": "yellow",
    "see_cost": 5,
    "flags": [ "RISK_LOW", "SOURCE_SAFETY" ]
  },
  {
    "type": "overmap_terrain",
    "id": "BL9_Island_MedicalMisc1",
    "name": "BL9 Island10 - Medical Facility",
    "sym": "M",
    "color": "green",
    "see_cost": 5,
    "flags": [ "RISK_LOW", "SOURCE_SAFETY" ]
  },
  {
    "type": "overmap_terrain",
    "id": "BL9_Island_Lab3",
    "name": "BL9 Island11 - Lab",
    "sym": "L",
    "color": "blue",
    "see_cost": 5,
    "flags": [ "RISK_LOW", "SOURCE_SAFETY" ]
  },
  {
    "type": "overmap_terrain",
    "id": "BL9_Island_Communicationtower",
    "name": "BL9 Island12 - Communication Tower",
    "sym": "C",
    "color": "yellow",
    "see_cost": 5,
    "flags": [ "RISK_LOW", "SOURCE_SAFETY" ]
  },
  {
    "type": "overmap_terrain",
    "id": "BL9_Island_Waste1",
    "name": "BL9 Island13 - Waste Disposal",
    "sym": "W",
    "color": "brown",
    "see_cost": 5,
    "flags": [ "RISK_LOW", "SOURCE_SAFETY" ]
  },
  {
    "type": "overmap_terrain",
    "id": "BL9_Island_Waste2",
    "name": "BL9 Island14 - Waste Disposal",
    "sym": "W",
    "color": "brown",
    "see_cost": 5,
    "flags": [ "RISK_LOW", "SOURCE_SAFETY" ]
  },
  {
    "type": "overmap_terrain",
    "id": "BL9_Island_Basement1",
    "name": "BL9 Island15 - Basement",
    "sym": "B",
    "color": "blue",
    "see_cost": 5,
    "flags": [ "RISK_LOW", "SOURCE_SAFETY" ]
  },
  {
    "type": "overmap_terrain",
    "id": "BL9_Island_Basement2",
    "name": "BL9 Island16 - Basement",
    "sym": "B",
    "color": "blue",
    "see_cost": 5,
    "flags": [ "RISK_LOW", "SOURCE_SAFETY" ]
  },
  {
    "type": "overmap_terrain",
    "id": "BL9_Island_Basement3",
    "name": "BL9 Island17 - Basement",
    "sym": "B",
    "color": "blue",
    "see_cost": 5,
    "flags": [ "RISK_LOW", "SOURCE_SAFETY" ]
  },
  {
    "type": "overmap_terrain",
    "id": "BL9_Island_Basement4",
    "name": "BL9 Island18 - Basement",
    "sym": "B",
    "color": "blue",
    "see_cost": 5,
    "flags": [ "RISK_LOW", "SOURCE_SAFETY" ]
  },
  {
    "type": "overmap_terrain",
    "id": "BL9_Island_Basement5",
    "name": "BL9 Island19 - Basement",
    "sym": "B",
    "color": "blue",
    "see_cost": 5,
    "flags": [ "RISK_LOW", "SOURCE_SAFETY" ]
  },
  {
    "type": "overmap_terrain",
    "id": "BL9_Island_OutsideCamp1",
    "name": "BL9 Island20 - Camp",
    "sym": "C",
    "color": "blue",
    "see_cost": 5,
    "flags": [ "RISK_LOW", "SOURCE_SAFETY" ]
  },
  {
    "type": "overmap_terrain",
    "id": "BL9_Island_OutsideCamp2",
    "name": "BL9 Island21 - Camp",
    "sym": "C",
    "color": "blue",
    "see_cost": 5,
    "flags": [ "RISK_LOW", "SOURCE_SAFETY" ]
  },
  {
    "type": "overmap_terrain",
    "id": "BL9_Island_OutsideCamp3",
    "name": "BL9 Island22 - Camp",
    "sym": "C",
    "color": "blue",
    "see_cost": 5,
    "flags": [ "RISK_LOW", "SOURCE_SAFETY" ]
  },
  {
    "type": "overmap_terrain",
    "id": "BL9_Island_OutsideCamp4",
    "name": "BL9 Island23 - Camp",
    "sym": "C",
    "color": "blue",
    "see_cost": 5,
    "flags": [ "RISK_LOW", "SOURCE_SAFETY" ]
  },
  {
    "type": "overmap_terrain",
    "id": "lava_caves_surface",
    "name": "Lava Caves - Surface Entrance",
    "sym": "E",
    "color": "red",
    "see_cost": 5,
    "flags": [ "RISK_LOW", "SOURCE_SAFETY" ]
  },
  {
    "type": "overmap_terrain",
    "id": "lava_caves1",
    "name": "Lava Caves1",
    "sym": "L",
    "color": "red",
    "see_cost": 5,
    "flags": [ "RISK_LOW", "SOURCE_SAFETY" ]
  },
  {
    "type": "overmap_terrain",
    "id": "lava_caves2",
    "name": "Lava Caves2",
    "sym": "L",
    "color": "red",
    "see_cost": 5,
    "flags": [ "RISK_LOW", "SOURCE_SAFETY" ]
  },
  {
    "type": "overmap_terrain",
    "id": "lava_caves3",
    "name": "Lava Caves3",
    "sym": "L",
    "color": "red",
    "see_cost": 5,
    "flags": [ "RISK_LOW", "SOURCE_SAFETY" ]
  },
  {
    "type": "overmap_terrain",
    "id": "lava_caves2_island",
    "name": "Lava Caves2 - Island",
    "sym": "L",
    "color": "red",
    "see_cost": 5,
    "flags": [ "RISK_LOW", "SOURCE_SAFETY" ]
  },
  {
    "type": "overmap_terrain",
    "id": "lava_caves3_island",
    "name": "Lava Caves3 - Island",
    "sym": "L",
    "color": "red",
    "see_cost": 5,
    "flags": [ "RISK_LOW", "SOURCE_SAFETY" ]
  },
  {
    "type": "overmap_terrain",
    "id": "lava_caves4",
    "name": "Lava Caves4",
    "sym": "L",
    "color": "red",
    "see_cost": 5,
    "flags": [ "RISK_LOW", "SOURCE_SAFETY" ]
  },
  {
    "type": "overmap_terrain",
    "id": "lava_caves5",
    "name": "Lava Caves5",
    "sym": "L",
    "color": "red",
    "see_cost": 5,
    "flags": [ "RISK_LOW", "SOURCE_SAFETY" ]
  },
  {
    "type": "overmap_terrain",
    "id": "lava_caves6",
    "name": "Lava Caves6",
    "sym": "L",
    "color": "red",
    "see_cost": 5,
    "flags": [ "RISK_LOW", "SOURCE_SAFETY" ]
  },
  {
    "type": "overmap_terrain",
    "id": "lava_caves5_island",
    "name": "Lava Caves5 - Island",
    "sym": "L",
    "color": "red",
    "see_cost": 5,
    "flags": [ "RISK_LOW", "SOURCE_SAFETY" ]
  },
  {
    "type": "overmap_terrain",
    "id": "lava_caves6_island",
    "name": "Lava Caves6 - Island",
    "sym": "L",
    "color": "red",
    "see_cost": 5,
    "flags": [ "RISK_LOW", "SOURCE_SAFETY" ]
  },
  {
    "type": "overmap_terrain",
    "id": "lava_caves7",
    "name": "Lava Caves7",
    "sym": "L",
    "color": "red",
    "see_cost": 5,
    "flags": [ "RISK_LOW", "SOURCE_SAFETY" ]
  },
  {
    "type": "overmap_terrain",
    "id": "lava_caves8",
    "name": "Lava Caves8",
    "sym": "L",
    "color": "red",
    "see_cost": 5,
    "flags": [ "RISK_LOW", "SOURCE_SAFETY" ]
  },
  {
    "type": "overmap_terrain",
    "id": "lava_caves9",
    "name": "Lava Caves9",
    "sym": "L",
    "color": "red",
    "see_cost": 5,
    "flags": [ "RISK_LOW", "SOURCE_SAFETY" ]
  },
  {
    "type": "overmap_terrain",
    "id": "lava_caves8_island",
    "name": "Lava Caves8 - Island",
    "sym": "L",
    "color": "red",
    "see_cost": 5,
    "flags": [ "RISK_LOW", "SOURCE_SAFETY" ]
  },
  {
    "type": "overmap_terrain",
    "id": "lava_caves9_island",
    "name": "Lava Caves9 - Island",
    "sym": "L",
    "color": "red",
    "see_cost": 5,
    "flags": [ "RISK_LOW", "SOURCE_SAFETY" ]
  },
  {
    "type": "overmap_terrain",
    "id": "BL9_Island_Ovens",
    "name": "BL9 Island24 - Ovens",
    "sym": "O",
    "color": "red",
    "see_cost": 5,
    "flags": [ "RISK_LOW", "SOURCE_SAFETY" ]
  },
  {
    "type": "overmap_terrain",
    "id": "BL9_Island_Caves1",
    "name": "BL9 Island25 - Caves",
    "sym": "C",
    "color": "yellow",
    "see_cost": 5,
    "flags": [ "RISK_LOW", "SOURCE_SAFETY" ]
  },
  {
    "type": "overmap_terrain",
    "id": "BL9_Island_Container1",
    "name": "BL9 Island26 - Suspended Container",
    "sym": "C",
    "color": "red",
    "see_cost": 5,
    "flags": [ "RISK_LOW", "SOURCE_SAFETY" ]
  },
  {
    "type": "overmap_terrain",
    "id": "BL9_Island_Container2",
    "name": "BL9 Island27 - Suspended Container",
    "sym": "C",
    "color": "red",
    "see_cost": 5,
    "flags": [ "RISK_LOW", "SOURCE_SAFETY" ]
  },
  {
    "type": "overmap_terrain",
    "id": "BL9_Island_Caves2",
    "name": "BL9 Island28 - Caves",
    "sym": "C",
    "color": "red",
    "see_cost": 5,
    "flags": [ "RISK_LOW", "SOURCE_SAFETY" ]
  },
  {
    "type": "overmap_terrain",
    "id": "acid_caves_surface",
    "name": "Acid Caves - Surface Entrance",
    "sym": "E",
    "color": "green",
    "see_cost": 5,
    "flags": [ "RISK_LOW", "SOURCE_SAFETY" ]
  },
  {
    "type": "overmap_terrain",
    "id": "acid_caves1",
    "name": "Acid Caves1",
    "sym": "A",
    "color": "green",
    "see_cost": 5,
    "flags": [ "RISK_LOW", "SOURCE_SAFETY" ]
  },
  {
    "type": "overmap_terrain",
    "id": "acid_caves2",
    "name": "Acid Caves2",
    "sym": "A",
    "color": "green",
    "see_cost": 5,
    "flags": [ "RISK_LOW", "SOURCE_SAFETY" ]
  },
  {
    "type": "overmap_terrain",
    "id": "acid_caves3",
    "name": "Acid Caves3",
    "sym": "A",
    "color": "green",
    "see_cost": 5,
    "flags": [ "RISK_LOW", "SOURCE_SAFETY" ]
  },
  {
    "type": "overmap_terrain",
    "id": "acid_caves1_island",
    "name": "Acid Caves1 - Island",
    "sym": "A",
    "color": "green",
    "see_cost": 5,
    "flags": [ "RISK_LOW", "SOURCE_SAFETY" ]
  },
  {
    "type": "overmap_terrain",
    "id": "acid_caves2_island",
    "name": "Acid Caves2 - Island",
    "sym": "A",
    "color": "green",
    "see_cost": 5,
    "flags": [ "RISK_LOW", "SOURCE_SAFETY" ]
  },
  {
    "type": "overmap_terrain",
    "id": "acid_caves3_island",
    "name": "Acid Caves3 - Island",
    "sym": "A",
    "color": "green",
    "see_cost": 5,
    "flags": [ "RISK_LOW", "SOURCE_SAFETY" ]
  },
  {
    "type": "overmap_terrain",
    "id": "acid_caves4",
    "name": "Acid Caves4",
    "sym": "A",
    "color": "green",
    "see_cost": 5,
    "flags": [ "RISK_LOW", "SOURCE_SAFETY" ]
  },
  {
    "type": "overmap_terrain",
    "id": "acid_caves5",
    "name": "Acid Caves5",
    "sym": "A",
    "color": "green",
    "see_cost": 5,
    "flags": [ "RISK_LOW", "SOURCE_SAFETY" ]
  },
  {
    "type": "overmap_terrain",
    "id": "acid_caves6",
    "name": "Acid Caves6",
    "sym": "A",
    "color": "green",
    "see_cost": 5,
    "flags": [ "RISK_LOW", "SOURCE_SAFETY" ]
  },
  {
    "type": "overmap_terrain",
    "id": "acid_caves5_island",
    "name": "Acid Caves5 - Island",
    "sym": "A",
    "color": "green",
    "see_cost": 5,
    "flags": [ "RISK_LOW", "SOURCE_SAFETY" ]
  },
  {
    "type": "overmap_terrain",
    "id": "acid_caves6_island",
    "name": "Acid Caves6 - Island",
    "sym": "A",
    "color": "green",
    "see_cost": 5,
    "flags": [ "RISK_LOW", "SOURCE_SAFETY" ]
  },
  {
    "type": "overmap_terrain",
    "id": "acid_caves7",
    "name": "Acid Caves7",
    "sym": "A",
    "color": "green",
    "see_cost": 5,
    "flags": [ "RISK_LOW", "SOURCE_SAFETY" ]
  },
  {
    "type": "overmap_terrain",
    "id": "acid_caves8",
    "name": "Acid Caves8",
    "sym": "A",
    "color": "green",
    "see_cost": 5,
    "flags": [ "RISK_LOW", "SOURCE_SAFETY" ]
  },
  {
    "type": "overmap_terrain",
    "id": "acid_caves9",
    "name": "Acid Caves9",
    "sym": "A",
    "color": "green",
    "see_cost": 5,
    "flags": [ "RISK_LOW", "SOURCE_SAFETY" ]
  },
  {
    "type": "overmap_terrain",
    "id": "acid_caves8_island",
    "name": "Acid Caves8 - Island",
    "sym": "A",
    "color": "green",
    "see_cost": 5,
    "flags": [ "RISK_LOW", "SOURCE_SAFETY" ]
  },
  {
    "type": "overmap_terrain",
    "id": "acid_caves9_island",
    "name": "Acid Caves9 - Island",
    "sym": "A",
    "color": "green",
    "see_cost": 5,
    "flags": [ "RISK_LOW", "SOURCE_SAFETY" ]
  },
  {
    "type": "overmap_terrain",
    "id": "BL9_Island_SandCamp1",
    "name": "BL9 Island29 - Sandcamp",
    "sym": "S",
    "color": "brown",
    "see_cost": 5,
    "flags": [ "RISK_LOW", "SOURCE_SAFETY" ]
  },
  {
    "type": "overmap_terrain",
    "id": "BL9_Island_SandCamp2",
    "name": "BL9 Island30 - Sandcamp",
    "sym": "S",
    "color": "brown",
    "see_cost": 5,
    "flags": [ "RISK_LOW", "SOURCE_SAFETY" ]
  },
  {
    "type": "overmap_terrain",
    "id": "BL9_Island_Merc1",
    "name": "BL9 Island31 - General's Domain",
    "sym": "G",
    "color": "yellow",
    "see_cost": 5,
    "flags": [ "RISK_LOW", "SOURCE_SAFETY" ]
  },
  {
    "type": "overmap_terrain",
    "id": "BL9_Island_Merc2",
    "name": "BL9 Island32 - General's Domain",
    "sym": "G",
    "color": "yellow",
    "see_cost": 5,
    "flags": [ "RISK_LOW", "SOURCE_SAFETY" ]
  },
  {
    "type": "overmap_terrain",
    "id": "BL9_Island_Merc3",
    "name": "BL9 Island33 - General's Domain",
    "sym": "G",
    "color": "yellow",
    "see_cost": 5,
    "flags": [ "RISK_LOW", "SOURCE_SAFETY" ]
  },
  {
    "type": "overmap_terrain",
    "id": "BL9_Island_Merc4",
    "name": "BL9 Island34 - General's Domain",
    "sym": "G",
    "color": "yellow",
    "see_cost": 5,
    "flags": [ "RISK_LOW", "SOURCE_SAFETY" ]
  },
  {
    "type": "overmap_terrain",
    "id": "BL9_Island_Road_Fortress1",
    "name": "BL9 Island35 - Road to Fortress",
    "sym": "R",
    "color": "brown",
    "see_cost": 5,
    "flags": [ "RISK_LOW", "SOURCE_SAFETY" ]
  },
  {
    "type": "overmap_terrain",
    "id": "BL9_Island_Road_Fortress2",
    "name": "BL9 Island36 - Road to Fortress",
    "sym": "R",
    "color": "brown",
    "see_cost": 5,
    "flags": [ "RISK_LOW", "SOURCE_SAFETY" ]
  },
  {
    "type": "overmap_terrain",
    "id": "BL9_Island_Fortress1",
    "name": "BL9 Island37 - Fortress",
    "sym": "F",
    "color": "yellow",
    "see_cost": 5,
    "flags": [ "RISK_LOW", "SOURCE_SAFETY" ]
  },
  {
    "type": "overmap_terrain",
    "id": "BL9_Island_Fortress2",
    "name": "BL9 Island38 - Fortress",
    "sym": "F",
    "color": "yellow",
    "see_cost": 5,
    "flags": [ "RISK_LOW", "SOURCE_SAFETY" ]
  },
  {
    "type": "overmap_terrain",
    "id": "BL9_Island_Ruins",
    "name": "BL9 Island39 - Ruins",
    "sym": "R",
    "color": "brown",
    "see_cost": 5,
    "flags": [ "RISK_LOW", "SOURCE_SAFETY" ]
  },
  {
    "type": "overmap_terrain",
    "id": "BL9_Island_Fortress3",
    "name": "BL9 Island40 - Fortress",
    "sym": "F",
    "color": "yellow",
    "see_cost": 5,
    "flags": [ "RISK_LOW", "SOURCE_SAFETY" ]
  },
  {
    "type": "overmap_terrain",
    "id": "BL9_Island_Fortress4",
    "name": "BL9 Island41 - Fortress",
    "sym": "F",
    "color": "yellow",
    "see_cost": 5,
    "flags": [ "RISK_LOW", "SOURCE_SAFETY" ]
  },
  {
    "type": "overmap_terrain",
    "id": "BL9_Island_Fortress5",
    "name": "BL9 Island42 - Fortress",
    "sym": "F",
    "color": "yellow",
    "see_cost": 5,
    "flags": [ "RISK_LOW", "SOURCE_SAFETY" ]
  },
  {
    "type": "overmap_terrain",
    "id": "BL9_Island_Fortress6",
    "name": "BL9 Island43 - Fortress",
    "sym": "F",
    "color": "yellow",
    "see_cost": 5,
    "flags": [ "RISK_LOW", "SOURCE_SAFETY" ]
  },
  {
    "type": "overmap_terrain",
    "id": "BL9_Island_Showtime1",
    "name": "BL9 Island44 - Showtime",
    "sym": "S",
    "color": "red",
    "see_cost": 5,
    "flags": [ "RISK_LOW", "SOURCE_SAFETY" ]
  },
  {
    "type": "overmap_terrain",
    "id": "BL9_Island_Showtime2",
    "name": "BL9 Island45 - Showtime",
    "sym": "S",
    "color": "blue",
    "see_cost": 5,
    "flags": [ "RISK_LOW", "SOURCE_SAFETY" ]
  }
]
