[
  {
    "type": "monster_attack",
    "attack_type": "melee",
    "id": "chainsaw_swing",
    "cooldown": 12,
    "move_cost": 120,
    "damage_max_instance": [ { "damage_type": "cut", "amount": 13, "armor_penetration": 16 } ],
    "body_parts": [ [ "torso", 1 ] ],
    "effects": [ { "id": "downed", "duration": 2 } ],
    "hit_dmg_u": "The %1$s swings at your torso!",
    "hit_dmg_npc": "The %1$s swings at <npcname>'s torso!",
    "no_dmg_msg_u": "The %1$s tries to swing at your torso, but fails to penetrate your armor!",
    "no_dmg_msg_npc": "The %1$s tries to swing at <npcname>'s torso, but fails to penetrate their armor!",
    "miss_msg_u": "The %s swings at you, but you step aside!",
    "miss_msg_npc": "The %s swings at <npcname>, but they dodge!"
  },
  {
    "type": "monster_attack",
    "attack_type": "melee",
    "id": "chainsaw_thrust",
    "cooldown": 9,
    "move_cost": 210,
    "accuracy": 5,
    "damage_max_instance": [ { "damage_type": "cut", "amount": 10, "armor_penetration": 13 } ],
    "hit_dmg_u": "The %1$s thrusts with it's chainsaw at you!",
    "hit_dmg_npc": "The %1$s thrusts with it's chainsaw at <npcname>!",
    "no_dmg_msg_u": "The %1$s tries to thrust with it's chainsaw at you, but fails to penetrate your armor!",
    "no_dmg_msg_npc": "The %1$s tries to thrust with it's chainsaw at <npcname>, but fails to penetrate their armor!",
    "miss_msg_u": "The %s thrusts with it's chainsaw at you, but you step aside!",
    "miss_msg_npc": "The %s thrusts with it's chainsaw at <npcname>, but they dodge!"
  },
  {
    "type": "monster_attack",
    "attack_type": "melee",
    "id": "crushing_blow",
    "cooldown": 12,
    "move_cost": 150,
    "damage_max_instance": [ { "damage_type": "bash", "amount": 13, "armor_penetration": 16 } ],
    "body_parts": [ [ "torso", 1 ] ],
    "effects": [ { "id": "downed", "duration": 2 }, { "id": "stunned", "duration": 3 } ],
    "hit_dmg_u": "The %1$s crushes you!",
    "hit_dmg_npc": "The %1$s crushes <npcname>!",
    "no_dmg_msg_u": "The %1$s tries to crush you, but fails to penetrate your armor!",
    "no_dmg_msg_npc": "The %1$s tries to crush <npcname>, but fails to penetrate their armor!",
    "miss_msg_u": "The %s tries to crush you, but you step aside!",
    "miss_msg_npc": "The %s tries to crush <npcname>, but they dodge!"
  }
]
