[
  {
    "id": "mongun_BL9_crossbow",
    "type": "GUN",
    "copy-from": "fake_item",
    "name": { "str": "crossbow" },
    "description": "Fake gun for BL9 infected humans",
    "flags": [ "NEVER_JAMS" ],
    "ammo_effects": [ "NEVER_MISFIRES" ],
    "skill": "rifle",
    "durability": 10,
    "range": 25,
    "dispersion": 1000,
    "ranged_damage": { "damage_type": "stab", "amount": 11, "armor_penetration": 8 }
  },
  {
    "id": "mongun_BL9_minigun",
    "type": "GUN",
    "copy-from": "fake_item",
    "name": { "str": "minigun" },
    "description": "Fake gun for BL9 infected humans",
    "flags": [ "NEVER_JAMS" ],
    "ammo_effects": [ "NEVER_MISFIRES" ],
    "skill": "rifle",
    "durability": 10,
    "range": 25,
    "modes": [ [ "DEFAULT", "auto", 6 ] ],
    "dispersion": 10000,
    "ranged_damage": { "damage_type": "bullet", "amount": 9, "armor_penetration": 17 }
  }
]
