[
  {
    "type": "item_group",
    "subtype": "collection",
    "id": "BL9_Drops_Cult",
    "entries": [
      { "group": "coats_unisex", "damage": [ 0, 1 ], "prob": 65 },
      { "group": "common_gloves", "damage": [ 0, 1 ], "prob": 65 },
      { "group": "BL9_enemy_drinks", "prob": 75 },
      { "group": "BL9_enemy_food", "prob": 75 },
      { "group": "BL9_treasure1", "prob": 100 },
      { "group": "BL9_herbs", "prob": 25 },
      {
        "distribution": [
          {
            "collection": [
              {
                "distribution": [
                  { "group": "male_underwear", "prob": 90, "damage": [ 0, 1 ] },
                  { "item": "union_suit", "prob": 10, "damage": [ 0, 1 ] }
                ]
              },
              {
                "distribution": [
                  {
                    "collection": [
                      { "group": "pants_male", "prob": 60, "damage": [ 0, 1 ] },
                      { "group": "shirts_unisex", "prob": 60, "damage": [ 0, 1 ] },
                      { "item": "leather_belt", "prob": 30, "damage": [ 0, 1 ] }
                    ]
                  }
                ]
              },
              { "group": "shoes_unisex", "prob": 30, "damage": [ 0, 1 ] },
              { "group": "socks_unisex", "damage": [ 0, 1 ], "prob": 50 }
            ]
          },
          {
            "collection": [
              { "group": "female_underwear", "prob": 90, "damage": [ 0, 1 ] },
              {
                "collection": [
                  { "group": "pants_female", "prob": 60, "damage": [ 0, 1 ] },
                  { "group": "shoes_unisex", "prob": 30, "damage": [ 0, 1 ] },
                  { "group": "shirts_unisex", "prob": 60, "damage": [ 0, 1 ] },
                  { "distribution": [ { "group": "socks_unisex", "prob": 50, "damage": [ 0, 1 ] } ] }
                ],
                "prob": 70
              }
            ]
          }
        ]
      }
    ]
  },
  {
    "type": "item_group",
    "subtype": "collection",
    "id": "BL9_Drops_Cultistpatrolgrunt",
    "entries": [
      { "group": "coats_unisex", "damage": [ 0, 1 ], "prob": 65 },
      { "group": "common_gloves", "damage": [ 0, 1 ], "prob": 65 },
      { "group": "BL9_enemy_drinks", "prob": 75 },
      { "group": "BL9_enemy_food", "prob": 75 },
      { "group": "BL9_patroltreasure1", "prob": 100 },
      { "group": "BL9_herbs", "prob": 15 },
	  { "group": "BL9_lore_journal_patrol", "prob": 75 },
      {
        "distribution": [
          {
            "collection": [
              {
                "distribution": [
                  { "group": "male_underwear", "prob": 90, "damage": [ 0, 1 ] },
                  { "item": "union_suit", "prob": 10, "damage": [ 0, 1 ] }
                ]
              },
              {
                "distribution": [
                  {
                    "collection": [
                      { "group": "pants_male", "prob": 60, "damage": [ 0, 1 ] },
                      { "group": "shirts_unisex", "prob": 60, "damage": [ 0, 1 ] },
                      { "item": "leather_belt", "prob": 30, "damage": [ 0, 1 ] }
                    ]
                  }
                ]
              },
              { "group": "shoes_unisex", "prob": 30, "damage": [ 0, 1 ] },
              { "group": "socks_unisex", "damage": [ 0, 1 ], "prob": 50 }
            ]
          },
          {
            "collection": [
              { "group": "female_underwear", "prob": 90, "damage": [ 0, 1 ] },
              {
                "collection": [
                  { "group": "pants_female", "prob": 60, "damage": [ 0, 1 ] },
                  { "group": "shoes_unisex", "prob": 30, "damage": [ 0, 1 ] },
                  { "group": "shirts_unisex", "prob": 60, "damage": [ 0, 1 ] },
                  { "distribution": [ { "group": "socks_unisex", "prob": 50, "damage": [ 0, 1 ] } ] }
                ],
                "prob": 70
              }
            ]
          }
        ]
      }
    ]
  },
  {
    "type": "item_group",
    "subtype": "collection",
    "id": "BL9_Drops_Cultistpatrollead",
    "entries": [
      { "group": "coats_unisex", "damage": [ 0, 1 ], "prob": 65 },
      { "group": "common_gloves", "damage": [ 0, 1 ], "prob": 65 },
      { "group": "BL9_enemy_drinks", "prob": 75 },
      { "group": "BL9_enemy_food", "prob": 75 },
      { "group": "BL9_patroltreasure1", "prob": 100 },
      { "group": "BL9_herbs", "prob": 25 },
	  { "group": "BL9_lore_journal_patrol", "prob": 100 },
      { "item": "BL9_castlemap", "prob": 25 },
      {
        "distribution": [
          {
            "collection": [
              {
                "distribution": [
                  { "group": "male_underwear", "prob": 90, "damage": [ 0, 1 ] },
                  { "item": "union_suit", "prob": 10, "damage": [ 0, 1 ] }
                ]
              },
              {
                "distribution": [
                  {
                    "collection": [
                      { "group": "pants_male", "prob": 60, "damage": [ 0, 1 ] },
                      { "group": "shirts_unisex", "prob": 60, "damage": [ 0, 1 ] },
                      { "item": "leather_belt", "prob": 30, "damage": [ 0, 1 ] }
                    ]
                  }
                ]
              },
              { "group": "shoes_unisex", "prob": 30, "damage": [ 0, 1 ] },
              { "group": "socks_unisex", "damage": [ 0, 1 ], "prob": 50 }
            ]
          },
          {
            "collection": [
              { "group": "female_underwear", "prob": 90, "damage": [ 0, 1 ] },
              {
                "collection": [
                  { "group": "pants_female", "prob": 60, "damage": [ 0, 1 ] },
                  { "group": "shoes_unisex", "prob": 30, "damage": [ 0, 1 ] },
                  { "group": "shirts_unisex", "prob": 60, "damage": [ 0, 1 ] },
                  { "distribution": [ { "group": "socks_unisex", "prob": 50, "damage": [ 0, 1 ] } ] }
                ],
                "prob": 70
              }
            ]
          }
        ]
      }
    ]
  },
  {
    "type": "item_group",
    "subtype": "collection",
    "id": "BL9_Drops_Military",
    "entries": [
      { "group": "decontamination_room", "damage": [ 0, 1 ], "prob": 75 },
      { "group": "infantry_common_gear", "damage": [ 0, 1 ], "prob": 75 },
      { "group": "BL9_enemy_drinks", "prob": 75 },
      { "group": "BL9_enemy_food", "prob": 75 },
      { "group": "BL9_treasure6", "prob": 100 },
      { "group": "BL9_herbs", "prob": 30 },
      {
        "distribution": [
          {
            "collection": [
              {
                "distribution": [
                  { "group": "male_underwear", "prob": 90, "damage": [ 0, 1 ] },
                  { "group": "army_personal_locker", "prob": 85, "damage": [ 0, 1 ] }
                ]
              },
              {
                "distribution": [
                  {
                    "collection": [
                      { "group": "pants_male", "prob": 60, "damage": [ 0, 1 ] },
                      { "group": "shirts_unisex", "prob": 60, "damage": [ 0, 1 ] },
                      { "group": "army_personal_locker", "prob": 85, "damage": [ 0, 1 ] }
                    ]
                  }
                ]
              },
              { "group": "shoes_unisex", "prob": 30, "damage": [ 0, 1 ] },
              { "group": "socks_unisex", "damage": [ 0, 1 ], "prob": 50 }
            ]
          },
          {
            "collection": [
              { "group": "female_underwear", "prob": 90, "damage": [ 0, 1 ] },
              {
                "collection": [
                  { "group": "pants_female", "prob": 60, "damage": [ 0, 1 ] },
                  { "group": "shoes_unisex", "prob": 30, "damage": [ 0, 1 ] },
                  { "group": "army_personal_locker", "prob": 85, "damage": [ 0, 1 ] },
                  { "distribution": [ { "group": "socks_unisex", "prob": 50, "damage": [ 0, 1 ] } ] }
                ],
                "prob": 70
              }
            ]
          }
        ]
      }
    ]
  },
  {
    "type": "item_group",
    "subtype": "collection",
    "id": "BL9_Drops_Militarypatrolgrunt",
    "entries": [
      { "group": "decontamination_room", "damage": [ 0, 1 ], "prob": 75 },
      { "group": "infantry_common_gear", "damage": [ 0, 1 ], "prob": 75 },
      { "group": "BL9_enemy_drinks", "prob": 75 },
      { "group": "BL9_enemy_food", "prob": 75 },
      { "group": "BL9_patroltreasure6", "prob": 100 },
      { "group": "BL9_herbs", "prob": 20 },
	  { "group": "BL9_lore_journal_patrol", "prob": 90 },
      {
        "distribution": [
          {
            "collection": [
              {
                "distribution": [
                  { "group": "male_underwear", "prob": 90, "damage": [ 0, 1 ] },
                  { "group": "army_personal_locker", "prob": 85, "damage": [ 0, 1 ] }
                ]
              },
              {
                "distribution": [
                  {
                    "collection": [
                      { "group": "pants_male", "prob": 60, "damage": [ 0, 1 ] },
                      { "group": "shirts_unisex", "prob": 60, "damage": [ 0, 1 ] },
                      { "group": "army_personal_locker", "prob": 85, "damage": [ 0, 1 ] }
                    ]
                  }
                ]
              },
              { "group": "shoes_unisex", "prob": 30, "damage": [ 0, 1 ] },
              { "group": "socks_unisex", "damage": [ 0, 1 ], "prob": 50 }
            ]
          },
          {
            "collection": [
              { "group": "female_underwear", "prob": 90, "damage": [ 0, 1 ] },
              {
                "collection": [
                  { "group": "pants_female", "prob": 60, "damage": [ 0, 1 ] },
                  { "group": "shoes_unisex", "prob": 30, "damage": [ 0, 1 ] },
                  { "group": "army_personal_locker", "prob": 85, "damage": [ 0, 1 ] },
                  { "distribution": [ { "group": "socks_unisex", "prob": 50, "damage": [ 0, 1 ] } ] }
                ],
                "prob": 70
              }
            ]
          }
        ]
      }
    ]
  },
  {
    "type": "item_group",
    "subtype": "collection",
    "id": "BL9_Drops_Militarypatrollead",
    "entries": [
      { "group": "decontamination_room", "damage": [ 0, 1 ], "prob": 75 },
      { "group": "infantry_common_gear", "damage": [ 0, 1 ], "prob": 75 },
      { "group": "BL9_enemy_drinks", "prob": 75 },
      { "group": "BL9_enemy_food", "prob": 75 },
      { "group": "BL9_patroltreasure6", "prob": 100 },
      { "group": "BL9_herbs", "prob": 25 },
	  { "group": "BL9_lore_journal_patrol", "prob": 100 },
      { "item": "BL9_castlemap", "prob": 35 },
      { "item": "BL9_biomesmap", "prob": 15 },
	  { "item": "BL9_islandmap", "prob": 15 },
      {
        "distribution": [
          {
            "collection": [
              {
                "distribution": [
                  { "group": "male_underwear", "prob": 90, "damage": [ 0, 1 ] },
                  { "group": "army_personal_locker", "prob": 85, "damage": [ 0, 1 ] }
                ]
              },
              {
                "distribution": [
                  {
                    "collection": [
                      { "group": "pants_male", "prob": 60, "damage": [ 0, 1 ] },
                      { "group": "shirts_unisex", "prob": 60, "damage": [ 0, 1 ] },
                      { "group": "army_personal_locker", "prob": 85, "damage": [ 0, 1 ] }
                    ]
                  }
                ]
              },
              { "group": "shoes_unisex", "prob": 30, "damage": [ 0, 1 ] },
              { "group": "socks_unisex", "damage": [ 0, 1 ], "prob": 50 }
            ]
          },
          {
            "collection": [
              { "group": "female_underwear", "prob": 90, "damage": [ 0, 1 ] },
              {
                "collection": [
                  { "group": "pants_female", "prob": 60, "damage": [ 0, 1 ] },
                  { "group": "shoes_unisex", "prob": 30, "damage": [ 0, 1 ] },
                  { "group": "army_personal_locker", "prob": 85, "damage": [ 0, 1 ] },
                  { "distribution": [ { "group": "socks_unisex", "prob": 50, "damage": [ 0, 1 ] } ] }
                ],
                "prob": 70
              }
            ]
          }
        ]
      }
    ]
  },
  {
    "type": "item_group",
    "subtype": "collection",
    "id": "BL9_Drops_Tendril",
    "entries": [
      { "group": "pants_male", "prob": 60, "damage": [ 0, 1 ] },
      { "group": "BL9_enemy_drinks", "prob": 75 },
      { "group": "BL9_enemy_food", "prob": 75 },
      { "group": "BL9_treasure1", "prob": 100 },
      { "group": "BL9_treasure2", "prob": 25 },
      { "group": "BL9_herbs", "prob": 35 },
      { "item": "BL9_tendril_blade_sample", "prob": 80 }
    ]
  },
  {
    "type": "item_group",
    "subtype": "collection",
    "id": "BL9_Drops_Worm",
    "entries": [
      { "group": "pants_male", "prob": 60, "damage": [ 0, 1 ] },
      { "group": "BL9_enemy_drinks", "prob": 75 },
      { "group": "BL9_enemy_food", "prob": 75 },
      { "group": "BL9_treasure1", "prob": 100 },
      { "group": "BL9_treasure2", "prob": 25 },
      { "group": "BL9_herbs", "prob": 35 },
      { "item": "BL9_worm_body_sample", "prob": 80 }
    ]
  },
  {
    "type": "item_group",
    "subtype": "collection",
    "id": "BL9_Drops_Clawer",
    "entries": [
      { "group": "pants_male", "prob": 60, "damage": [ 0, 1 ] },
      { "group": "BL9_enemy_drinks", "prob": 75 },
      { "group": "BL9_enemy_food", "prob": 75 },
      { "group": "BL9_treasure2", "prob": 100 },
      { "group": "BL9_treasure6", "prob": 100 },
      { "group": "BL9_herbs", "prob": 85 },
      { "item": "BL9_clawer_sample", "prob": 100 }
    ]
  },
  {
    "type": "item_group",
    "subtype": "collection",
    "id": "BL9_Drops_Scrawler",
    "entries": [
      { "group": "BL9_enemy_drinks", "prob": 75 },
      { "group": "BL9_enemy_food", "prob": 75 },
      { "group": "BL9_treasure1", "prob": 100 },
      { "group": "BL9_treasure6", "prob": 75 },
      { "group": "BL9_herbs", "prob": 30 }
    ]
  },
  {
    "type": "item_group",
    "subtype": "collection",
    "id": "BL9_Drops_Scrawlerevo",
    "entries": [
      { "group": "BL9_enemy_drinks", "prob": 75 },
      { "group": "BL9_enemy_food", "prob": 75 },
      { "group": "BL9_treasure2", "prob": 100 },
      { "group": "BL9_treasure7", "prob": 100 },
      { "group": "BL9_herbs", "prob": 35 }
    ]
  },
  {
    "type": "item_group",
    "subtype": "collection",
    "id": "BL9_Drops_Repto",
    "entries": [
      { "group": "BL9_enemy_drinks", "prob": 75 },
      { "group": "BL9_enemy_food", "prob": 75 },
      { "group": "BL9_treasure2", "prob": 100 },
      { "group": "BL9_treasure6", "prob": 75 },
      { "group": "BL9_herbs", "prob": 85 },
      { "item": "BL9_repto_sample", "prob": 100 }
    ]
  },
  {
    "type": "item_group",
    "subtype": "collection",
    "id": "BL9_Drops_Spiky",
    "entries": [
      { "group": "pants_male", "prob": 60, "damage": [ 0, 1 ] },
      { "group": "BL9_enemy_drinks", "prob": 75 },
      { "group": "BL9_enemy_food", "prob": 75 },
      { "group": "BL9_treasure1", "prob": 100 },
      { "group": "BL9_treasure2", "prob": 25 },
      { "group": "BL9_herbs", "prob": 35 },
      { "item": "BL9_spindly_spike_sample", "prob": 80 }
    ]
  },
  {
    "type": "item_group",
    "subtype": "collection",
    "id": "BL9_Drops_Assassin",
    "entries": [
      { "group": "BL9_enemy_drinks", "prob": 75 },
      { "group": "BL9_enemy_food", "prob": 75 },
      { "group": "BL9_treasure4", "prob": 100 },
      { "group": "BL9_treasure7", "prob": 100 },
      { "group": "BL9_herbs", "prob": 100 },
      { "item": "BL9_assassin_tail_sample", "prob": 100 }
    ]
  },
  {
    "type": "item_group",
    "subtype": "collection",
    "id": "BL9_Drops_Giant",
    "entries": [
      { "group": "BL9_enemy_drinks", "prob": 75 },
      { "group": "BL9_enemy_food", "prob": 75 },
      { "group": "BL9_treasure4", "prob": 100 },
      { "group": "BL9_treasure7", "prob": 100 },
      { "group": "BL9_herbs", "prob": 100 }
    ]
  },
  {
    "type": "item_group",
    "subtype": "collection",
    "id": "BL9_Drops_Twistedone",
    "entries": [
      { "group": "BL9_enemy_drinks", "prob": 75 },
      { "group": "BL9_enemy_food", "prob": 75 },
      { "group": "BL9_treasure5", "prob": 100 },
      { "group": "BL9_treasure8", "prob": 100 },
      { "group": "BL9_herbs", "prob": 100 },
      { "item": "BL9_twisted_tentacle_sample", "prob": 100 }
    ]
  },
  {
    "type": "item_group",
    "subtype": "collection",
    "id": "BL9_Drops_Tendrilevo",
    "entries": [
      { "group": "pants_male", "prob": 60, "damage": [ 0, 1 ] },
      { "group": "BL9_enemy_drinks", "prob": 75 },
      { "group": "BL9_enemy_food", "prob": 75 },
      { "group": "BL9_treasure6", "prob": 100 },
      { "group": "BL9_treasure7", "prob": 25 },
      { "group": "BL9_herbs", "prob": 35 },
      { "item": "BL9_bladed_tentacle_sample", "prob": 80 }
    ]
  },
  {
    "type": "item_group",
    "subtype": "collection",
    "id": "BL9_Drops_Wormevo",
    "entries": [
      { "group": "pants_male", "prob": 60, "damage": [ 0, 1 ] },
      { "group": "BL9_enemy_drinks", "prob": 75 },
      { "group": "BL9_enemy_food", "prob": 75 },
      { "group": "BL9_treasure6", "prob": 100 },
      { "group": "BL9_treasure7", "prob": 25 },
      { "group": "BL9_herbs", "prob": 35 },
      { "item": "BL9_worm_spiked_sample", "prob": 80 }
    ]
  },
  {
    "type": "item_group",
    "subtype": "collection",
    "id": "BL9_Drops_Spikyevo",
    "entries": [
      { "group": "pants_male", "prob": 60, "damage": [ 0, 1 ] },
      { "group": "BL9_enemy_drinks", "prob": 75 },
      { "group": "BL9_enemy_food", "prob": 75 },
      { "group": "BL9_treasure6", "prob": 100 },
      { "group": "BL9_treasure7", "prob": 25 },
      { "group": "BL9_herbs", "prob": 35 },
      { "item": "BL9_spiked_tentacle_sample", "prob": 80 }
    ]
  },
  {
    "type": "item_group",
    "subtype": "collection",
    "id": "BL9_Drops_Milbehemoth",
    "entries": [
      { "group": "decontamination_room", "damage": [ 0, 1 ], "prob": 75 },
      { "group": "infantry_common_gear", "damage": [ 0, 1 ], "prob": 75 },
      { "group": "BL9_enemy_drinks", "prob": 75 },
      { "group": "BL9_enemy_food", "prob": 75 },
      { "group": "BL9_treasure7", "prob": 100 },
      { "group": "BL9_herbs", "prob": 75 },
      {
        "distribution": [
          {
            "collection": [
              {
                "distribution": [
                  { "group": "male_underwear", "prob": 90, "damage": [ 0, 1 ] },
                  { "group": "army_personal_locker", "prob": 85, "damage": [ 0, 1 ] }
                ]
              },
              {
                "distribution": [
                  {
                    "collection": [
                      { "group": "pants_male", "prob": 60, "damage": [ 0, 1 ] },
                      { "group": "shirts_unisex", "prob": 60, "damage": [ 0, 1 ] },
                      { "group": "army_personal_locker", "prob": 85, "damage": [ 0, 1 ] }
                    ]
                  }
                ]
              },
              { "group": "shoes_unisex", "prob": 30, "damage": [ 0, 1 ] },
              { "group": "socks_unisex", "damage": [ 0, 1 ], "prob": 50 }
            ]
          },
          {
            "collection": [
              { "group": "female_underwear", "prob": 90, "damage": [ 0, 1 ] },
              {
                "collection": [
                  { "group": "pants_female", "prob": 60, "damage": [ 0, 1 ] },
                  { "group": "shoes_unisex", "prob": 30, "damage": [ 0, 1 ] },
                  { "group": "army_personal_locker", "prob": 85, "damage": [ 0, 1 ] },
                  { "distribution": [ { "group": "socks_unisex", "prob": 50, "damage": [ 0, 1 ] } ] }
                ],
                "prob": 70
              }
            ]
          }
        ]
      }
    ]
  },
  {
    "type": "item_group",
    "subtype": "collection",
    "id": "BL9_Drops_Regen",
    "entries": [
      { "group": "BL9_enemy_drinks", "prob": 75 },
      { "group": "BL9_enemy_food", "prob": 75 },
      { "group": "BL9_treasure8", "prob": 100 },
      { "group": "BL9_herbs", "prob": 85 }
    ]
  },
  {
    "type": "item_group",
    "subtype": "collection",
    "id": "BL9_Drops_Reptoevo",
    "entries": [
      { "group": "BL9_enemy_drinks", "prob": 75 },
      { "group": "BL9_enemy_food", "prob": 75 },
      { "group": "BL9_treasure8", "prob": 100 },
      { "group": "BL9_herbs", "prob": 85 },
      { "item": "BL9_repto_evo_sample", "prob": 100 }
    ]
  },
  {
    "type": "item_group",
    "subtype": "collection",
    "id": "BL9_Drops_Chimeraevo",
    "entries": [
      { "group": "BL9_enemy_drinks", "prob": 75 },
      { "group": "BL9_enemy_food", "prob": 75 },
      { "group": "BL9_treasure9", "prob": 100 },
      { "group": "BL9_herbs", "prob": 100 },
      { "item": "BL9_chimera_pincer_sample", "prob": 100 }
    ]
  },
  {
    "type": "item_group",
    "subtype": "collection",
    "id": "BL9_Drops_Ivy1",
    "entries": [
      { "group": "pants_male", "prob": 60, "damage": [ 0, 1 ] },
      { "group": "BL9_enemy_drinks", "prob": 75 },
      { "group": "BL9_enemy_food", "prob": 75 },
      { "group": "BL9_treasure1", "prob": 100 },
      { "group": "BL9_treasure6", "prob": 100 },
      { "group": "BL9_herbs", "prob": 35 }
    ]
  },
  {
    "type": "item_group",
    "subtype": "collection",
    "id": "BL9_Drops_Ivy2",
    "entries": [
      { "group": "pants_male", "prob": 60, "damage": [ 0, 1 ] },
      { "group": "BL9_enemy_drinks", "prob": 75 },
      { "group": "BL9_enemy_food", "prob": 75 },
      { "group": "BL9_treasure2", "prob": 100 },
      { "group": "BL9_treasure7", "prob": 100 },
      { "group": "BL9_herbs", "prob": 40 }
    ]
  },
  {
    "type": "item_group",
    "subtype": "collection",
    "id": "BL9_Drops_General",
    "entries": [
      { "group": "pants_male", "prob": 60, "damage": [ 0, 1 ] },
      { "group": "BL9_enemy_drinks", "prob": 75 },
      { "group": "BL9_enemy_food", "prob": 75 },
      { "group": "BL9_treasure9", "prob": 100 },
      { "group": "BL9_herbs", "prob": 100 },
      { "item": "BL9_evo_claws_sample", "prob": 100 }
    ]
  },
  {
    "type": "item_group",
    "subtype": "collection",
    "id": "BL9_Drops_Vileone",
    "entries": [
      { "group": "BL9_enemy_drinks", "prob": 75 },
      { "group": "BL9_enemy_food", "prob": 75 },
      { "group": "BL9_treasure10", "prob": 100 },
      { "group": "BL9_herbs", "prob": 100 },
      { "item": "BL9_vile_leg_sample", "prob": 100 }
    ]
  }
]
