[
  {
    "type": "monstergroup",
    "name": "GROUP_ZOMBIE",
    "override": false,
    "default": "mon_null",
    "monsters": [
      { "monster": "mon_BL9_patrolmilitary_stab", "freq": 100, "cost_multiplier": 10, "pack_size": [ 1, 2 ] },
      { "monster": "mon_BL9_patrolcultist_cut", "freq": 100, "cost_multiplier": 10, "pack_size": [ 1, 2 ] },
      { "monster": "mon_BL9_patrolmilitary_crossbow", "freq": 100, "cost_multiplier": 10, "pack_size": [ 1, 2 ] },
      { "monster": "mon_BL9_cultist_patrolleader", "freq": 100, "cost_multiplier": 10, "pack_size": [ 1, 2 ] }
    ]
  },
  {
    "type": "monstergroup",
    "name": "GROUP_POLICE",
    "override": false,
    "default": "mon_null",
    "monsters": [
      { "monster": "mon_BL9_patrolcultist_cut", "freq": 100, "cost_multiplier": 10, "pack_size": [ 1, 2 ] },
      { "monster": "mon_BL9_patrolmilitary_stab", "freq": 100, "cost_multiplier": 10, "pack_size": [ 1, 2 ] },
      { "monster": "mon_BL9_patrolmilitary_crossbow", "freq": 100, "cost_multiplier": 10, "pack_size": [ 1, 2 ] },
      { "monster": "mon_BL9_military_patrolleader", "freq": 100, "cost_multiplier": 10, "pack_size": [ 1, 2 ] }
    ]
  },
  {
    "type": "monstergroup",
    "name": "GROUP_SEWER",
    "override": false,
    "default": "mon_sewer_rat",
    "monsters": [
      { "monster": "mon_BL9_patrolcultist_stab", "freq": 100, "cost_multiplier": 10, "pack_size": [ 1, 2 ] },
      { "monster": "mon_BL9_patrolcultist_cut", "freq": 100, "cost_multiplier": 10, "pack_size": [ 1, 2 ] },
      { "monster": "mon_BL9_patrolcultist_crossbow", "freq": 100, "cost_multiplier": 10, "pack_size": [ 1, 2 ] },
      { "monster": "mon_BL9_cultist_patrolleader", "freq": 100, "cost_multiplier": 10, "pack_size": [ 1, 2 ] }
    ]
  },
  {
    "type": "monstergroup",
    "name": "GROUP_FOREST",
    "override": false,
    "default": "mon_null",
    "monsters": [
      { "monster": "mon_BL9_patrolmilitary_stab", "freq": 100, "cost_multiplier": 10, "pack_size": [ 1, 2 ] },
      { "monster": "mon_BL9_patrolcultist_cut", "freq": 100, "cost_multiplier": 10, "pack_size": [ 1, 2 ] },
      { "monster": "mon_BL9_patrolmilitary_crossbow", "freq": 100, "cost_multiplier": 10, "pack_size": [ 1, 2 ] },
      { "monster": "mon_BL9_cultist_patrolleader", "freq": 100, "cost_multiplier": 10, "pack_size": [ 1, 2 ] }
    ]
  },
  {
    "type": "monstergroup",
    "name": "GROUP_CABIN",
    "override": false,
    "default": "mon_null",
    "monsters": [
      { "monster": "mon_BL9_patrolcultist_stab", "freq": 100, "cost_multiplier": 10, "pack_size": [ 1, 2 ] },
      { "monster": "mon_BL9_patrolcultist_cut", "freq": 100, "cost_multiplier": 10, "pack_size": [ 1, 2 ] },
      { "monster": "mon_BL9_patrolcultist_crossbow", "freq": 100, "cost_multiplier": 10, "pack_size": [ 1, 2 ] },
      { "monster": "mon_BL9_cultist_patrolleader", "freq": 100, "cost_multiplier": 10, "pack_size": [ 1, 2 ] }
    ]
  },
  {
    "type": "monstergroup",
    "name": "CAMPERS",
    "override": false,
    "default": "mon_null",
    "monsters": [
      { "monster": "mon_BL9_patrolcultist_stab", "freq": 100, "cost_multiplier": 10, "pack_size": [ 1, 2 ] },
      { "monster": "mon_BL9_patrolcultist_cut", "freq": 100, "cost_multiplier": 10, "pack_size": [ 1, 2 ] },
      { "monster": "mon_BL9_patrolmilitary_crossbow", "freq": 100, "cost_multiplier": 10, "pack_size": [ 1, 2 ] },
      { "monster": "mon_BL9_cultist_patrolleader", "freq": 100, "cost_multiplier": 10, "pack_size": [ 1, 2 ] }
    ]
  },
  {
    "type": "monstergroup",
    "name": "GROUP_CAVE",
    "override": false,
    "default": "mon_null",
    "monsters": [
      { "monster": "mon_BL9_patrolmilitary_shockrod", "freq": 100, "cost_multiplier": 10, "pack_size": [ 1, 2 ] },
      { "monster": "mon_BL9_patrolcultist_cut", "freq": 100, "cost_multiplier": 10, "pack_size": [ 1, 2 ] },
      { "monster": "mon_BL9_patrolcultist_crossbow", "freq": 100, "cost_multiplier": 10, "pack_size": [ 1, 2 ] },
      { "monster": "mon_BL9_cultist_patrolleader", "freq": 100, "cost_multiplier": 10, "pack_size": [ 1, 2 ] }
    ]
  },
  {
    "type": "monstergroup",
    "name": "GROUP_MAYBE_ZOMBIE",
    "override": false,
    "default": "mon_null",
    "monsters": [
      { "monster": "mon_BL9_patrolmilitary_shockrod", "freq": 100, "cost_multiplier": 10, "pack_size": [ 1, 2 ] },
      { "monster": "mon_BL9_patrolcultist_cut", "freq": 100, "cost_multiplier": 10, "pack_size": [ 1, 2 ] },
      { "monster": "mon_BL9_patrolmilitary_crossbow", "freq": 100, "cost_multiplier": 10, "pack_size": [ 1, 2 ] },
      { "monster": "mon_BL9_cultist_patrolleader", "freq": 100, "cost_multiplier": 10, "pack_size": [ 1, 2 ] }
    ]
  },
  {
    "type": "monstergroup",
    "name": "GROUP_MAYBE_MIL",
    "//": "50% chance military zombie or robot",
    "default": "mon_null",
    "monsters": [
      { "monster": "mon_BL9_patrolmilitary_stab", "freq": 100, "cost_multiplier": 10, "pack_size": [ 1, 2 ] },
      { "monster": "mon_BL9_patrolmilitary_shockrod", "freq": 100, "cost_multiplier": 10, "pack_size": [ 1, 2 ] },
      { "monster": "mon_BL9_patrolmilitary_crossbow", "freq": 100, "cost_multiplier": 10, "pack_size": [ 1, 2 ] },
      { "monster": "mon_BL9_military_patrolleader", "freq": 100, "cost_multiplier": 10, "pack_size": [ 1, 2 ] }
    ]
  },
  {
    "name": "GROUP_MIL_WEAK",
    "type": "monstergroup",
    "default": "mon_null",
    "monsters": [
      { "monster": "mon_BL9_patrolmilitary_stab", "freq": 100, "cost_multiplier": 10, "pack_size": [ 1, 4 ] },
      { "monster": "mon_BL9_patrolmilitary_shockrod", "freq": 100, "cost_multiplier": 10, "pack_size": [ 1, 4 ] },
      { "monster": "mon_BL9_patrolmilitary_crossbow", "freq": 100, "cost_multiplier": 10, "pack_size": [ 1, 4 ] },
      { "monster": "mon_BL9_military_patrolleader", "freq": 100, "cost_multiplier": 10 }
    ]
  },
  {
    "name": "GROUP_MIL_STRONG",
    "type": "monstergroup",
    "default": "mon_null",
    "monsters": [
      { "monster": "mon_BL9_patrolmilitary_behemoth", "freq": 100, "cost_multiplier": 10, "pack_size": [ 1, 4 ] },
      { "monster": "mon_BL9_patrolmilitary_shockrod", "freq": 100, "cost_multiplier": 10, "pack_size": [ 1, 4 ] },
      {
        "monster": "mon_BL9_patrolmilitary_behemoth_minigun",
        "freq": 100,
        "cost_multiplier": 10,
        "pack_size": [ 1, 3 ]
      },
      { "monster": "mon_BL9_military_patrolleader", "freq": 100, "cost_multiplier": 10, "pack_size": [ 1, 2 ] }
    ]
  },
  {
    "name": "GROUP_MIL_BASE",
    "type": "monstergroup",
    "default": "mon_null",
    "monsters": [
      { "monster": "mon_BL9_patrolmilitary_behemoth", "freq": 100, "cost_multiplier": 10, "pack_size": [ 1, 4 ] },
      { "monster": "mon_BL9_patrolmilitary_shockrod", "freq": 100, "cost_multiplier": 10, "pack_size": [ 1, 4 ] },
      {
        "monster": "mon_BL9_patrolmilitary_behemoth_minigun",
        "freq": 100,
        "cost_multiplier": 10,
        "pack_size": [ 1, 4 ]
      },
      { "monster": "mon_BL9_military_patrolleader", "freq": 100, "cost_multiplier": 10, "pack_size": [ 1, 2 ] }
    ]
  }
]
