[
  {
    "type": "mapgen",
    "om_terrain": [ "BL9_Island_Entrance1" ],
    "method": "json",
    "weight": 100,
    "object": {
      "fill_ter": "t_rock_floor",
      "rows": [
        "%%%%%%%%%%....%%%%%%%%%%",
        "%wwwwwwwww....wwwwwwwww%",
        "%w.....t........t.....w%",
        "%w....................w%",
        "%wwwwwwww....wwwwwwwwww%",
        "%wwwwwwww...wwwwwwwwwww%",
        "%%%%%%%%%...%%%%%%%%%%%%",
        "%%%%%%%%%...%%%%%%%%%%%%",
        "%wwwwww%%...%%wwwwwwwww%",
        "%w.t..w%%...%%w.z....tw%",
        "%w....w%%...%%w.......w%",
        "%w....................w%",
        "%%%%%%%%%...%%wwwwwwwww%",
        "%wwwwwww%...%%%%%%%%%%%%",
        "%...........%%%%%%%%%%%%",
        "%t...%%%%%%%%%wwwwwwwww%",
        "%............twwwwwwwww%",
        "%wwwwww%%%%...wwwwwwwww%",
        "%%%%%%%%%%%...wwwwwwwww%",
        "%%%%%%%%%%%...wwwwwwwww%",
        "%%%%%%%%%%%...wwwwwwwww%",
        "%%%%%%%%%%%...wwwwwwwww%",
        "%%%%%%%%%%%...wwwwwwwww%",
        "%%%%%%%%%%%%.%wwwwwwwww%"
      ],
      "terrain": {
        " ": "t_dirt",
        ".": "t_BL9uniqmazing_fl_azurblue",
        "!": "t_column_halfway",
        "0": "t_concrete_wall",
        ">": "t_stairs_down",
        "<": "t_stairs_up",
        "h": "t_little_column",
        "?": [ "t_door_metal_c", "t_door_metal_c", "t_door_metal_c", "t_door_metal_c", "t_door_metal_o" ],
        "%": "t_BL9_rockblue",
        "i": "t_card_industrial",
        "L": "t_door_metal_locked",
        "w": "t_water_dp"
      },
      "furniture": {
        "t": "f_BL9_long_torch",
        "l": "f_statue",
        "e": "f_crate_c",
        "s": "f_sandbag_half",
        "b": "f_30gal_firebarrel",
        "z": "f_BL9_teleport"
      },
      "place_npcs": [ { "class": "BL9_trader", "x": 17, "y": 10, "add_trait": "BL9_TRADER" } ],
      "place_item": [ { "item": "BL9_agent_note15", "x": 5, "y": 17 } ],
      "place_signs": [
        {
          "signage": "KINDLY REQUEST YOU TO DISCARD OR STASH ALL OF YOUR COLLECTED ID CARDS (INDUSTRIAL/SCIENCE/MILITARY) IN ORDER TO NOT BREAK THE INTENDED BALANCE",
          "x": 12,
          "y": 20
        },
        {
          "signage": "KINDLY REQUEST YOU TO DISCARD OR STASH ALL OF YOUR COLLECTED ID CARDS (INDUSTRIAL/SCIENCE/MILITARY) IN ORDER TO NOT BREAK THE INTENDED BALANCE",
          "x": 14,
          "y": 20
        }
      ]
    }
  },
  {
    "type": "mapgen",
    "om_terrain": [ "BL9_Island_Entrance2" ],
    "method": "json",
    "weight": 100,
    "object": {
      "fill_ter": "t_rock_floor",
      "rows": [
        "%%%%%%%%%%%%Li%%%%%%%%%%",
        "%wwwwwwww.....wwwwwwwww%",
        "%wwwwwwww.....00000000w%",
        "%wwwwwwww.....sbjeejj0w%",
        "%w0000000ssssssejjjjj0w%",
        "%w0bteej0e....sjjtjjb0w%",
        "%w0jjjje0e.....jjjjjj0w%",
        "%w0bjjjj0.....sjjjjje0w%",
        "%w0jtbjj?.....sejtjjj0w%",
        "%w0000000.....sbjjjjb0w%",
        "%ww...........0tjeejt0w%",
        "%ww.....ssssss00000000w%",
        "%www00000.......wwwwwww%",
        "%www0bbe0.......0000000%",
        "%www0jjt0sssssss0ejjbe0%",
        "%www00.00.......0jjtjj0%",
        "%www............0bjjjb0%",
        "%www........0000000?000%",
        "%wwwww..........ee.....%",
        "%wwwwww................%",
        "%wwwwww...........wwwww%",
        "%wwwwwwwwww...wwwwwwwww%",
        "%wwwwwwwwww...wwwwwwwww%",
        "%wwwwwwwwww...wwwwwwwww%"
      ],
      "terrain": {
        " ": "t_dirt",
        ".": "t_BL9uniqmazing_fl_azurblue",
        "!": "t_column_halfway",
        "0": "t_concrete_wall",
        ">": "t_stairs_down",
        "<": "t_stairs_up",
        "j": "t_thconc_floor",
        "h": "t_little_column",
        "?": [ "t_door_metal_c", "t_door_metal_c", "t_door_metal_c", "t_door_metal_c", "t_door_metal_o" ],
        "%": "t_BL9_rockblue",
        "i": "t_card_industrial",
        "L": "t_door_metal_locked",
        "w": "t_water_dp"
      },
      "furniture": { "t": "f_BL9_floor_olight", "l": "f_statue", "e": "f_crate_c", "s": "f_sandbag_half", "b": "f_30gal_firebarrel" },
      "items": { "e": { "item": "BL9_treasure_search2", "chance": 100, "repeat": [ 1, 1 ] } },
      "place_item": [ { "item": "id_industrial", "x": 18, "y": 5 }, { "item": "BL9_master_note1", "x": 13, "y": 3 } ],
      "place_monster": [
        { "monster": "mon_BL9_military_cut", "x": 10, "y": 20 },
        { "monster": "mon_BL9_military_stab", "x": 16, "y": 20 },
        { "monster": "mon_BL9_military_behemoth", "x": 7, "y": 17 },
        { "monster": "mon_BL9_military_crossbow", "x": 16, "y": 16 },
        { "monster": "mon_BL9_military_shockrod", "x": 10, "y": 13 },
        { "monster": "mon_BL9_military_cut", "x": 16, "y": 13 },
        { "monster": "mon_BL9_mutant_evo_1", "x": 14, "y": 14 },
        { "monster": "mon_BL9_military_crossbow", "x": 19, "y": 15 },
        { "monster": "mon_BL9_military_stab", "x": 22, "y": 16 },
        { "monster": "mon_BL9_military_bash", "x": 22, "y": 19 },
        { "monster": "mon_BL9_military_behemoth_minigun", "x": 7, "y": 11 },
        { "monster": "mon_BL9_mutant_evo_1", "x": 11, "y": 10 },
        { "monster": "mon_BL9_military_bash", "x": 12, "y": 7 },
        { "monster": "mon_BL9_military_cut", "x": 18, "y": 5 },
        { "monster": "mon_BL9_military_crossbow", "x": 19, "y": 8 },
        { "monster": "mon_BL9_military_shockrod", "x": 17, "y": 11 },
        { "monster": "mon_BL9_mutant_evo_1", "x": 4, "y": 7 },
        { "monster": "mon_BL9_military_cut", "x": 4, "y": 9 },
        { "monster": "mon_BL9_mutant_evo_1", "x": 11, "y": 3 }
      ]
    }
  },
  {
    "type": "mapgen",
    "om_terrain": [ "BL9_Island_Entrance3" ],
    "method": "json",
    "weight": 100,
    "object": {
      "fill_ter": "t_rock_floor",
      "rows": [
        "%%%%%%%%%%%%%%%%%%%%%%%%",
        "%..e..e...b.........%%%%",
        "%>............%%%sss%%%%",
        "%.........b..b%%%...%%%%",
        "````````%%%%%%%%%sss%%%%",
        "````````%......%%...%%%%",
        "`````````ssssss%......e%",
        "`````````.s..s.%b.....e%",
        "`````````es..s.ie......%",
        "````%%%%%bs..s.L.......%",
        "````%%%%%%ssss.%.be.eb.%",
        "````%%%%%e.b.b%%%%%%%%%%",
        "````e..e.e...........ww%",
        "````.e.....b.b%%%%%..%%%",
        "%%%%%%%%%%%%%%%%sss...%%",
        "%%%%%%%%%%%....sss....%%",
        "%%%%%%%%%......sss%%%%%%",
        "%%%%%%%%%%%..%%%%%%%%%%%",
        "%%%%````.........````%%%",
        "%%%%````sssssssss````%%%",
        "%%%%````.........````%%%",
        "%%%%%%%%%%%%..%%%%%%%%%%",
        "%%%%%%%%%%%%..%%%%%%%%%%",
        "%%%%%%%%%%%%..%%%%%%%%%%"
      ],
      "terrain": {
        " ": "t_dirt",
        ".": "t_BL9uniqmazing_fl_azurblue",
        "!": "t_column_halfway",
        "0": "t_concrete_wall",
        ">": "t_stairs_down",
        "<": "t_stairs_up",
        "`": "t_BL9_hole",
        "j": "t_thconc_floor",
        "h": "t_little_column",
        "?": [ "t_door_metal_c", "t_door_metal_c", "t_door_metal_c", "t_door_metal_c", "t_door_metal_o" ],
        "%": "t_BL9_rockblue",
        "i": "t_card_industrial",
        "L": "t_door_metal_locked",
        "w": "t_water_dp"
      },
      "furniture": { "t": "f_BL9_floor_olight", "l": "f_statue", "e": "f_crate_c", "s": "f_sandbag_half", "b": "f_30gal_firebarrel" },
      "items": { "e": { "item": "BL9_treasure_search2", "chance": 100, "repeat": [ 1, 1 ] } },
      "place_item": [ { "item": "id_industrial", "x": 12, "y": 6 }, { "item": "BL9_agent_note16", "x": 5, "y": 3 } ],
      "place_monster": [
        { "monster": "mon_BL9_military_cut", "x": 11, "y": 19 },
        { "monster": "mon_BL9_military_stab", "x": 14, "y": 19 },
        { "monster": "mon_BL9_military_shockrod", "x": 17, "y": 19 },
        { "monster": "mon_BL9_military_crossbow", "x": 20, "y": 15 },
        { "monster": "mon_BL9_military_bash", "x": 20, "y": 16 },
        { "monster": "mon_BL9_military_behemoth", "x": 21, "y": 16 },
        { "monster": "mon_BL9_mutant_evo_1", "x": 12, "y": 9 },
        { "monster": "mon_BL9_military_crossbow", "x": 13, "y": 9 },
        { "monster": "mon_BL9_military_stab", "x": 12, "y": 10 },
        { "monster": "mon_BL9_military_bash", "x": 13, "y": 10 },
        { "monster": "mon_BL9_military_behemoth", "x": 11, "y": 6 },
        { "monster": "mon_BL9_military_shockrod", "x": 14, "y": 6 },
        { "monster": "mon_BL9_military_bash", "x": 21, "y": 9 },
        { "monster": "mon_BL9_military_cut", "x": 18, "y": 7 },
        { "monster": "mon_BL9_mutant_evo_1", "x": 18, "y": 4 },
        { "monster": "mon_BL9_military_cut", "x": 19, "y": 4 },
        { "monster": "mon_BL9_military_crossbow", "x": 19, "y": 2 },
        { "monster": "mon_BL9_military_shockrod", "x": 12, "y": 3 },
        { "monster": "mon_BL9_mutant_evo_1", "x": 8, "y": 3 },
        { "monster": "mon_BL9_military_behemoth_minigun", "x": 3, "y": 2 }
      ]
    }
  },
  {
    "type": "mapgen",
    "om_terrain": [ "BL9_Island_Bunker1" ],
    "method": "json",
    "weight": 100,
    "object": {
      "fill_ter": "t_rock_floor",
      "rows": [
        "WWW%Li%WWWWWW%%%%%%%%%%%",
        "%%%...e..b.l.......l%%%%",
        "%%%...........%%%?%%%%%%",
        "%%%t..e.l..b.t%%%..tOO%%",
        "%%%%%%%%%%%%%%%%%.....b%",
        "%%%%%%%%%%eennnn%l....n%",
        "%%%%%%%%%%b....n%t....o%",
        "%qt.e.e.t%l....n%sss..o%",
        "%q.......?.....t%t....s%",
        "%q..%%%%%%t...........s%",
        "%q..%%%%%%%%%%%%%%%%%%%%",
        "%q..%%%%%ee.ct.l.%%%%%%%",
        "%q...............%%%%%%%",
        "%%%%%%%%%%%%%?%%%%%%%%%%",
        "%%%%%%%%%%%%%.t%%%%%%%%%",
        "%%%%%%%%%%%q...%%%%%%%%%",
        "%%%%%%%%%%%q...%%%%%%%%%",
        "%%%%%%%%%%%q...q%%%%%%%%",
        "%%%%%%%%%%%q...q%%%%%%%%",
        "%%%%%%%%%%%q...q%%%%%%%%",
        "%%%%%%%%%%%q...q%%%%%%%%",
        "%%%%%%%%%%%%.t%%%%%%%%%%",
        "%%%%%%%%%%%%.>%%%%%%%%%%",
        "%%%%%%%%%%%%%%%%%%%%%%%%"
      ],
      "terrain": {
        " ": "t_dirt",
        ".": "t_thconc_floor",
        "!": "t_column_halfway",
        "W": "t_fence_wire",
        "%": "t_concrete_wall",
        ">": "t_stairs_down",
        "<": "t_stairs_up",
        "`": "t_BL9_hole",
        "h": "t_little_column",
        "?": [ "t_door_metal_c", "t_door_metal_c", "t_door_metal_c", "t_door_metal_c", "t_door_metal_o" ],
        "i": "t_card_industrial",
        "L": "t_door_metal_locked",
        "w": "t_water_dp",
        "q": "t_sewage_pipe"
      },
      "furniture": {
        "e": "f_crate_c",
        "s": "f_warehouse_shelf",
        "b": "f_30gal_firebarrel",
        "c": "f_filing_cabinet",
        "$": "f_server",
        "l": "f_locker",
        "n": "f_counter",
        "v": "f_table",
        "y": "f_chair",
        "t": "f_BL9_floor_olight",
        "o": "f_oven",
        "O": "f_fridge"
      },
      "items": {
        "e": { "item": "BL9_treasure_search2", "chance": 100, "repeat": [ 1, 1 ] },
        "O": { "item": "BL9_treasure_search2", "chance": 100, "repeat": [ 1, 1 ] },
        "l": { "item": "army_personal_locker", "chance": 80, "repeat": [ 1, 1 ] }
      },
      "place_item": [ { "item": "id_industrial", "x": 17, "y": 23 } ],
      "place_monster": [
        { "monster": "mon_BL9_military_cut", "x": 14, "y": 17 },
        { "monster": "mon_BL9_military_stab", "x": 14, "y": 16 },
        { "monster": "mon_BL9_mutant_evo_2", "x": 14, "y": 15 },
        { "monster": "mon_BL9_military_crossbow", "x": 13, "y": 7 },
        { "monster": "mon_BL9_military_bash", "x": 14, "y": 10 },
        { "monster": "mon_BL9_military_shockrod", "x": 21, "y": 9 },
        { "monster": "mon_BL9_mutant_evo_2", "x": 20, "y": 5 },
        { "monster": "mon_BL9_military_crossbow", "x": 22, "y": 7 },
        { "monster": "mon_BL9_military_stab", "x": 16, "y": 2 },
        { "monster": "mon_BL9_military_shockrod", "x": 10, "y": 3 },
        { "monster": "mon_BL9_military_behemoth", "x": 5, "y": 3 },
        { "monster": "mon_BL9_military_crossbow", "x": 19, "y": 5 }
      ]
    }
  },
  {
    "type": "mapgen",
    "om_terrain": [ "BL9_Island_Bunker2" ],
    "method": "json",
    "weight": 100,
    "object": {
      "fill_ter": "t_rock_floor",
      "rows": [
        "%%%%Li%%%%%%%%%%%%%%%%%%",
        "%%%t..c..c..b.c.c....t%%",
        "%%%t.................t%%",
        "%%%clclcl..c.%%%%%%???%%",
        "%%%%%%%%%%%%%%%%%l....e%",
        "%%%%%%%%%%%%%%c.t.....l%",
        "%%%%%%%%%%%%ct.......c%%",
        "%$$TY$$$l%%c........t%%%",
        "%t......c%..........t%%%",
        "%l.......?..le.l.e.l.c%%",
        "%c..c%%%%%%%%%%%%%%%%%%%",
        "%l..c%%%%Y.tcc.lc%%%%%%%",
        "%e.......cc.....e%%%%%%%",
        "%et.............t%%%%%%%",
        "%%%%%%%%%%%%%??%%%%%%%%%",
        "%b.l.l.....t%..%%%%%%%%%",
        "%a.....yy...?..%%%%%%%%%",
        "%a.....vv...%..%%%%%%%%%",
        "%......vv..e%??%%%%%%%%%",
        "%t.....vv...%..%%%%%%%%%",
        "%O.....vv..e%.m%%%%%%%%%",
        "%l.t.t.yy...%..%%%%%%%%%",
        "%..%.%.....t%OO%%%%%%%%%",
        "WWW%.%WWWWWW%%%%%%%%%%%%"
      ],
      "terrain": {
        " ": "t_dirt",
        ".": "t_thconc_floor",
        "!": "t_column_halfway",
        "W": "t_fence_wire",
        "%": "t_concrete_wall",
        ">": "t_stairs_down",
        "<": "t_stairs_up",
        "`": "t_BL9_hole",
        "h": "t_little_column",
        "?": [ "t_door_metal_c", "t_door_metal_c", "t_door_metal_c", "t_door_metal_c", "t_door_metal_o" ],
        "i": "t_card_industrial",
        "L": "t_door_metal_locked",
        "w": "t_water_dp",
        "q": "t_sewage_pipe"
      },
      "furniture": {
        "e": "f_crate_c",
        "s": "f_sandbag_half",
        "b": "f_30gal_firebarrel",
        "c": "f_filing_cabinet",
        "$": "f_server",
        "l": "f_locker",
        "n": "f_counter",
        "v": "f_table",
        "y": "f_chair",
        "t": "f_BL9_floor_olight",
        "o": "f_oven",
        "O": "f_fridge",
        "a": "f_air_conditioner",
        "m": "f_machinery_heavy",
        "T": "f_console",
        "Y": "f_console_broken"
      },
      "items": {
        "e": { "item": "BL9_treasure_search2", "chance": 100, "repeat": [ 1, 1 ] },
        "c": { "item": "BL9_treasure_search2", "chance": 100, "repeat": [ 1, 1 ] },
        "l": { "item": "army_personal_locker", "chance": 80, "repeat": [ 1, 1 ] }
      },
      "place_item": [
        { "item": "id_industrial", "x": 9, "y": 3 },
        { "item": "BL9_master_note2", "x": 7, "y": 9 },
        { "item": "BL9_agent_note17", "x": 8, "y": 3 }
      ],
      "place_monster": [
        { "monster": "mon_BL9_military_cut", "x": 4, "y": 18 },
        { "monster": "mon_BL9_military_shockrod", "x": 7, "y": 18 },
        { "monster": "mon_BL9_military_behemoth_minigun", "x": 11, "y": 18 },
        { "monster": "mon_BL9_military_crossbow", "x": 10, "y": 21 },
        { "monster": "mon_BL9_military_bash", "x": 9, "y": 23 },
        { "monster": "mon_BL9_military_cut", "x": 15, "y": 13 },
        { "monster": "mon_BL9_mutant_evo_1", "x": 14, "y": 13 },
        { "monster": "mon_BL9_military_crossbow", "x": 5, "y": 13 },
        { "monster": "mon_BL9_military_stab", "x": 6, "y": 9 },
        { "monster": "mon_BL9_military_shockrod", "x": 16, "y": 7 },
        { "monster": "mon_BL9_military_behemoth", "x": 20, "y": 7 },
        { "monster": "mon_BL9_mutant_evo_2", "x": 17, "y": 9 },
        { "monster": "mon_BL9_military_bash", "x": 20, "y": 9 },
        { "monster": "mon_BL9_military_cut", "x": 21, "y": 5 },
        { "monster": "mon_BL9_mutant_evo_2", "x": 17, "y": 3 },
        { "monster": "mon_BL9_military_crossbow", "x": 11, "y": 3 },
        { "monster": "mon_BL9_mutant_evo_2", "x": 5, "y": 3 }
      ]
    }
  },
  {
    "type": "mapgen",
    "om_terrain": [ "BL9_Island_Lab1" ],
    "method": "json",
    "weight": 100,
    "object": {
      "fill_ter": "t_rock_floor",
      "rows": [
        "%%%%%%%%%%%%%%%%%%%%%%%%",
        "%%%j..NV..NV.b..j..v.h%%",
        "%%%v..................%%",
        "%%%%%WWWWWWWW%%%%?%%%%%%",
        "%h.lt...........t.tl..e%",
        "%g...N..N..N..........g%",
        "%g...V..V..V..........g%",
        "%g....................g%",
        "%b.lt.......lt..c.ct..j%",
        "%%%%WWWWWWWW%%?%%%%%%%%%",
        "%j.t...........tv%%%%%%%",
        "%g...VN..VN.....b%%%%%%%",
        "%g...VN..VN.....h%%%%%%%",
        "%v.t...........tj%%%%%%%",
        "%%%%WWWWWWW%%??%%%%%%%%%",
        "%v.l.......l...tl%%%%%%%",
        "%g..............h%%%%%%%",
        "%g....t....t....b%%%%%%%",
        "%g..............a%%%%%%%",
        "%jl.$$T$$.....lta%%%%%%%",
        "%%%%%%%%%%%?%%%%%%%%%%to",
        "..L.t..................L",
        "%%i..%%%%%%%%%%%%%%%%%%%",
        "%%%%.%%%%%%%%%%%%%%%%%%%"
      ],
      "terrain": {
        " ": "t_dirt",
        ".": "t_thconc_floor",
        "!": "t_column_halfway",
        "W": "t_wall_glass",
        "%": "t_concrete_wall",
        ">": "t_stairs_down",
        "<": "t_stairs_up",
        "`": "t_BL9_hole",
        "?": [ "t_door_metal_c", "t_door_metal_c", "t_door_metal_c", "t_door_metal_c", "t_door_metal_o" ],
        "i": "t_card_science",
        "o": "t_card_industrial",
        "L": "t_door_metal_locked",
        "w": "t_water_dp",
        "g": "t_vat",
        "q": "t_sewage_pipe"
      },
      "furniture": {
        "e": "f_crate_c",
        "c": "f_filing_cabinet",
        "$": "f_server",
        "l": "f_locker",
        "b": "f_autoclave",
        "h": "f_shaker",
        "j": "f_HPLC",
        "v": "f_NMR",
        "N": "f_MRI",
        "V": "f_scan_bed",
        "n": "f_counter",
        "t": "f_BL9_floor_olight",
        "O": "f_fridge",
        "a": "f_air_conditioner",
        "T": "f_console",
        "Y": "f_console_broken"
      },
      "items": {
        "e": { "item": "BL9_treasure_search2", "chance": 100, "repeat": [ 1, 1 ] },
        "c": { "item": "BL9_treasure_search2", "chance": 100, "repeat": [ 1, 1 ] },
        "l": { "item": "army_personal_locker", "chance": 80, "repeat": [ 1, 1 ] }
      },
      "place_item": [ { "item": "id_industrial", "x": 15, "y": 2 }, { "item": "BL9_master_note3", "x": 7, "y": 16 } ],
      "place_monster": [
        { "monster": "mon_BL9_mutant_evo_3", "x": 4, "y": 19 },
        { "monster": "mon_BL9_regen", "x": 14, "y": 17 },
        { "monster": "mon_BL9_mutant_evo_2", "x": 10, "y": 16 },
        { "monster": "mon_BL9_mutant_evo_2", "x": 8, "y": 19 },
        { "monster": "mon_BL9_mutant_evo_2", "x": 4, "y": 13 },
        { "monster": "mon_BL9_regen", "x": 9, "y": 12 },
        { "monster": "mon_BL9_mutant_evo_3", "x": 12, "y": 11 },
        { "monster": "mon_BL9_mutant_evo_3", "x": 5, "y": 11 },
        { "monster": "mon_BL9_mutant_evo_2", "x": 4, "y": 7 },
        { "monster": "mon_BL9_regen", "x": 14, "y": 7 },
        { "monster": "mon_BL9_mutant_evo_2", "x": 21, "y": 7 },
        { "monster": "mon_BL9_mutant_evo_2", "x": 18, "y": 8 },
        { "monster": "mon_BL9_mutant_evo_2", "x": 21, "y": 8 },
        { "monster": "mon_BL9_regen", "x": 9, "y": 2 }
      ]
    }
  },
  {
    "type": "mapgen",
    "om_terrain": [ "BL9_Island_Lab2" ],
    "method": "json",
    "weight": 100,
    "object": {
      "fill_ter": "t_rock_floor",
      "rows": [
        "%%%%%%%%%%%%%%%%%%%%%%%%",
        "%%%bt.h.NV.h.th.NV.htj%%",
        "%%%j.................b%%",
        "%%%%%WWWWW%%?%%WWWWWW%%%",
        "%htl...t..h%.%h...t..th%",
        "%j...NV.NV.%.%..NV.NV.b%",
        "%h...NVhNV.?.?....h...j%",
        "%b...NV.NV.%.%..NV.NV.b%",
        "%h.b...t..h%.%h...t...h%",
        "%%%%WWWWWWW%?%WWWWWW%%%%",
        "%ht................th%%%",
        "%g......VN.VN.VN.VN.g%%%",
        "%g......VN.VN.VN.VN.g%%%",
        "%ht$T$h............th%%%",
        "%%%%%%%WWW?WWWWWWWW%%%%%",
        "%%%%%%$t............t$%%",
        "%%%%%%Y..............$%%",
        "%%%%%%Y..............T%%",
        "%%%%%%$..............$%%",
        "%%%%%%ltj.ggg.v.l...t$%%",
        "%%%%%%%%%%%%%%%%%%?%%%%%",
        "..................t%%%%%",
        "%t..c..aaa.c.c.l..l%%%%%",
        "%%%%%%%%%%%%%%%%%%%%%%%%"
      ],
      "terrain": {
        " ": "t_dirt",
        ".": "t_thconc_floor",
        "!": "t_column_halfway",
        "W": "t_wall_glass",
        "%": "t_concrete_wall",
        ">": "t_stairs_down",
        "<": "t_stairs_up",
        "`": "t_BL9_hole",
        "?": [ "t_door_metal_c", "t_door_metal_c", "t_door_metal_c", "t_door_metal_c", "t_door_metal_o" ],
        "i": "t_card_industrial",
        "L": "t_door_metal_locked",
        "w": "t_water_dp",
        "g": "t_vat",
        "q": "t_sewage_pipe"
      },
      "furniture": {
        "e": "f_crate_c",
        "c": "f_filing_cabinet",
        "$": "f_server",
        "l": "f_locker",
        "b": "f_autoclave",
        "h": "f_sample_freezer",
        "j": "f_HPLC",
        "v": "f_NMR",
        "N": "f_MRI",
        "V": "f_scan_bed",
        "n": "f_counter",
        "t": "f_BL9_floor_olight",
        "O": "f_fridge",
        "a": "f_air_conditioner",
        "T": "f_console",
        "Y": "f_console_broken"
      },
      "items": {
        "c": { "item": "BL9_treasure_search2", "chance": 100, "repeat": [ 1, 1 ] },
        "l": { "item": "army_personal_locker", "chance": 80, "repeat": [ 1, 1 ] }
      },
      "place_item": [ { "item": "id_science", "x": 9, "y": 5 } ],
      "place_monster": [
        { "monster": "mon_BL9_regen", "x": 10, "y": 17 },
        { "monster": "mon_BL9_mutant_evo_2", "x": 17, "y": 17 },
        { "monster": "mon_BL9_mutant_evo_3", "x": 12, "y": 19 },
        { "monster": "mon_BL9_mutant_evo_2", "x": 12, "y": 16 },
        { "monster": "mon_BL9_mutant_evo_3", "x": 5, "y": 12 },
        { "monster": "mon_BL9_mutant_evo_2", "x": 11, "y": 12 },
        { "monster": "mon_BL9_mutant_evo_3", "x": 14, "y": 12 },
        { "monster": "mon_BL9_mutant_evo_2", "x": 15, "y": 11 },
        { "monster": "mon_BL9_regen", "x": 21, "y": 7 },
        { "monster": "mon_BL9_mutant_evo_2", "x": 17, "y": 5 },
        { "monster": "mon_BL9_regen", "x": 3, "y": 7 },
        { "monster": "mon_BL9_mutant_evo_2", "x": 7, "y": 5 },
        { "monster": "mon_BL9_mutant_evo_3", "x": 7, "y": 3 },
        { "monster": "mon_BL9_mutant_evo_3", "x": 12, "y": 3 },
        { "monster": "mon_BL9_regen", "x": 20, "y": 3 }
      ]
    }
  },
  {
    "type": "mapgen",
    "om_terrain": [ "BL9_Island_Dump1" ],
    "method": "json",
    "weight": 100,
    "object": {
      "fill_ter": "t_rock_floor",
      "rows": [
        "%%%%%%%%%%%%%%%%...%%%%%",
        "%%%%%%%%%%%%%%%%%Lo%%%%%",
        "%$tm.m.Y.Y.Y.Y.Y...m.mt%",
        "%$.....y.y.y.y.y.......%",
        "%$....................h%",
        "%Ty...yvvvvvvy........n%",
        "%Ty...yvvvvvvy........j%",
        "%$....................n%",
        "%$tn......t..sss.tsss.h%",
        "%%%%%%%%?%%%%%%%%%%%%%%%",
        "%`````.t...........t.%%%",
        "%`````...V.V.V.V.....a%%",
        "%`````....V.V.V......a%%",
        "%`````...V.V.V.V.....a%%",
        "%%%%%%%.............%%%%",
        "%.....?t...........t%%%%",
        "%.%%%%%%WWWWWWWWWW%%%%%%",
        "%.%%%%tm.e.e$$T$$e%%%%%%",
        "%.%%%%............%%%%%%",
        "%................t.....%",
        "%%%%%%............%%%%.%",
        "%%%%%%tl..l..sss..%%%%..",
        "%%%%%%%%%%%%%%%%%%%%%%%%",
        "%%%%%%%%%%%%%%%%%%%%%%%%"
      ],
      "terrain": {
        " ": "t_dirt",
        ".": "t_thconc_floor",
        "!": "t_column_halfway",
        "W": "t_fence_wire",
        "%": "t_concrete_wall",
        ">": "t_stairs_down",
        "<": "t_stairs_up",
        "`": "t_BL9_hole",
        "?": [ "t_door_metal_c", "t_door_metal_c", "t_door_metal_c", "t_door_metal_c", "t_door_metal_o" ],
        "o": "t_card_industrial",
        "i": "t_card_science",
        "L": "t_door_metal_locked",
        "w": "t_water_dp",
        "g": "t_vat",
        "q": "t_sewage_pipe"
      },
      "furniture": {
        "e": "f_crate_c",
        "c": "f_filing_cabinet",
        "s": "f_warehouse_shelf",
        "$": "f_server",
        "l": "f_locker",
        "h": "f_fridge",
        "V": "f_dumpster",
        "v": "f_table",
        "y": "f_chair",
        "t": "f_BL9_floor_olight",
        "n": "f_counter",
        "a": "f_air_conditioner",
        "m": "f_machinery_heavy",
        "T": "f_console",
        "Y": "f_console_broken"
      },
      "items": {
        "e": { "item": "BL9_treasure_search2", "chance": 100, "repeat": [ 1, 1 ] },
        "h": { "item": "BL9_treasure_search2", "chance": 100, "repeat": [ 1, 1 ] },
        "l": { "item": "army_personal_locker", "chance": 80, "repeat": [ 1, 1 ] }
      },
      "place_item": [ { "item": "id_industrial", "x": 15, "y": 3 }, { "item": "BL9_agent_note18", "x": 9, "y": 13 } ],
      "place_npcs": [ { "class": "BL9_trader", "x": 18, "y": 22, "add_trait": "BL9_TRADER" } ],
      "place_monster": [
        { "monster": "mon_BL9_military_shockrod", "x": 10, "y": 20 },
        { "monster": "mon_BL9_military_stab", "x": 11, "y": 20 },
        { "monster": "mon_BL9_mutant_evo_3", "x": 15, "y": 20 },
        { "monster": "mon_BL9_military_crossbow", "x": 16, "y": 20 },
        { "monster": "mon_BL9_military_bash", "x": 12, "y": 13 },
        { "monster": "mon_BL9_military_cut", "x": 14, "y": 13 },
        { "monster": "mon_BL9_mutant_evo_3", "x": 16, "y": 13 },
        { "monster": "mon_BL9_military_crossbow", "x": 17, "y": 13 },
        { "monster": "mon_BL9_military_stab", "x": 18, "y": 12 },
        { "monster": "mon_BL9_military_bash", "x": 19, "y": 12 },
        { "monster": "mon_BL9_military_behemoth", "x": 20, "y": 12 },
        { "monster": "mon_BL9_mutant_evo_1", "x": 11, "y": 5 },
        { "monster": "mon_BL9_military_shockrod", "x": 12, "y": 5 },
        { "monster": "mon_BL9_military_cut", "x": 14, "y": 5 },
        { "monster": "mon_BL9_mutant_evo_3", "x": 15, "y": 5 },
        { "monster": "mon_BL9_military_cut", "x": 19, "y": 5 },
        { "monster": "mon_BL9_military_crossbow", "x": 20, "y": 5 },
        { "monster": "mon_BL9_military_behemoth", "x": 21, "y": 5 }
      ]
    }
  },
  {
    "type": "mapgen",
    "om_terrain": [ "BL9_Island_Lockup1" ],
    "method": "json",
    "weight": 100,
    "object": {
      "fill_ter": "t_rock_floor",
      "rows": [
        "%%%%%%%%%%%%%%%%%%%%%%%%",
        "%%%%%%%%%%%%%%%%%%%%%%%%",
        "%%%%%%%%%%%%%%%%%%%%%%%%",
        "%%%%%%%%%%%%%%%%%%..>..%",
        "%%%%%%%%%%%%%%%%%%..t..%",
        "%%%%%%%%%%%%%%%%%%.....%",
        "%%%%%%%%%%%%%%%%%%%%%oL%",
        "%%%%%%%%%%%%%%ctl.m%%..%",
        "%%%%%%%%%%%%%%....%%l.t%",
        "%%%%%%%%%%%%%%...%%%m..L",
        "%%%%%%%%%%%%%%c........i",
        "%%%%%%%%%%%%%%...t%%%t.%",
        "%%%%%%%%%%%%%%....m%%..%",
        "%%%%%%%%%%%%%%...l%%c.m%",
        "%%%%%%%%%%%l.t..%%%%%%%%",
        "%%%%%%%%%%%%c...m%%%%%%%",
        "%%%%%%%%%%%%%....%%%%%%%",
        "%%%%%%%%%%%%%%...l%%%%%%",
        "%%%%%%%%%%%%%%c...t%%%%%",
        "%%%%%%%%%%%%%%%%...%%%%%",
        "%%%%%%%%%%%%%%%%..m%%%%%",
        "%%%%%%%%%%%%%%%%...%%%%%",
        "%%%%%%%%%%%%%%%%l.t%%%%%",
        "%%%%%%%%%%%%%%%%...%%%%%"
      ],
      "terrain": {
        " ": "t_dirt",
        ".": "t_thconc_floor",
        "!": "t_column_halfway",
        "W": "t_fence_wire",
        "%": "t_concrete_wall",
        ">": "t_stairs_down",
        "<": "t_stairs_up",
        "`": "t_BL9_hole",
        "?": [ "t_door_metal_c", "t_door_metal_c", "t_door_metal_c", "t_door_metal_c", "t_door_metal_o" ],
        "o": "t_card_science",
        "i": "t_card_industrial",
        "L": "t_door_metal_locked",
        "w": "t_water_dp",
        "g": "t_vat",
        "q": "t_sewage_pipe"
      },
      "furniture": {
        "e": "f_crate_c",
        "c": "f_filing_cabinet",
        "$": "f_server",
        "l": "f_locker",
        "h": "f_sample_freezer",
        "V": "f_dumpster",
        "v": "f_table",
        "y": "f_chair",
        "t": "f_BL9_floor_olight",
        "n": "f_counter",
        "O": "f_fridge",
        "a": "f_air_conditioner",
        "m": "f_machinery_heavy"
      },
      "items": {
        "c": { "item": "BL9_treasure_search2", "chance": 100, "repeat": [ 1, 1 ] },
        "l": { "item": "army_personal_locker", "chance": 80, "repeat": [ 1, 1 ] }
      },
      "place_item": [ { "item": "id_industrial", "x": 22, "y": 11 } ],
      "place_monster": [
        { "monster": "mon_BL9_military_crossbow", "x": 14, "y": 17 },
        { "monster": "mon_BL9_military_stab", "x": 15, "y": 17 },
        { "monster": "mon_BL9_mutant_evo_1", "x": 16, "y": 17 },
        { "monster": "mon_BL9_military_crossbow", "x": 18, "y": 17 },
        { "monster": "mon_BL9_military_bash", "x": 15, "y": 13 },
        { "monster": "mon_BL9_military_cut", "x": 16, "y": 13 },
        { "monster": "mon_BL9_mutant_evo_1", "x": 17, "y": 13 },
        { "monster": "mon_BL9_military_crossbow", "x": 18, "y": 14 },
        { "monster": "mon_BL9_military_stab", "x": 22, "y": 8 },
        { "monster": "mon_BL9_military_bash", "x": 23, "y": 8 },
        { "monster": "mon_BL9_military_behemoth", "x": 22, "y": 13 },
        { "monster": "mon_BL9_military_behemoth", "x": 22, "y": 14 }
      ]
    }
  },
  {
    "type": "mapgen",
    "om_terrain": [ "BL9_Island_MedicalMisc1" ],
    "method": "json",
    "weight": 100,
    "object": {
      "fill_ter": "t_rock_floor",
      "rows": [
        "%%%%%%%%%%%%%%%%%%%%%%%%",
        "%%%ccslcclscllcsllccllc%",
        "%%%...................$%",
        "%.?.......yvvvvvvvy..yT%",
        "%.%...t...yvvvvvvvy.tyT%",
        "%.%c..................$%",
        "%.%l..t.............t.l%",
        "%.%l......y.y...y..y..c%",
        "%.%cclc...Y.YlclYclYlch%",
        "..%%%%%%?%%%%%%%%%%%%%%%",
        "%%%%et......lccl..$%%%%%",
        "%%%%s.............Y%%%%%",
        "%%%%l.............$%%%%%",
        "%%%%s.....t.......h%%%%%",
        "%%%%l.............$%%%%%",
        "%e................Y%%%%%",
        "%c.............t..$%%%%%",
        "%tss.cllcclcllclc.h%%%%%",
        "%%%%%%%%%%%%%%%%%......L",
        "%%%%%%%%%%%%%%%%%%%%%%.i",
        "%%%%%%%%%%%%%%%%%%%%%%%%",
        "%%%%%%%%%%%%%%%%%%%%%%%%",
        "%%%%%%%%%%%%%%%%%%%%%%%%",
        "%%%%%%%%%%%%%%%%%%%%%%%%"
      ],
      "terrain": {
        " ": "t_dirt",
        ".": "t_thconc_floor",
        "!": "t_column_halfway",
        "W": "t_fence_wire",
        "%": "t_concrete_wall",
        ">": "t_stairs_down",
        "<": "t_stairs_up",
        "`": "t_BL9_hole",
        "?": [ "t_door_metal_c", "t_door_metal_c", "t_door_metal_c", "t_door_metal_c", "t_door_metal_o" ],
        "i": "t_card_industrial",
        "L": "t_door_metal_locked",
        "w": "t_water_dp",
        "g": "t_vat",
        "q": "t_sewage_pipe"
      },
      "furniture": {
        "e": "f_crate_c",
        "c": "f_filing_cabinet",
        "$": "f_server",
        "l": "f_locker",
        "h": "f_sample_freezer",
        "V": "f_dumpster",
        "v": "f_table",
        "y": "f_chair",
        "t": "f_BL9_floor_olight",
        "n": "f_counter",
        "O": "f_fridge",
        "a": "f_air_conditioner",
        "T": "f_console",
        "Y": "f_console_broken"
      },
      "items": {
        "c": { "item": "BL9_treasure_search2", "chance": 100, "repeat": [ 1, 1 ] },
        "l": { "item": "army_personal_locker", "chance": 80, "repeat": [ 1, 1 ] }
      },
      "place_item": [ { "item": "id_industrial", "x": 12, "y": 16 } ],
      "place_monster": [
        { "monster": "mon_BL9_military_shockrod", "x": 9, "y": 13 },
        { "monster": "mon_BL9_military_stab", "x": 10, "y": 13 },
        { "monster": "mon_BL9_military_behemoth_minigun", "x": 15, "y": 13 },
        { "monster": "mon_BL9_military_crossbow", "x": 16, "y": 13 },
        { "monster": "mon_BL9_military_bash", "x": 8, "y": 17 },
        { "monster": "mon_BL9_military_cut", "x": 9, "y": 17 },
        { "monster": "mon_BL9_mutant_evo_2", "x": 15, "y": 17 },
        { "monster": "mon_BL9_military_crossbow", "x": 16, "y": 17 },
        { "monster": "mon_BL9_military_stab", "x": 9, "y": 3 },
        { "monster": "mon_BL9_military_shockrod", "x": 10, "y": 3 },
        { "monster": "mon_BL9_military_behemoth_minigun", "x": 18, "y": 3 },
        { "monster": "mon_BL9_mutant_evo_2", "x": 17, "y": 3 },
        { "monster": "mon_BL9_military_crossbow", "x": 11, "y": 6 },
        { "monster": "mon_BL9_military_cut", "x": 12, "y": 6 },
        { "monster": "mon_BL9_mutant_evo_3", "x": 17, "y": 6 },
        { "monster": "mon_BL9_military_cut", "x": 18, "y": 6 }
      ]
    }
  },
  {
    "type": "mapgen",
    "om_terrain": [ "BL9_Island_Lab3" ],
    "method": "json",
    "weight": 100,
    "object": {
      "fill_ter": "t_rock_floor",
      "rows": [
        "%%%%%%%%%%%%Li%%%%%%%%%%",
        "%%%%%%%%%.....l%%%%%%%%%",
        "%%%%%%%%%cc...l%%%%%%%%%",
        "%%%%%WWWWWWW?WWWWWWWWW%%",
        "%htlh..t..........t...h%",
        "%j.....g..g..g..g..g..b%",
        "%h.....g..g..g..g..g..j%",
        "%b....................b%",
        "%h.b...t..........t..th%",
        "%WWWWWWWWWWW?WWWWWWWWW%%",
        "%ht$T$Y$.%h...j.vb...%%%",
        "%b.......?.........yY%%%",
        "%h.......%.........yY%%%",
        "%t.vj...t%vh........t%%%",
        "%%%%%%%?%%%%.........$%%",
        "%.bv...t..$%j.......yT%%",
        "%l........T%l........$%%",
        "%.........$%v...t...yT%%",
        "....t.clj..%b......y.$%%",
        "%%%%%%%%%%%%t.lclc$Y$.%%",
        "%%%%%%%%%%%%%%%%%%%%%%%%",
        "%%%%%%%%%%%%%%%%%%%%%%%%",
        "%%%%%%%%%%%%%%%%%%%%%%%%",
        "%%%%%%%%%%%%%%%%%%%%%%%%"
      ],
      "terrain": {
        " ": "t_dirt",
        ".": "t_thconc_floor",
        "!": "t_column_halfway",
        "W": "t_wall_glass",
        "%": "t_concrete_wall",
        ">": "t_stairs_down",
        "<": "t_stairs_up",
        "`": "t_BL9_hole",
        "?": [ "t_door_metal_c", "t_door_metal_c", "t_door_metal_c", "t_door_metal_c", "t_door_metal_o" ],
        "i": "t_card_industrial",
        "L": "t_door_metal_locked",
        "w": "t_water_dp",
        "g": "t_vat",
        "q": "t_sewage_pipe"
      },
      "furniture": {
        "e": "f_crate_c",
        "c": "f_filing_cabinet",
        "$": "f_server",
        "l": "f_locker",
        "b": "f_HPLC",
        "h": "f_sample_freezer",
        "j": "f_autoclave",
        "v": "f_NMR",
        "N": "f_MRI",
        "V": "f_scan_bed",
        "n": "f_counter",
        "t": "f_BL9_floor_olight",
        "O": "f_fridge",
        "a": "f_air_conditioner",
        "T": "f_console",
        "Y": "f_console_broken"
      },
      "items": {
        "e": { "item": "BL9_treasure_search2", "chance": 100, "repeat": [ 1, 1 ] },
        "c": { "item": "BL9_treasure_search2", "chance": 100, "repeat": [ 1, 1 ] },
        "l": { "item": "army_personal_locker", "chance": 80, "repeat": [ 1, 1 ] }
      },
      "place_item": [ { "item": "id_industrial", "x": 12, "y": 3 } ],
      "place_monster": [
        { "monster": "mon_BL9_mutant_evo_3", "x": 7, "y": 12 },
        { "monster": "mon_BL9_regen", "x": 9, "y": 12 },
        { "monster": "mon_BL9_mutant_evo_2", "x": 19, "y": 18 },
        { "monster": "mon_BL9_regen", "x": 15, "y": 15 },
        { "monster": "mon_BL9_mutant_evo_2", "x": 18, "y": 12 },
        { "monster": "mon_BL9_mutant_evo_2", "x": 14, "y": 20 },
        { "monster": "mon_BL9_mutant_evo_2", "x": 5, "y": 6 },
        { "monster": "mon_BL9_mutant_evo_3", "x": 10, "y": 6 },
        { "monster": "mon_BL9_mutant_evo_3", "x": 16, "y": 6 },
        { "monster": "mon_BL9_regen", "x": 22, "y": 6 }
      ]
    }
  },
  {
    "type": "mapgen",
    "om_terrain": [ "BL9_Island_Communicationtower" ],
    "method": "json",
    "weight": 100,
    "object": {
      "fill_ter": "t_rock_floor",
      "rows": [
        "%%%%%%%%%%%%%%%%%%%%%%%%",
        "%%%%%%eO1$$TT$$1c%%%%%%%",
        "%%%%%%a111111111c%%%%%%%",
        "%%%%%%l1111t1111l%%%%%%%",
        "%%%%%%a1e111111eO%%%%%%%",
        "%%%%%%%%%%%?%%%%%%%%%%%%",
        "````````h......h````````",
        "````````h...t..h````qq``",
        "``mm````h......h```qmmq`",
        "``mm````h......h```qmmq`",
        "````````h......h````qq``",
        "````````h......h````qq``",
        "``mm````h......h```qmmq`",
        "``mm````h...t..h```qmmq`",
        "````````h......h````qq``",
        "````````h......h````qq``",
        "``mm````h......h```qmmq`",
        "``mm````h......h```qmmq`",
        "````````h...t..h````qq``",
        "``qq````h......h````````",
        "`qmmq```h......h````mm``",
        "`qmmq```h......h```qmmq`",
        "``qq````h......h````qq``",
        "%%%%%%%%%%%%.%%%%%%%%%%%"
      ],
      "terrain": {
        " ": "t_dirt",
        ".": "t_metal_floor",
        "!": "t_column_halfway",
        "W": "t_fence_wire",
        "%": "t_concrete_wall",
        ">": "t_stairs_down",
        "<": "t_stairs_up",
        "`": "t_BL9_hole",
        "h": "t_guardrail_bg_dp",
        "?": [ "t_door_metal_c", "t_door_metal_c", "t_door_metal_c", "t_door_metal_c", "t_door_metal_o" ],
        "i": "t_card_industrial",
        "L": "t_door_metal_locked",
        "1": "t_thconc_floor",
        "q": "t_radio_tower"
      },
      "furniture": {
        "e": "f_crate_c",
        "s": "f_sandbag_half",
        "b": "f_30gal_firebarrel",
        "c": "f_filing_cabinet",
        "$": "f_server",
        "l": "f_locker",
        "n": "f_counter",
        "v": "f_table",
        "y": "f_chair",
        "t": "f_BL9_floor_olight",
        "o": "f_oven",
        "O": "f_fridge",
        "a": "f_air_conditioner",
        "m": "f_machinery_heavy",
        "T": "f_console",
        "Y": "f_console_broken"
      },
      "items": {
        "e": { "item": "BL9_treasure_search2", "chance": 100, "repeat": [ 1, 1 ] },
        "c": { "item": "BL9_treasure_search2", "chance": 100, "repeat": [ 1, 1 ] },
        "l": { "item": "army_personal_locker", "chance": 80, "repeat": [ 1, 1 ] }
      },
      "place_item": [ { "item": "id_science", "x": 14, "y": 3 } ],
      "place_monster": [
        { "monster": "mon_BL9_military_cut", "x": 9, "y": 3 },
        { "monster": "mon_BL9_military_stab", "x": 13, "y": 9 },
        { "monster": "mon_BL9_military_behemoth_minigun", "x": 11, "y": 11 },
        { "monster": "mon_BL9_military_crossbow", "x": 13, "y": 12 },
        { "monster": "mon_BL9_military_bash", "x": 12, "y": 13 },
        { "monster": "mon_BL9_military_cut", "x": 12, "y": 14 },
        { "monster": "mon_BL9_mutant_evo_1", "x": 13, "y": 15 },
        { "monster": "mon_BL9_military_crossbow", "x": 11, "y": 16 },
        { "monster": "mon_BL9_military_stab", "x": 11, "y": 17 },
        { "monster": "mon_BL9_military_bash", "x": 12, "y": 18 },
        { "monster": "mon_BL9_military_behemoth", "x": 13, "y": 19 },
        { "monster": "mon_BL9_mutant_evo_1", "x": 12, "y": 20 },
        { "monster": "mon_BL9_military_bash", "x": 12, "y": 21 }
      ]
    }
  },
  {
    "type": "mapgen",
    "om_terrain": [ "BL9_Island_Waste1" ],
    "method": "json",
    "weight": 100,
    "object": {
      "fill_ter": "t_rock_floor",
      "rows": [
        "%%%%%%%%%%%%%%%%%%%%%%%%",
        "%.o..o.eo%.eto.e.%%%%%%%",
        "i........?......o%%%%%%%",
        "L........%o......%%%%%%%",
        "%t..o.ee.%......e%%%%%%%",
        "%%%%%%%%%%%.....%%%%%%%%",
        "%%%%%%%Woo......toooW%%%",
        "%%%%%%%Wo..........oW%%%",
        "%%%%%%%Wt...........W%%%",
        "%%%%%%%W``````..````W%%%",
        "%%%%%%%W``````..````W%%%",
        "%%%%%%%W``````..````W%%%",
        "%%%%%%%W``````..````W%%%",
        "%%%%%%%W``````..````W%%%",
        "%%%%%%%W``````..````W%%%",
        "%%%%%%%Wt.........toW%%%",
        "%%%%%%%W.oo......o..W%%%",
        "%%%%%%%%%%%WW?WW%%%%%%%%",
        "%Weoeoo..W....t.o%%%%%%%",
        "%o.......W......e%%%%%%%",
        "%Wt......?......o%%%%%%%",
        "%o...<...%.o.o..o%%%%%%%",
        "%W.o...o.%%%%%%%%%%%%%%%",
        "%%%%%%%%%%%%%%%%%%%%%%%%"
      ],
      "terrain": {
        " ": "t_dirt",
        ".": "t_metal_floor",
        "!": "t_column_halfway",
        "W": "t_fence_wire",
        "%": "t_concrete_wall",
        ">": "t_stairs_down",
        "<": "t_stairs_up",
        "`": "t_BL9_hole",
        "h": "t_little_column",
        "?": [ "t_door_metal_c", "t_door_metal_c", "t_door_metal_c", "t_door_metal_c", "t_door_metal_o" ],
        "i": "t_card_industrial",
        "L": "t_door_metal_locked",
        "1": "t_thconc_floor"
      },
      "furniture": {
        "e": "f_crate_c",
        "s": "f_sandbag_half",
        "b": "f_30gal_firebarrel",
        "c": "f_filing_cabinet",
        "$": "f_server",
        "l": "f_locker",
        "n": "f_counter",
        "v": "f_table",
        "y": "f_chair",
        "t": "f_BL9_floor_olight",
        "o": "f_wreckage",
        "a": "f_air_conditioner",
        "T": "f_console",
        "Y": "f_console_broken"
      },
      "items": { "e": { "item": "BL9_treasure_search2", "chance": 100, "repeat": [ 1, 1 ] } },
      "place_item": [ { "item": "id_industrial", "x": 5, "y": 4 } ],
      "place_monster": [
        { "monster": "mon_BL9_mutant_evo_3", "x": 5, "y": 20 },
        { "monster": "mon_BL9_mutant_evo_3", "x": 9, "y": 19 },
        { "monster": "mon_BL9_mutant_evo_3", "x": 9, "y": 23 },
        { "monster": "mon_BL9_regen_spiky", "x": 13, "y": 20 },
        { "monster": "mon_BL9_mutant_evo_1", "x": 16, "y": 13 },
        { "monster": "mon_BL9_regen_spiky", "x": 14, "y": 6 },
        { "monster": "mon_BL9_mutant_evo_2", "x": 5, "y": 4 },
        { "monster": "mon_BL9_mutant_evo_2", "x": 7, "y": 2 },
        { "monster": "mon_BL9_regen_spiky", "x": 4, "y": 2 }
      ]
    }
  },
  {
    "type": "mapgen",
    "om_terrain": [ "BL9_Island_Waste2" ],
    "method": "json",
    "weight": 100,
    "object": {
      "fill_ter": "t_rock_floor",
      "rows": [
        "%%%%%%%%%%%%%%%%%%%%%%%%",
        "%%W.oto.oooto.o.%%%%%%%%",
        "%%Wo............WWWWWWWW",
        "%%Wo....................",
        "%%W.o...........WWWWWWWW",
        "%%%%%%%W........%%%%%%%%",
        "%%%%%%%We........eoeW%%%",
        "%%%%%%%Wo..........eW%%%",
        "%%%%%%%Weoe.t...oe.tW%%%",
        "%%%%%%%%%%%%%%?%%%%%%%%%",
        "%%%Wo.oo.to......otoW%%%",
        "%%%W...............eW%%%",
        "%%%Wo..............eW%%%",
        "%%%We..ssssssssss..eW%%%",
        "%%%Wo..ssssssssss...W%%%",
        "%%%W...ssssWWssss..oW%%%",
        "%%%Wo..sssWmmWsss..eW%%%",
        "%%%W...sssWmmWsss..oW%%%",
        "%%%Wo..ssssWWssss...W%%%",
        "%%%Wo..ssssssssss..oW%%%",
        "%%%We..ssssssssss..oW%%%",
        "%%%W...............eW%%%",
        "%%%W.t..cl$T$.c.>t..W%%%",
        "%%%%%%%%%%%%%%%%%%%%%%%%"
      ],
      "terrain": {
        " ": "t_dirt",
        ".": "t_metal_floor",
        "!": "t_column_halfway",
        "W": "t_fence_wire",
        "%": "t_concrete_wall",
        ">": "t_stairs_down",
        "<": "t_stairs_up",
        "`": "t_BL9_hole",
        "h": "t_little_column",
        "?": [ "t_door_metal_c", "t_door_metal_c", "t_door_metal_c", "t_door_metal_c", "t_door_metal_o" ],
        "i": "t_card_industrial",
        "L": "t_door_metal_locked",
        "1": "t_thconc_floor",
        "q": "t_guardrail_bg_dp"
      },
      "furniture": {
        "e": "f_crate_c",
        "s": "f_BL9_lava",
        "b": "f_30gal_firebarrel",
        "c": "f_filing_cabinet",
        "$": "f_server",
        "l": "f_locker",
        "n": "f_counter",
        "v": "f_table",
        "y": "f_chair",
        "t": "f_BL9_floor_olight",
        "o": "f_wreckage",
        "a": "f_air_conditioner",
        "m": "f_machinery_heavy",
        "T": "f_console",
        "Y": "f_console_broken"
      },
      "items": {
        "e": { "item": "BL9_treasure_search2", "chance": 100, "repeat": [ 1, 1 ] },
        "c": { "item": "BL9_treasure_search2", "chance": 100, "repeat": [ 1, 1 ] },
        "l": { "item": "army_personal_locker", "chance": 80, "repeat": [ 1, 1 ] }
      },
      "place_monster": [
        { "monster": "mon_BL9_military_cut", "x": 12, "y": 4 },
        { "monster": "mon_BL9_military_crossbow", "x": 11, "y": 5 },
        { "monster": "mon_BL9_military_shockrod", "x": 10, "y": 6 },
        { "monster": "mon_BL9_military_behemoth", "x": 10, "y": 7 },
        { "monster": "mon_BL9_military_bash", "x": 16, "y": 9 },
        { "monster": "mon_BL9_military_cut", "x": 7, "y": 16 },
        { "monster": "mon_BL9_military_stab", "x": 7, "y": 17 },
        { "monster": "mon_BL9_military_behemoth_minigun", "x": 7, "y": 18 },
        { "monster": "mon_BL9_military_stab", "x": 18, "y": 16 },
        { "monster": "mon_BL9_military_shockrod", "x": 18, "y": 17 },
        { "monster": "mon_BL9_military_behemoth", "x": 18, "y": 18 },
        { "monster": "mon_BL9_military_shockrod", "x": 10, "y": 22 },
        { "monster": "mon_BL9_military_bash", "x": 15, "y": 22 },
        { "monster": "mon_BL9_military_cut", "x": 19, "y": 21 },
        { "monster": "mon_BL9_military_behemoth_minigun", "x": 5, "y": 23 },
        { "monster": "mon_BL9_military_crossbow", "x": 14, "y": 23 }
      ]
    }
  },
  {
    "type": "mapgen",
    "om_terrain": [ "BL9_Island_Basement1" ],
    "method": "json",
    "weight": 100,
    "object": {
      "fill_ter": "t_rock_floor",
      "rows": [
        "%%%%%%%%%%%%%%%%%%%%%%%%",
        "%.cc......ll%.<t..%%%%%%",
        "%....ssss..t%....n%n..t%",
        "%t...ssss...?....n%....%",
        "%.lc......cl%%?%%%%m...%",
        "%%%%%%%%%%%%%....%%%%%?%",
        "%%%%.slc.%%nW....WmmW..%",
        "%%%%s.t.l%%mW....WnnW..%",
        "%%%%s...c%%NW..t.WmmW..%",
        "%%%%s...l%%%%....%%%%..%",
        "%%t.........%....%%..t.%",
        "%%..yvvvvy..%....%%..%%%",
        "%%..yvvvvy..?..t.?...%%%",
        "%%t.........%....%%%%%%%",
        "%%%%%%%%%%%%%....%%%%%%%",
        "%%%%ss%%%%%%%%%Li%%%%%%%",
        "%...tt......%t......Wnm%",
        "%.%%..%WW%el%.......Wmn%",
        "%c%%..Wnm%%%%m.....t%%%%",
        "%%%%..WWW%%%%.......L...",
        "%mW........t?.......i%%%",
        "%nW..l.c.ss.%.n.o%WW%W%%",
        "%%%%%%%%%%%%%%%%%%nmmn%%",
        "%%%%%%%%%%%%%%%%%%%%%%%%"
      ],
      "terrain": {
        " ": "t_dirt",
        ".": "t_thconc_floor",
        "!": "t_column_halfway",
        "W": "t_fence_wire",
        "%": "t_concrete_wall",
        ">": "t_stairs_down",
        "<": "t_stairs_up",
        "`": "t_BL9_hole",
        "h": "t_little_column",
        "?": [ "t_door_metal_c", "t_door_metal_c", "t_door_metal_c", "t_door_metal_c", "t_door_metal_o" ],
        "i": "t_card_industrial",
        "L": "t_door_metal_locked"
      },
      "furniture": {
        "e": "f_crate_c",
        "s": "f_warehouse_shelf",
        "b": "f_30gal_firebarrel",
        "c": "f_filing_cabinet",
        "$": "f_server",
        "l": "f_locker",
        "v": "f_table",
        "y": "f_chair",
        "t": "f_BL9_floor_olight",
        "a": "f_air_conditioner",
        "m": "f_machinery_heavy",
        "n": "f_machinery_electronic",
        "T": "f_console",
        "Y": "f_console_broken"
      },
      "items": {
        "e": { "item": "BL9_treasure_search2", "chance": 100, "repeat": [ 1, 1 ] },
        "c": { "item": "BL9_treasure_search2", "chance": 100, "repeat": [ 1, 1 ] },
        "l": { "item": "army_personal_locker", "chance": 80, "repeat": [ 1, 1 ] }
      },
      "place_item": [
        { "item": "id_industrial", "x": 21, "y": 4 },
        { "item": "id_industrial", "x": 9, "y": 17 },
        { "item": "BL9_agent_note19", "x": 14, "y": 2 },
        { "item": "BL9_master_note4", "x": 16, "y": 19 }
      ],
      "place_npcs": [ { "class": "BL9_trader", "x": 18, "y": 2, "add_trait": "BL9_TRADER" } ],
      "place_monster": [
        { "monster": "mon_BL9_mutant_evo_3", "x": 3, "y": 4 },
        { "monster": "mon_BL9_mutant_evo_2", "x": 7, "y": 5 },
        { "monster": "mon_BL9_mutant_evo_1", "x": 9, "y": 2 },
        { "monster": "mon_BL9_regen_spiky", "x": 15, "y": 10 },
        { "monster": "mon_BL9_mutant_evo_2", "x": 6, "y": 8 },
        { "monster": "mon_BL9_mutant_evo_1", "x": 7, "y": 11 },
        { "monster": "mon_BL9_mutant_evo_3", "x": 9, "y": 14 },
        { "monster": "mon_BL9_mutant_evo_2", "x": 11, "y": 11 },
        { "monster": "mon_BL9_regen_spiky", "x": 23, "y": 7 },
        { "monster": "mon_BL9_mutant_evo_1", "x": 16, "y": 18 },
        { "monster": "mon_BL9_mutant_evo_3", "x": 14, "y": 21 },
        { "monster": "mon_BL9_mutant_evo_3", "x": 19, "y": 18 },
        { "monster": "mon_BL9_mutant_evo_1", "x": 5, "y": 21 },
        { "monster": "mon_BL9_regen_spiky", "x": 6, "y": 18 },
        { "monster": "mon_BL9_mutant_evo_3", "x": 12, "y": 17 }
      ]
    }
  },
  {
    "type": "mapgen",
    "om_terrain": [ "BL9_Island_Basement2" ],
    "method": "json",
    "weight": 100,
    "object": {
      "fill_ter": "t_rock_floor",
      "rows": [
        "%%%%%%nmW.......Wmn%%%%%",
        "%%%%%nmW........Wnm%%%%%",
        "%%%%%mnW....t...WmnWWWWW",
        "%%%%%%mnW.......Wnm%%%%%",
        "%%%%%%%mnW......Wmn%%%%%",
        "%%%%%%%nmnW.....Wnm%%%%%",
        "%%%%%%%%nmnWt....Wnm%%%%",
        "%%%%%%%%mnmW?????Wmn%%%%",
        "%%%%%%%%nmW......Wnm%%%%",
        "%%%%%%%nnW......Wnm%%%%%",
        "%%%%%mnmW.......Wmn%%%%%",
        "%%%%%nmnW......Wmnm%%%%%",
        "%%%%%mnmW......Wnmn%%%%%",
        "%%%%%nmnW...t..Wmnm%%%%%",
        "%%%%%mnmW......Wnmn%%%%%",
        "%%%%%nmnW......Wmnm%%%%%",
        "%%%WWWWWW......WWWWWW%%%",
        "%%%W.aao........ao.oW%%%",
        "%%%We..............oW%%%",
        ".....t......t.....t.W%%%",
        "%%%W...............oW%%%",
        "%%%W.e.ee..eaoe.ee.eW%%%",
        "%%%WWWWWWWWWWWWWWWWWW%%%",
        "%%%%%%%%%%%%%%%%%%%%%%%%"
      ],
      "terrain": {
        " ": "t_dirt",
        ".": "t_metal_floor",
        "!": "t_column_halfway",
        "W": "t_fence_wire",
        "%": "t_concrete_wall",
        ">": "t_stairs_down",
        "<": "t_stairs_up",
        "`": "t_BL9_hole",
        "h": "t_little_column",
        "?": [ "t_door_metal_c", "t_door_metal_c", "t_door_metal_c", "t_door_metal_c", "t_door_metal_o" ],
        "i": "t_card_industrial",
        "L": "t_door_metal_locked",
        "1": "t_thconc_floor",
        "q": "t_guardrail_bg_dp"
      },
      "furniture": {
        "e": "f_crate_c",
        "s": "f_BL9_lava",
        "b": "f_30gal_firebarrel",
        "c": "f_filing_cabinet",
        "$": "f_server",
        "l": "f_locker",
        "v": "f_table",
        "y": "f_chair",
        "t": "f_BL9_floor_olight",
        "o": "f_wreckage",
        "a": "f_air_conditioner",
        "n": "f_machinery_electronic",
        "m": "f_machinery_heavy",
        "T": "f_console",
        "Y": "f_console_broken"
      },
      "items": { "e": { "item": "BL9_treasure_search2", "chance": 100, "repeat": [ 1, 1 ] } },
      "place_monster": [
        { "monster": "mon_BL9_military_cut", "x": 11, "y": 19 },
        { "monster": "mon_BL9_military_crossbow", "x": 12, "y": 19 },
        { "monster": "mon_BL9_military_shockrod", "x": 14, "y": 19 },
        { "monster": "mon_BL9_military_crossbow", "x": 15, "y": 19 },
        { "monster": "mon_BL9_military_bash", "x": 10, "y": 14 },
        { "monster": "mon_BL9_military_cut", "x": 11, "y": 14 },
        { "monster": "mon_BL9_mutant_evo_1", "x": 14, "y": 14 },
        { "monster": "mon_BL9_military_crossbow", "x": 15, "y": 14 },
        { "monster": "mon_BL9_military_stab", "x": 15, "y": 8 },
        { "monster": "mon_BL9_military_bash", "x": 16, "y": 8 },
        { "monster": "mon_BL9_military_shockrod", "x": 17, "y": 8 },
        { "monster": "mon_BL9_military_shockrod", "x": 9, "y": 3 },
        { "monster": "mon_BL9_military_bash", "x": 10, "y": 3 },
        { "monster": "mon_BL9_military_cut", "x": 11, "y": 3 },
        { "monster": "mon_BL9_mutant_evo_3", "x": 12, "y": 3 },
        { "monster": "mon_BL9_military_cut", "x": 14, "y": 3 },
        { "monster": "mon_BL9_military_crossbow", "x": 15, "y": 3 },
        { "monster": "mon_BL9_military_cut", "x": 16, "y": 3 }
      ]
    }
  },
  {
    "type": "mapgen",
    "om_terrain": [ "BL9_Island_Basement3" ],
    "method": "json",
    "weight": 100,
    "object": {
      "fill_ter": "t_rock_floor",
      "rows": [
        "%%%%nmnW..........W%%%%%",
        "%%%%mnmW..........W%%%%%",
        "%%%%nmnW....t....Wnmn%%%",
        "%%%%%mnmW.......Wmnm%%%%",
        "%%%%%%nmnW......Wnmn%%%%",
        "%%%%%%%mnmWt.....Wmnm%%%",
        "%%%%%%nmnW........Wnmn%%",
        "%%%%%mnmW.........Wmnm%%",
        "%%%%nmnW.........tWnmn%%",
        "%%%mnmW..........Wmnm%%%",
        "%%nmnWt.........Wnmn%%%%",
        "%mnmW??????????Wmnm%%%%%",
        "%%nmnW.........Wnmn%%%%%",
        "%%%mnmW.......Wmnm%%%%%%",
        "%%%%nmnW.......Wnmn%%%%%",
        "%%%%%mnmWt......Wmnm%%%%",
        "%%%%%%nmnW.......Wnmn%%%",
        "%%%%%%%mnmW.......Wmnm%%",
        "%%%%%%%%nmnW.......Wnmn%",
        "%%%%%%%%%mnmW......tWnm%",
        "%%%%%%%%nmnW......Wmnm%%",
        "%%%%%%%mnmW......Wnmn%%%",
        "%%%%%%nmnW......Wmnm%%%%",
        "%%%%%mnmW...t...Wnmn%%%%"
      ],
      "terrain": {
        " ": "t_dirt",
        ".": "t_metal_floor",
        "!": "t_column_halfway",
        "W": "t_fence_wire",
        "%": "t_concrete_wall",
        ">": "t_stairs_down",
        "<": "t_stairs_up",
        "`": "t_BL9_hole",
        "h": "t_little_column",
        "?": [ "t_door_metal_c", "t_door_metal_c", "t_door_metal_c", "t_door_metal_c", "t_door_metal_o" ],
        "i": "t_card_industrial",
        "L": "t_door_metal_locked",
        "1": "t_thconc_floor",
        "q": "t_guardrail_bg_dp"
      },
      "furniture": {
        "e": "f_crate_c",
        "s": "f_BL9_lava",
        "b": "f_30gal_firebarrel",
        "c": "f_filing_cabinet",
        "$": "f_server",
        "l": "f_locker",
        "v": "f_table",
        "y": "f_chair",
        "t": "f_BL9_floor_olight",
        "o": "f_wreckage",
        "a": "f_air_conditioner",
        "n": "f_machinery_electronic",
        "m": "f_machinery_heavy",
        "T": "f_console",
        "Y": "f_console_broken"
      },
      "place_monster": [
        { "monster": "mon_BL9_military_cut", "x": 15, "y": 20 },
        { "monster": "mon_BL9_military_stab", "x": 16, "y": 20 },
        { "monster": "mon_BL9_military_shockrod", "x": 17, "y": 20 },
        { "monster": "mon_BL9_military_crossbow", "x": 18, "y": 20 },
        { "monster": "mon_BL9_military_bash", "x": 12, "y": 16 },
        { "monster": "mon_BL9_military_cut", "x": 13, "y": 16 },
        { "monster": "mon_BL9_military_crossbow", "x": 14, "y": 16 },
        { "monster": "mon_BL9_military_crossbow", "x": 9, "y": 12 },
        { "monster": "mon_BL9_military_stab", "x": 10, "y": 12 },
        { "monster": "mon_BL9_military_bash", "x": 11, "y": 12 },
        { "monster": "mon_BL9_military_shockrod", "x": 14, "y": 8 },
        { "monster": "mon_BL9_military_shockrod", "x": 15, "y": 8 },
        { "monster": "mon_BL9_military_crossbow", "x": 16, "y": 8 },
        { "monster": "mon_BL9_military_cut", "x": 11, "y": 4 },
        { "monster": "mon_BL9_mutant_evo_3", "x": 12, "y": 4 },
        { "monster": "mon_BL9_military_crossbow", "x": 13, "y": 4 },
        { "monster": "mon_BL9_mutant_evo_3", "x": 14, "y": 4 },
        { "monster": "mon_BL9_military_cut", "x": 15, "y": 4 }
      ]
    }
  },
  {
    "type": "mapgen",
    "om_terrain": [ "BL9_Island_Basement4" ],
    "method": "json",
    "weight": 100,
    "object": {
      "fill_ter": "t_rock_floor",
      "rows": [
        "%%%%%%%%%%%%%%%%%%%%%%%%",
        "%%%%%Wn......<.....mW%%%",
        "%%%%%Wm......t.....nW%%%",
        "%%%%%We............eW%%%",
        "%%%%%W.......t......W%%%",
        "%%%%%W......mem.....W%%%",
        "%%%%%Wm.....%%%....nW%%%",
        "%%%%%We.....nen....eW%%%",
        "%%%%%We......t.....eW%%%",
        "%%%%%W..............W%%%",
        "%%%%%Wm......t.....nW%%%",
        "%%%%%We............eW%%%",
        "%%%%%Wn............mW%%%",
        "%%%%%W......eme.....W%%%",
        "%%%%%W%%%%?%%%%%?%%%W%%%",
        "%%%%%W......ene.....W%%%",
        "%%%%%Wm............nW%%%",
        "%%%%%Wn............mW%%%",
        "%%%%%We......t.....eW%%%",
        "%%%%%W..............W%%%",
        "%%%%%Wn............mW%%%",
        "%%%%%We......t.....eW%%%",
        "%%%%%Wm............nW%%%",
        "%%%%%W..............W%%%"
      ],
      "terrain": {
        " ": "t_dirt",
        ".": "t_metal_floor",
        "!": "t_column_halfway",
        "W": "t_fence_wire",
        "%": "t_concrete_wall",
        ">": "t_stairs_down",
        "<": "t_stairs_up",
        "`": "t_BL9_hole",
        "h": "t_little_column",
        "?": [ "t_door_metal_c", "t_door_metal_c", "t_door_metal_c", "t_door_metal_c", "t_door_metal_o" ],
        "i": "t_card_industrial",
        "L": "t_door_metal_locked",
        "1": "t_thconc_floor",
        "q": "t_guardrail_bg_dp"
      },
      "furniture": {
        "e": "f_crate_c",
        "s": "f_BL9_lava",
        "b": "f_30gal_firebarrel",
        "c": "f_filing_cabinet",
        "$": "f_server",
        "l": "f_locker",
        "v": "f_table",
        "y": "f_chair",
        "t": "f_BL9_floor_olight",
        "o": "f_wreckage",
        "a": "f_air_conditioner",
        "n": "f_machinery_electronic",
        "m": "f_machinery_heavy",
        "T": "f_console",
        "Y": "f_console_broken"
      },
      "items": { "e": { "item": "BL9_treasure_search2", "chance": 100, "repeat": [ 1, 1 ] } },
      "place_npcs": [ { "class": "BL9_trader", "x": 16, "y": 2, "add_trait": "BL9_TRADER" } ],
      "place_monster": [
        { "monster": "mon_BL9_military_behemoth", "x": 11, "y": 20 },
        { "monster": "mon_BL9_military_stab", "x": 17, "y": 20 },
        { "monster": "mon_BL9_mutant_evo_1", "x": 12, "y": 16 },
        { "monster": "mon_BL9_military_crossbow", "x": 17, "y": 16 },
        { "monster": "mon_BL9_military_bash", "x": 17, "y": 13 },
        { "monster": "mon_BL9_military_cut", "x": 12, "y": 13 },
        { "monster": "mon_BL9_military_crossbow", "x": 17, "y": 12 },
        { "monster": "mon_BL9_military_crossbow", "x": 12, "y": 12 },
        { "monster": "mon_BL9_military_stab", "x": 12, "y": 7 },
        { "monster": "mon_BL9_military_bash", "x": 17, "y": 7 },
        { "monster": "mon_BL9_military_behemoth", "x": 12, "y": 6 },
        { "monster": "mon_BL9_mutant_evo_1", "x": 17, "y": 6 },
        { "monster": "mon_BL9_military_bash", "x": 11, "y": 3 },
        { "monster": "mon_BL9_military_cut", "x": 17, "y": 3 },
        { "monster": "mon_BL9_military_crossbow", "x": 13, "y": 2 },
        { "monster": "mon_BL9_military_cut", "x": 15, "y": 2 }
      ]
    }
  },
  {
    "type": "mapgen",
    "om_terrain": [ "BL9_Island_Basement5" ],
    "method": "json",
    "weight": 100,
    "object": {
      "fill_ter": "t_rock_floor",
      "rows": [
        "%%%%%%%%%%%%%%%%%%%%%%%%",
        "%%%%nW```....<....``Wm%%",
        "%%%%mW```....t....``Wn%%",
        "%%%%mW```.........``Wn%%",
        "%%%%%W```....t....``W%%%",
        "%%%%%W```...mem...``W%%%",
        "%%%%mW```...bbb...``Wn%%",
        "%%%%nW```...b.b...``Wn%%",
        "%%%%mW```...bbb...``Wm%%",
        "%%%%%W```...nen...``W%%%",
        "%%%%nW```....t....``Wm%%",
        "%%%%mW```.........``Wn%%",
        "%%%%nW```.........``Wm%%",
        "%%%%%W```...eme...``W%%%",
        "%%%%%W%%%%?%bbb%?%%%W%%%",
        "%%%%%W```...b.b...``W%%%",
        "%%%%mW```...bbb...``Wn%%",
        "%%%%nW```...ene...``Wm%%",
        "%%%%nW```....t....``Wm%%",
        "%%%%%W```.........``W%%%",
        "%%%%nW```.........``Wm%%",
        "%%%%mW```....t....``Wn%%",
        "%%%%mW```....>....``Wn%%",
        "%%%%%%%%%%%%%%%%%%%%%%%%"
      ],
      "terrain": {
        " ": "t_dirt",
        ".": "t_metal_floor",
        "!": "t_column_halfway",
        "W": "t_fence_wire",
        "%": "t_concrete_wall",
        ">": "t_stairs_down",
        "<": "t_stairs_up",
        "`": "t_BL9_hole",
        "h": "t_little_column",
        "?": [ "t_door_metal_c", "t_door_metal_c", "t_door_metal_c", "t_door_metal_c", "t_door_metal_o" ],
        "i": "t_card_industrial",
        "L": "t_door_metal_locked",
        "1": "t_thconc_floor",
        "b": "t_sewage_pipe",
        "q": "t_guardrail_bg_dp"
      },
      "furniture": {
        "e": "f_crate_c",
        "s": "f_BL9_lava",
        "c": "f_filing_cabinet",
        "$": "f_server",
        "l": "f_locker",
        "v": "f_table",
        "y": "f_chair",
        "t": "f_BL9_floor_olight",
        "o": "f_wreckage",
        "a": "f_air_conditioner",
        "n": "f_machinery_electronic",
        "m": "f_machinery_heavy",
        "T": "f_console",
        "Y": "f_console_broken"
      },
      "items": { "e": { "item": "BL9_treasure_search2", "chance": 100, "repeat": [ 1, 1 ] } },
      "place_item": [ { "item": "BL9_agent_note20", "x": 17, "y": 8 }, { "item": "BL9_master_note5", "x": 11, "y": 8 } ],
      "place_monster": [
        { "monster": "mon_BL9_military_cut", "x": 11, "y": 20 },
        { "monster": "mon_BL9_military_behemoth_minigun", "x": 17, "y": 20 },
        { "monster": "mon_BL9_mutant_evo_1", "x": 12, "y": 16 },
        { "monster": "mon_BL9_military_crossbow", "x": 17, "y": 16 },
        { "monster": "mon_BL9_military_bash", "x": 17, "y": 13 },
        { "monster": "mon_BL9_military_cut", "x": 12, "y": 13 },
        { "monster": "mon_BL9_mutant_evo_1", "x": 17, "y": 12 },
        { "monster": "mon_BL9_military_crossbow", "x": 12, "y": 12 },
        { "monster": "mon_BL9_military_stab", "x": 12, "y": 7 },
        { "monster": "mon_BL9_military_bash", "x": 17, "y": 7 },
        { "monster": "mon_BL9_military_behemoth_minigun", "x": 12, "y": 6 },
        { "monster": "mon_BL9_mutant_evo_1", "x": 17, "y": 6 },
        { "monster": "mon_BL9_military_bash", "x": 11, "y": 3 },
        { "monster": "mon_BL9_military_cut", "x": 17, "y": 3 },
        { "monster": "mon_BL9_mutant_evo_3", "x": 13, "y": 2 },
        { "monster": "mon_BL9_military_crossbow", "x": 15, "y": 2 }
      ]
    }
  },
  {
    "type": "mapgen",
    "om_terrain": [ "BL9_Island_OutsideCamp1" ],
    "method": "json",
    "weight": 100,
    "object": {
      "fill_ter": "t_rock_floor",
      "rows": [
        "%%%%%%%%%%%%%%%%%%%%%%%%",
        "%a..e.b.e.a.e.e.eae.e..%",
        "%e.........y...........%",
        "%........yvvvy.........L",
        "%...b......y.....b.....i",
        "%..jjjjjj......jjjjjj..%",
        "%..jtYmnj......jnmYtj..%",
        "%..j....jssssssj....jb.%",
        "%.bj...ej......je...j..%",
        "%..jj?jjj......jj?jjj..%",
        "%......................%",
        "%..sssss.sssss.sssss..b%",
        "%..sb..s.s.b.s.se..s...%",
        "%..s..es.se..s.s..bs..b%",
        "%b.sssss.sssss.sssss...%",
        "%......................%",
        "%``````````....````````%",
        "%``````````....````````%",
        "%``````````....````````%",
        "%``````````....````````%",
        "%``````````....````````%",
        "%``````````....````````%",
        "%``````````..>.````````%",
        "%%%%%%%%%%%%%%%%%%%%%%%%"
      ],
      "terrain": {
        " ": "t_dirt",
        ".": "t_BL9uniqmazing_fl_azurblue",
        "!": "t_column_halfway",
        "W": "t_fence_wire",
        "%": "t_BL9_rockblue",
        ">": "t_stairs_down",
        "<": "t_stairs_up",
        "`": "t_water_dp",
        "?": [ "t_door_metal_c", "t_door_metal_c", "t_door_metal_c", "t_door_metal_c", "t_door_metal_o" ],
        "i": "t_card_industrial",
        "L": "t_door_metal_locked",
        "j": "t_concrete_wall",
        "q": "t_guardrail_bg_dp"
      },
      "furniture": {
        "e": "f_crate_c",
        "c": "f_filing_cabinet",
        "$": "f_server",
        "l": "f_locker",
        "v": "f_table",
        "y": "f_chair",
        "t": "f_BL9_long_torch",
        "o": "f_wreckage",
        "a": "f_air_conditioner",
        "s": "f_sandbag_half",
        "b": "f_30gal_firebarrel",
        "n": "f_machinery_electronic",
        "m": "f_machinery_heavy",
        "T": "f_console",
        "Y": "f_console_broken"
      },
      "items": { "e": { "item": "BL9_treasure_search2", "chance": 100, "repeat": [ 1, 1 ] } },
      "place_item": [ { "item": "id_industrial", "x": 19, "y": 8 } ],
      "place_monster": [
        { "monster": "mon_BL9_military_behemoth", "x": 5, "y": 14 },
        { "monster": "mon_BL9_military_stab", "x": 6, "y": 14 },
        { "monster": "mon_BL9_military_shockrod", "x": 7, "y": 13 },
        { "monster": "mon_BL9_military_crossbow", "x": 12, "y": 14 },
        { "monster": "mon_BL9_military_bash", "x": 13, "y": 14 },
        { "monster": "mon_BL9_military_cut", "x": 11, "y": 13 },
        { "monster": "mon_BL9_military_behemoth_minigun", "x": 17, "y": 14 },
        { "monster": "mon_BL9_military_crossbow", "x": 18, "y": 14 },
        { "monster": "mon_BL9_military_stab", "x": 18, "y": 13 },
        { "monster": "mon_BL9_military_bash", "x": 11, "y": 7 },
        { "monster": "mon_BL9_military_behemoth", "x": 12, "y": 7 },
        { "monster": "mon_BL9_mutant_evo_1", "x": 13, "y": 7 },
        { "monster": "mon_BL9_military_bash", "x": 14, "y": 7 },
        { "monster": "mon_BL9_military_cut", "x": 7, "y": 8 },
        { "monster": "mon_BL9_military_shockrod", "x": 8, "y": 8 },
        { "monster": "mon_BL9_military_cut", "x": 17, "y": 8 },
        { "monster": "mon_BL9_military_behemoth_minigun", "x": 18, "y": 8 },
        { "monster": "mon_BL9_military_cut", "x": 5, "y": 3 },
        { "monster": "mon_BL9_military_shockrod", "x": 17, "y": 3 },
        { "monster": "mon_BL9_military_behemoth", "x": 12, "y": 2 }
      ]
    }
  },
  {
    "type": "mapgen",
    "om_terrain": [ "BL9_Island_OutsideCamp2" ],
    "method": "json",
    "weight": 100,
    "object": {
      "fill_ter": "t_rock_floor",
      "rows": [
        "%%%%%%%%%%%%%%%%%%%%%%%%",
        "%..e..e.b.b.e.b.b.b.e..%",
        "%......................%",
        ".....sssss.ssss.sssss..%",
        "%....s..es.s..s.se..s..%",
        "%....sb..s.s..s.s..bs..%",
        "%....sssss.ssss.sssss..%",
        "%a.....................%",
        "%a.............yvvvvvy.%",
        "%jjjjjjjjj.....yvvvvvy.%",
        "%.m.nYt.bj......y.y.y..%",
        "%b.......j.............%",
        "%e.......?...jjjjj?jjjj%",
        "%e.......j...j.aa.....t%",
        "%........jsssje.......b%",
        "%bnamYt.aj...je...t...e%",
        "%jjjjjjjjj...jb.......b%",
        "%............j........e%",
        "%..ssssss....j.nnYmmt..%",
        "%..se.b.s....jjjjjjjjjj%",
        "%..s....s..............L",
        "%..sb..es..............i",
        "%..ssssss......e.b.e.b.%",
        "%%%%%%%%%%%%%%%%%%%%%%%%"
      ],
      "terrain": {
        " ": "t_dirt",
        ".": "t_BL9uniqmazing_fl_azurblue",
        "!": "t_column_halfway",
        "W": "t_fence_wire",
        "%": "t_BL9_rockblue",
        ">": "t_stairs_down",
        "<": "t_stairs_up",
        "`": "t_water_dp",
        "?": [ "t_door_metal_c", "t_door_metal_c", "t_door_metal_c", "t_door_metal_c", "t_door_metal_o" ],
        "i": "t_card_industrial",
        "L": "t_door_metal_locked",
        "j": "t_concrete_wall",
        "q": "t_guardrail_bg_dp"
      },
      "furniture": {
        "e": "f_crate_c",
        "c": "f_filing_cabinet",
        "$": "f_server",
        "l": "f_locker",
        "v": "f_table",
        "y": "f_chair",
        "t": "f_BL9_long_torch",
        "o": "f_wreckage",
        "a": "f_air_conditioner",
        "s": "f_sandbag_half",
        "b": "f_30gal_firebarrel",
        "n": "f_machinery_electronic",
        "m": "f_machinery_heavy",
        "T": "f_console",
        "Y": "f_console_broken"
      },
      "items": { "e": { "item": "BL9_treasure_search2", "chance": 100, "repeat": [ 1, 1 ] } },
      "place_item": [ { "item": "id_industrial", "x": 22, "y": 19 } ],
      "place_monster": [
        { "monster": "mon_BL9_military_cut", "x": 6, "y": 21 },
        { "monster": "mon_BL9_military_stab", "x": 7, "y": 21 },
        { "monster": "mon_BL9_mutant_evo_1", "x": 8, "y": 21 },
        { "monster": "mon_BL9_military_crossbow", "x": 11, "y": 17 },
        { "monster": "mon_BL9_military_bash", "x": 12, "y": 17 },
        { "monster": "mon_BL9_military_cut", "x": 13, "y": 17 },
        { "monster": "mon_BL9_military_behemoth", "x": 4, "y": 13 },
        { "monster": "mon_BL9_military_crossbow", "x": 5, "y": 14 },
        { "monster": "mon_BL9_military_stab", "x": 4, "y": 14 },
        { "monster": "mon_BL9_military_bash", "x": 18, "y": 18 },
        { "monster": "mon_BL9_military_behemoth", "x": 19, "y": 18 },
        { "monster": "mon_BL9_mutant_evo_1", "x": 20, "y": 18 },
        { "monster": "mon_BL9_military_bash", "x": 21, "y": 18 },
        { "monster": "mon_BL9_military_cut", "x": 4, "y": 8 },
        { "monster": "mon_BL9_military_behemoth_minigun", "x": 5, "y": 8 },
        { "monster": "mon_BL9_military_cut", "x": 13, "y": 5 },
        { "monster": "mon_BL9_military_shockrod", "x": 14, "y": 5 },
        { "monster": "mon_BL9_military_cut", "x": 18, "y": 6 },
        { "monster": "mon_BL9_military_shockrod", "x": 19, "y": 6 },
        { "monster": "mon_BL9_military_shockrod", "x": 20, "y": 5 },
        { "monster": "mon_BL9_military_shockrod", "x": 11, "y": 13 },
        { "monster": "mon_BL9_military_behemoth_minigun", "x": 12, "y": 13 },
        { "monster": "mon_BL9_military_shockrod", "x": 12, "y": 14 }
      ]
    }
  },
  {
    "type": "mapgen",
    "om_terrain": [ "BL9_Island_OutsideCamp3" ],
    "method": "json",
    "weight": 100,
    "object": {
      "fill_ter": "t_rock_floor",
      "rows": [
        "%%%%%%%%%%%%%%%%%%%%%%%%",
        "%````````.b.e.e````````%",
        "%````````......````````%",
        "%````````......````````%",
        "%````````......````````%",
        "%```````ssssssss```````%",
        "%```````s......s```````%",
        "%.......s.b.e.bs.......i",
        "%.......ssssssss.......L",
        "%a.....................%",
        "%a....................a%",
        "%.........j?j.........a%",
        "%b........j.j..........%",
        "%e...jjjjjjtjjjjjj.....%",
        "%esssj.taa....eetjsssse%",
        "%b...j.....yy...bj....e%",
        "%esssjn...yvvy..ejssssb%",
        "%e...jm...yvvy..ej....e%",
        "%esssje....yy...bjssssb%",
        "%....j...........j.....%",
        ".....j.n.mt$YY$t.j....b%",
        "%e...jjjjjjjjjjjjj.....%",
        "%e..................b.e%",
        "%%%%%%%%%%%%%%%%%%%%%%%%"
      ],
      "terrain": {
        " ": "t_dirt",
        ".": "t_BL9uniqmazing_fl_azurblue",
        "!": "t_column_halfway",
        "W": "t_fence_wire",
        "%": "t_BL9_rockblue",
        ">": "t_stairs_down",
        "<": "t_stairs_up",
        "`": "t_water_dp",
        "?": [ "t_door_metal_c", "t_door_metal_c", "t_door_metal_c", "t_door_metal_c", "t_door_metal_o" ],
        "i": "t_card_industrial",
        "L": "t_door_metal_locked",
        "j": "t_concrete_wall",
        "q": "t_guardrail_bg_dp"
      },
      "furniture": {
        "e": "f_crate_c",
        "c": "f_filing_cabinet",
        "$": "f_server",
        "l": "f_locker",
        "v": "f_table",
        "y": "f_chair",
        "t": "f_BL9_long_torch",
        "o": "f_wreckage",
        "a": "f_air_conditioner",
        "s": "f_sandbag_half",
        "b": "f_30gal_firebarrel",
        "n": "f_machinery_electronic",
        "m": "f_machinery_heavy",
        "T": "f_console",
        "Y": "f_console_broken"
      },
      "items": { "e": { "item": "BL9_treasure_search2", "chance": 100, "repeat": [ 1, 1 ] } },
      "place_item": [ { "item": "id_industrial", "x": 15, "y": 19 } ],
      "place_monster": [
        { "monster": "mon_BL9_military_behemoth", "x": 11, "y": 7 },
        { "monster": "mon_BL9_military_stab", "x": 12, "y": 7 },
        { "monster": "mon_BL9_military_shockrod", "x": 13, "y": 7 },
        { "monster": "mon_BL9_military_crossbow", "x": 7, "y": 12 },
        { "monster": "mon_BL9_military_bash", "x": 17, "y": 12 },
        { "monster": "mon_BL9_military_cut", "x": 20, "y": 16 },
        { "monster": "mon_BL9_military_behemoth_minigun", "x": 21, "y": 16 },
        { "monster": "mon_BL9_military_crossbow", "x": 20, "y": 18 },
        { "monster": "mon_BL9_military_stab", "x": 21, "y": 18 },
        { "monster": "mon_BL9_military_bash", "x": 3, "y": 16 },
        { "monster": "mon_BL9_military_behemoth", "x": 4, "y": 16 },
        { "monster": "mon_BL9_mutant_evo_1", "x": 3, "y": 18 },
        { "monster": "mon_BL9_military_bash", "x": 4, "y": 18 },
        { "monster": "mon_BL9_military_cut", "x": 10, "y": 17 },
        { "monster": "mon_BL9_military_shockrod", "x": 10, "y": 20 },
        { "monster": "mon_BL9_military_cut", "x": 15, "y": 17 },
        { "monster": "mon_BL9_military_shockrod", "x": 15, "y": 20 },
        { "monster": "mon_BL9_military_cut", "x": 4, "y": 23 },
        { "monster": "mon_BL9_military_behemoth_minigun", "x": 20, "y": 21 }
      ]
    }
  },
  {
    "type": "mapgen",
    "om_terrain": [ "BL9_Island_OutsideCamp4" ],
    "method": "json",
    "weight": 100,
    "object": {
      "fill_ter": "t_rock_floor",
      "rows": [
        "%%%%%%%%%%%%%%%%%%%%%%%%",
        "%..ee.bjb.nnm$Y$.jb.ee.%",
        "%b.....je........j.....%",
        "%......j....t....j.....%",
        "%b.....jmn.......j.....L",
        "%......jjjjj?jjjjj.....i",
        "%e.....................%",
        "%......................%",
        "%..........jjjjjjjjjjjj%",
        "%.sssssss..j.tmnmm$Y$t.%",
        "%.se..b.s..j..........e%",
        "%.s.....s..?.....t....b%",
        "%.se...bs..j...........%",
        "%.sssssss..j.ntmm$Y$.n.%",
        "%..........jjjjjjjjjjjj%",
        "%.............ebebe...b%",
        "%e....................e%",
        "%e.....................%",
        "%b...ssssss..ssssssss..%",
        "%....s...bs..se....es..%",
        "%....s....s..s......s..%",
        ".....se..es..sb..b.bs..%",
        "%....ssssss..ssssssss..%",
        "%%%%%%%%%%%%%%%%%%%%%%%%"
      ],
      "terrain": {
        " ": "t_dirt",
        ".": "t_BL9uniqmazing_fl_azurblue",
        "!": "t_column_halfway",
        "W": "t_fence_wire",
        "%": "t_BL9_rockblue",
        ">": "t_stairs_down",
        "<": "t_stairs_up",
        "`": "t_water_dp",
        "?": [ "t_door_metal_c", "t_door_metal_c", "t_door_metal_c", "t_door_metal_c", "t_door_metal_o" ],
        "i": "t_card_industrial",
        "L": "t_door_metal_locked",
        "j": "t_concrete_wall",
        "q": "t_guardrail_bg_dp"
      },
      "furniture": {
        "e": "f_crate_c",
        "c": "f_filing_cabinet",
        "$": "f_server",
        "l": "f_locker",
        "v": "f_table",
        "y": "f_chair",
        "t": "f_BL9_long_torch",
        "o": "f_wreckage",
        "a": "f_air_conditioner",
        "s": "f_sandbag_half",
        "b": "f_30gal_firebarrel",
        "n": "f_machinery_electronic",
        "m": "f_machinery_heavy",
        "T": "f_console",
        "Y": "f_console_broken"
      },
      "items": { "e": { "item": "BL9_treasure_search2", "chance": 100, "repeat": [ 1, 1 ] } },
      "place_item": [ { "item": "id_industrial", "x": 12, "y": 22 } ],
      "place_monster": [
        { "monster": "mon_BL9_military_cut", "x": 9, "y": 20 },
        { "monster": "mon_BL9_military_stab", "x": 9, "y": 21 },
        { "monster": "mon_BL9_military_behemoth", "x": 9, "y": 22 },
        { "monster": "mon_BL9_military_crossbow", "x": 16, "y": 22 },
        { "monster": "mon_BL9_military_bash", "x": 17, "y": 22 },
        { "monster": "mon_BL9_military_cut", "x": 18, "y": 21 },
        { "monster": "mon_BL9_mutant_evo_1", "x": 19, "y": 21 },
        { "monster": "mon_BL9_military_crossbow", "x": 5, "y": 11 },
        { "monster": "mon_BL9_military_stab", "x": 5, "y": 12 },
        { "monster": "mon_BL9_military_behemoth_minigun", "x": 5, "y": 13 },
        { "monster": "mon_BL9_military_behemoth", "x": 16, "y": 12 },
        { "monster": "mon_BL9_military_shockrod", "x": 20, "y": 12 },
        { "monster": "mon_BL9_military_bash", "x": 20, "y": 11 },
        { "monster": "mon_BL9_military_cut", "x": 23, "y": 14 },
        { "monster": "mon_BL9_military_shockrod", "x": 11, "y": 7 },
        { "monster": "mon_BL9_military_cut", "x": 15, "y": 7 },
        { "monster": "mon_BL9_military_shockrod", "x": 11, "y": 3 },
        { "monster": "mon_BL9_military_cut", "x": 15, "y": 3 },
        { "monster": "mon_BL9_military_behemoth_minigun", "x": 17, "y": 2 }
      ]
    }
  },
  {
    "type": "mapgen",
    "om_terrain": [ "BL9_Island_Ovens" ],
    "method": "json",
    "weight": 100,
    "object": {
      "fill_ter": "t_rock_floor",
      "rows": [
        "%%%%%%%%Li%%%%%%%%%%%%%%",
        "%%%..cll.t.....lcc...%%%",
        "%%%............t.....%%%",
        "%%%.mon..........mon.%%%",
        "%%%.sss....%%%...sss.%%%",
        "%%%.mon....lcn...mon.%%%",
        "%%%.sss..........sss.%%%",
        "%%%.mon..........mon.%%%",
        "%%%.sss.....t....sss.%%%",
        "%%%.mon..........mon.%%%",
        "%%%.sss....%%%...sss.%%%",
        "%%%.mon....lcm...mon.%%%",
        "%%%..................%%%",
        "%%%t.cln......nc.ln.t%%%",
        "%%%%%%%%%%?%%%%%%%%%%%%%",
        "%...?.........t..c%%%%%%",
        "%%.%%%%%%%%%%%%%%%%%%%%%",
        "%t..%%%%%%%%%%%%%%%%%%%%",
        "%...%%%%%%%%%%%%%%%%%%%%",
        "%c..%%%%%%%%%%%%%%%%%%%%",
        "....%%%%%%%%%%%%%%%%%%%%",
        "%..n%%%%%%%%%%%%%%%%%%%%",
        "%...%%%%%%%%%%%%%%%%%%%%",
        "%%%%%%%%%%%%%%%%%%%%%%%%"
      ],
      "terrain": {
        " ": "t_dirt",
        ".": "t_thconc_floor",
        "!": "t_column_halfway",
        "W": "t_fence_wire",
        "%": "t_concrete_wall",
        ">": "t_stairs_down",
        "<": "t_stairs_up",
        "`": "t_BL9_hole",
        "h": "t_little_column",
        "?": [ "t_door_metal_c", "t_door_metal_c", "t_door_metal_c", "t_door_metal_c", "t_door_metal_o" ],
        "i": "t_card_industrial",
        "L": "t_door_metal_locked",
        "q": "t_guardrail_bg_dp"
      },
      "furniture": {
        "e": "f_crate_c",
        "s": "f_BL9_lava",
        "b": "f_30gal_firebarrel",
        "c": "f_filing_cabinet",
        "$": "f_server",
        "l": "f_locker",
        "v": "f_table",
        "y": "f_chair",
        "t": "f_BL9_floor_olight",
        "o": "f_oven",
        "a": "f_air_conditioner",
        "n": "f_machinery_electronic",
        "m": "f_machinery_heavy",
        "T": "f_console",
        "Y": "f_console_broken"
      },
      "place_item": [ { "item": "id_industrial", "x": 9, "y": 3 } ],
      "place_monster": [
        { "monster": "mon_BL9_military_shockrod", "x": 2, "y": 19 },
        { "monster": "mon_BL9_military_stab", "x": 3, "y": 19 },
        { "monster": "mon_BL9_mutant_evo_1", "x": 4, "y": 19 },
        { "monster": "mon_BL9_military_behemoth", "x": 8, "y": 6 },
        { "monster": "mon_BL9_military_bash", "x": 9, "y": 6 },
        { "monster": "mon_BL9_military_shockrod", "x": 10, "y": 6 },
        { "monster": "mon_BL9_mutant_evo_2", "x": 11, "y": 10 },
        { "monster": "mon_BL9_military_crossbow", "x": 12, "y": 10 },
        { "monster": "mon_BL9_military_stab", "x": 14, "y": 10 },
        { "monster": "mon_BL9_military_bash", "x": 15, "y": 10 },
        { "monster": "mon_BL9_military_behemoth", "x": 11, "y": 3 },
        { "monster": "mon_BL9_mutant_evo_3", "x": 12, "y": 3 },
        { "monster": "mon_BL9_military_shockrod", "x": 14, "y": 3 },
        { "monster": "mon_BL9_military_crossbow", "x": 15, "y": 3 },
        { "monster": "mon_BL9_military_behemoth_minigun", "x": 16, "y": 3 }
      ]
    }
  },
  {
    "type": "mapgen",
    "om_terrain": [ "BL9_Island_Caves1" ],
    "method": "json",
    "weight": 100,
    "object": {
      "fill_ter": "t_rock_floor",
      "rows": [
        "%%%%%%%%%%%%%%%Li%%%%%%%",
        "%%%%%%%%%............%%%",
        "%%%%%%%%%............%%%",
        "%%%%%%%......t.......%%%",
        "%%%%%%%%%%...........%%%",
        "%%%%%%%..............%%%",
        "%%%%%%%.....%%%%%%%%%%%%",
        "%%%%%%%.....%%%%%%%%%%%%",
        "%%%%%%%%%...%%%%%%%%%%%%",
        "%%%%%%%%%...%%%%%%%%%%%%",
        "%%%%%%%%%.......%%%%%%%%",
        "%%%%%%%%%%%???%%%%%%%%%%",
        "%%%%%%%%%%.............%",
        "%%%%%..................%",
        "%%%%%............%%%%%%%",
        "%%.............%%%%%%%%%",
        "%%.%%........%%%%%%%%%%%",
        "%...%.....%%%%%%%%%%%%%%",
        "%...%%%%%%%%%%%%%%%%%%%%",
        "%...%jjjjjjjjjjjjjjjjjjj",
        "jj.jj111l1c1c1l1lmnjjjjj",
        "jj..111111111t111111ljjj",
        "jjjjjjjj1.11111nlc111cjj",
        "jjjjjjjjjjjjjjjjjjjjjjjj"
      ],
      "terrain": {
        " ": "t_dirt",
        ".": "t_rock_floor",
        "!": "t_column_halfway",
        "W": "t_fence_wire",
        "j": "t_concrete_wall",
        "%": "t_rock_wall",
        ">": "t_stairs_down",
        "<": "t_stairs_up",
        "`": "t_BL9_hole",
        "h": "t_little_column",
        "?": [ "t_door_metal_c", "t_door_metal_c", "t_door_metal_c", "t_door_metal_c", "t_door_metal_o" ],
        "i": "t_card_industrial",
        "L": "t_door_metal_locked",
        "1": "t_thconc_floor",
        "q": "t_guardrail_bg_dp"
      },
      "furniture": {
        "e": "f_crate_c",
        "s": "f_BL9_lava",
        "b": "f_30gal_firebarrel",
        "c": "f_filing_cabinet",
        "$": "f_server",
        "l": "f_locker",
        "v": "f_table",
        "y": "f_chair",
        "t": "f_BL9_floor_olight",
        "o": "f_wreckage",
        "a": "f_air_conditioner",
        "n": "f_machinery_electronic",
        "m": "f_machinery_heavy",
        "T": "f_console",
        "Y": "f_console_broken"
      },
      "place_item": [
        { "item": "id_industrial", "x": 19, "y": 3 },
        { "item": "BL9_master_note6", "x": 14, "y": 14 },
        { "item": "BL9_agent_note22", "x": 17, "y": 3 }
      ],
      "place_npcs": [ { "class": "BL9_trader", "x": 17, "y": 13, "add_trait": "BL9_TRADER" } ],
      "place_monster": [
        { "monster": "mon_BL9_military_crossbow", "x": 15, "y": 22 },
        { "monster": "mon_BL9_military_stab", "x": 16, "y": 22 },
        { "monster": "mon_BL9_mutant_evo_1", "x": 17, "y": 22 },
        { "monster": "mon_BL9_military_crossbow", "x": 18, "y": 22 },
        { "monster": "mon_BL9_military_crossbow", "x": 19, "y": 22 }
      ]
    }
  },
  {
    "type": "mapgen",
    "om_terrain": [ "BL9_Island_Container1" ],
    "method": "json",
    "weight": 100,
    "object": {
      "fill_ter": "t_rock_floor",
      "rows": [
        "`````%%%%Li%%%%%%%%%````",
        "`````...........%...````",
        "`````...%%%.....%?%%````",
        "`````%??%.%%%?%%%...````",
        "`````%.....%....?...````",
        "`````%%%...%%%%%%...````",
        "`````..%%%?%%%%%%...````",
        "`````....%..%...%%.%````",
        "`````..%%%..?....%..````",
        "`````..%...%%%%%%%?%````",
        "`````..%%?%%.?......````",
        "`````.....%..%%..%..````",
        "`````%%%%%%Li%%%%%%%````",
        "`````.?..?...t.?....````",
        "`````.%..%..%%%%....````",
        "`````.%..%%%%%%%%%??````",
        "`````%%??%...?...%..````",
        "`````%t..%..t%...%..````",
        "`````%...%%%%%%%?%..````",
        "`````%...%t....%....````",
        "`````%.%%%..%??%....````",
        "`````%.?....%..%....````",
        "``````````````.`````````",
        "```````````````.````````"
      ],
      "terrain": {
        " ": "t_dirt",
        ".": "t_metal_floor",
        "%": "t_wall_metal",
        ">": "t_stairs_down",
        "<": "t_stairs_up",
        "`": "t_BL9_hole",
        "?": [ "t_door_metal_c", "t_door_metal_c", "t_door_metal_c", "t_door_metal_c", "t_door_metal_o" ],
        "i": "t_card_industrial",
        "L": "t_door_metal_locked"
      },
      "furniture": { "t": "f_BL9_floor_olight" },
      "place_item": [ { "item": "id_industrial", "x": 12, "y": 17 }, { "item": "id_industrial", "x": 7, "y": 8 } ],
      "place_monster": [
        { "monster": "mon_BL9_regen_spiky", "x": 11, "y": 17 },
        { "monster": "mon_BL9_repto_evo", "x": 6, "y": 16 },
        { "monster": "mon_BL9_regen", "x": 15, "y": 8 },
        { "monster": "mon_BL9_regen_spiky", "x": 7, "y": 7 },
        { "monster": "mon_BL9_repto_evo", "x": 19, "y": 2 },
        { "monster": "mon_BL9_regen", "x": 17, "y": 12 },
        { "monster": "mon_BL9_repto_evo", "x": 8, "y": 19 }
      ]
    }
  },
  {
    "type": "mapgen",
    "om_terrain": [ "BL9_Island_Container2" ],
    "method": "json",
    "weight": 100,
    "object": {
      "fill_ter": "t_rock_floor",
      "rows": [
        "`````%%%%Li%%%%%%%%%````",
        "`````.......%..?....````",
        "`````%%%%...?..%?%%?````",
        "`````%....%%%%%%%...````",
        "`````...%%%..%%%%%%%````",
        "`````.%%%.?...?....%````",
        "`````.....%.%%%..%?%````",
        "`````%%%%%%%%%%%%%.%````",
        "`````%...?....%%...%````",
        "`````%%?%%%.%?%%%%?%````",
        "`````%%..%%%%..%%...````",
        "`````....?..%..i...%````",
        "`````..%%%%.%%.L....````",
        "`````%?%%%%Li%%%%%%%````",
        "`````..%%%...%..?...````",
        "`````.%%.?...%..%%%.````",
        "`````%%..%...?.%%...````",
        "`````....%%%%%%%%%%?````",
        "`````.%%%%%%%...%...````",
        "`````...?...%..%%...````",
        "`````...%...%..?....````",
        "`````...%%.%%%%%....````",
        "``````````.`````````````",
        "`````````.``````````````"
      ],
      "terrain": {
        " ": "t_dirt",
        ".": "t_metal_floor",
        "%": "t_wall_metal",
        ">": "t_stairs_down",
        "<": "t_stairs_up",
        "`": "t_BL9_hole",
        "?": [ "t_door_metal_c", "t_door_metal_c", "t_door_metal_c", "t_door_metal_c", "t_door_metal_o" ],
        "i": "t_card_industrial",
        "L": "t_door_metal_locked"
      },
      "furniture": { "t": "f_BL9_floor_olight" },
      "place_item": [
        { "item": "id_industrial", "x": 16, "y": 19 },
        { "item": "id_industrial", "x": 6, "y": 16 },
        { "item": "id_industrial", "x": 19, "y": 4 }
      ],
      "place_monster": [
        { "monster": "mon_BL9_repto_evo", "x": 6, "y": 19 },
        { "monster": "mon_BL9_regen_spiky", "x": 18, "y": 17 },
        { "monster": "mon_BL9_regen", "x": 14, "y": 19 },
        { "monster": "mon_BL9_regen", "x": 6, "y": 16 },
        { "monster": "mon_BL9_regen_spiky", "x": 17, "y": 9 },
        { "monster": "mon_BL9_repto_evo", "x": 6, "y": 5 },
        { "monster": "mon_BL9_chimera", "x": 18, "y": 4 }
      ]
    }
  },
  {
    "type": "mapgen",
    "om_terrain": [ "BL9_Island_Caves2" ],
    "method": "json",
    "weight": 100,
    "object": {
      "fill_ter": "t_rock_floor",
      "rows": [
        "%%%%%%%%%%%%%%%%%%%%%%%%",
        "%.....%.............%..%",
        "%......................i",
        "%.....%......t......%..L",
        "%.....%.............%..%",
        "%.....%.............%..%",
        "%.....%%%%%%%%%%%%%%%..%",
        "%......................%",
        "%...t...%....t....%..t.%",
        "%.......%.........%....%",
        "%.......%.........%....%",
        "%%%%%%%%%%%?%%%%%%%%%%%%%",
        "%%%%%%%%%%.........%%%%%",
        "%%%%%%%%....t....%%%%%%%",
        "%%%%%%%.......%%%%%%%%%%",
        "%%%%%%%%%%%.%%%%%%%%%%%%",
        "``````````.`````````````",
        "`````````.``````````````",
        "``````````.`````````````",
        "`````````.``````````````",
        "``````````.`````````````",
        "`````````.``````````````",
        "``````````.`````````````",
        "`````````.``````````````"
      ],
      "terrain": {
        " ": "t_dirt",
        ".": "t_rock_floor",
        "j": "t_concrete_wall",
        "%": "t_rock_wall",
        ">": "t_stairs_down",
        "<": "t_stairs_up",
        "`": "t_BL9_hole",
        "h": "t_little_column",
        "?": [ "t_door_metal_c", "t_door_metal_c", "t_door_metal_c", "t_door_metal_c", "t_door_metal_o" ],
        "i": "t_card_industrial",
        "L": "t_door_metal_locked"
      },
      "furniture": { "t": "f_BL9_floor_olight" },
      "place_item": [
        { "item": "id_industrial", "x": 21, "y": 3 },
        { "item": "BL9_agent_note23", "x": 19, "y": 3 },
        { "item": "BL9_master_note7", "x": 20, "y": 3 }
      ],
      "place_monster": [ { "monster": "mon_BL9_chimera_mutated", "x": 15, "y": 3 } ]
    }
  }
]
