[
  {
    "id": "blazingtest",
    "type": "SPELL",
    "name": "ABLAZE!!!",
    "description": "SET THE WORLD ON FIRE!!",
    "message": "",
    "flags": [ "SILENT", "IGNORE_WALLS" ],
    "valid_targets": [ "self", "ally", "hostile", "ground" ],
    "effect": "target_attack",
    "min_aoe": 29,
    "max_aoe": 29,
    "field_id": "fd_fire",
    "field_chance": 3,
    "min_field_intensity": 2,
    "max_field_intensity": 3
  },
  {
    "id": "stairs_creation",
    "type": "SPELL",
    "name": "Stairs appears",
    "description": "Stairs appears, HAHA!!!",
    "message": "<color_light_green>H A H A\nStairs go<color_red>appears</color></color>",
    "flags": [ "SILENT", "IGNORE_WALLS" ],
    "valid_targets": [ "ally", "hostile", "ground" ],
    "effect": "ter_transform",
    "effect_str": "stairstransform",
    "min_aoe": 30,
    "max_aoe": 30,
    "base_casting_time": -1
  },
  {
    "id": "buildinggoesboomhahafunny_boom",
    "type": "SPELL",
    "name": "House go boom!",
    "description": "HAHA!!!",
    "message": "<color_light_green>H A H A\nBuilding go<color_red>ka-boooooom!</color></color>",
    "flags": [ "SILENT", "IGNORE_WALLS" ],
    "valid_targets": [ "ally", "hostile", "ground" ],
    "effect": "ter_transform",
    "extra_effects": [ { "id": "blazingtest", "hit_self": false }, { "id": "stairs_creation", "hit_self": false } ],
    "effect_str": "boomthebuilding",
    "min_aoe": 29,
    "max_aoe": 29,
    "base_casting_time": -1
  },
  {
    "id": "BL9_item_herb_stun",
    "type": "SPELL",
    "name": "Herb Stun",
    "description": "Herb stuns you",
    "flags": [ "SILENT" ],
    "valid_targets": [ "self" ],
    "effect": "projectile_attack",
    "effect_str": "herb_stun",
    "min_duration": 25000,
    "max_duration": 25000
  },
  {
    "id": "BL9_pain_relieve",
    "type": "SPELL",
    "name": "Pain Relief",
    "description": "Herb relieves your pain!",
    "flags": [ "SILENT" ],
    "valid_targets": [ "self" ],
    "min_damage": 65,
    "max_damage": 65,
    "effect": "recover_energy",
    "effect_str": "PAIN",
    "min_duration": 1,
    "max_duration": 1
  },
  {
    "id": "BL9_item_mild_curing_herb",
    "type": "SPELL",
    "name": "Mild Curing Herb healing",
    "description": "Mild healing thanks to the Mild Curing Herb",
    "message": "You consume the herb and your wounds are slightly healed up!",
    "valid_targets": [ "self" ],
    "flags": [ "SILENT" ],
    "effect_str": "herb_cleanse",
    "min_damage": -20,
    "max_damage": -20,
    "effect": "target_attack",
    "extra_effects": [ { "id": "BL9_item_herb_stun", "hit_self": true }, { "id": "BL9_pain_relieve", "hit_self": true } ],
    "min_duration": 1,
    "max_duration": 1
  },
  {
    "id": "BL9_item_medium_curing_herb",
    "type": "SPELL",
    "name": "Medium Curing Herb healing",
    "description": "Medium healing thanks to the Medium Curing Herb",
    "message": "You consume the herb and you feel well-healed to a certain extent!",
    "valid_targets": [ "self" ],
    "flags": [ "SILENT" ],
    "effect_str": "herb_cleanse",
    "min_damage": -35,
    "max_damage": -35,
    "effect": "target_attack",
    "extra_effects": [ { "id": "BL9_item_herb_stun", "hit_self": true }, { "id": "BL9_pain_relieve", "hit_self": true } ],
    "min_duration": 1,
    "max_duration": 1
  },
  {
    "id": "BL9_item_strong_curing_herb",
    "type": "SPELL",
    "name": "Strong Curing Herb healing",
    "description": "Strong healing thanks to the Strong Curing Herb",
    "message": "You consume the herb and you feel very well healed!",
    "valid_targets": [ "self" ],
    "flags": [ "SILENT" ],
    "effect_str": "herb_cleanse",
    "min_damage": -45,
    "max_damage": -45,
    "effect": "target_attack",
    "extra_effects": [ { "id": "BL9_item_herb_stun", "hit_self": true }, { "id": "BL9_pain_relieve", "hit_self": true } ],
    "min_duration": 1,
    "max_duration": 1
  },
  {
    "id": "BL9_teleport_spell",
    "type": "SPELL",
    "name": "Secret teleport",
    "description": "Teleports the user to an attuned gate.",
    "message": "You teleport to the attuned gate!",
    "valid_targets": [ "self" ],
    "flags": [ "SILENT" ],
    "effect": "translocate"
  },
  {
    "//": "Let's push the charger back from the player. This does work SOMETIMES, and this'll prevent the glitch to occur.",
    "id": "mon_charge_push",
    "type": "SPELL",
    "name": "Stop",
    "description": "Spell casted by a monster. If you're seeing this, then read this one instead:\n'Caster stops by the target.'",
    "effect": "area_push",
    "effect_filter": [ "self" ],
    "flags": [ "SILENT" ],
    "valid_targets": [ "self", "ally", "hostile", "ground" ],
    "min_aoe": 1,
    "max_aoe": 1
  },
  {
    "id": "boulder_throw",
    "type": "SPELL",
    "name": "Boulder Throw",
    "description": "Spell casted by a monster. If you're seeing this, then read this one instead:\n'Caster strikes the weakpoint, applying stunned effect for 3 turns.'",
    "flags": [ "SILENT", "RANDOM_DAMAGE" ],
    "affected_body_parts": [ "torso" ],
    "valid_targets": [ "hostile", "ground" ],
    "effect_str": "stunned",
    "effect": "projectile_attack",
    "min_damage": 16,
    "max_damage": 18,
    "min_range": 7,
    "max_range": 20,
    "min_duration": 325,
    "max_duration": 325,
    "damage_type": "bash"
  },
  {
    "id": "mon_giant_charge",
    "type": "SPELL",
    "name": "Charge!",
    "description": "Spell casted by a monster. If you're seeing this, then read this one instead:\n'Caster gains momentum, increasing movement speed, hit chance and impact damage as it takes effect.'",
    "flags": [ "SILENT" ],
    "valid_targets": [ "self" ],
    "effect": "projectile_attack",
    "effect_str": "charge_giant_momentum",
    "min_aoe": 20,
    "max_aoe": 20,
    "min_duration": 100,
    "max_duration": 100,
    "field_id": "fd_charger_stun",
    "min_field_intensity": 1,
    "max_field_intensity": 1
  },
  {
    "id": "mon_giant_charge_pull",
    "type": "SPELL",
    "name": "Charge",
    "description": "Spell casted by a monster. If you're seeing this, then read this one instead:\n'Caster sprints toward the target. This is casted randomly between 15 to 25 times.'",
    "effect": "area_pull",
    "effect_filter": [ "self" ],
    "flags": [ "SILENT" ],
    "valid_targets": [ "self", "ally", "hostile", "ground" ],
    "extra_effects": [ { "id": "mon_giant_charge" }, { "id": "mon_charge_push" } ],
    "min_aoe": 13,
    "max_aoe": 13
  },
  {
    "type": "SPELL",
    "id": "mon_giant_charge_target_random",
    "name": "a spell",
    "description": "Target spell casted by a monster. If you're seeing this, then read this one instead:\n'Caster locks its line of sight onto the target, then casts one of the Spell(s).'",
    "extra_effects": [ { "id": "mon_giant_charge_pull" } ],
    "flags": [ "SILENT", "WONDER", "RANDOM_DAMAGE" ],
    "valid_targets": [ "self" ],
    "effect": "target_attack",
    "effect_str": "secro_magic_target",
    "min_damage": 25,
    "max_damage": 35,
    "min_range": 13,
    "max_range": 13,
    "min_duration": 1,
    "max_duration": 1
  },
  {
    "type": "SPELL",
    "id": "mon_giant_random",
    "name": "a spell",
    "description": "Target spell casted by a monster. If you're seeing this, then read this one instead:\n'Caster locks its line of sight onto the target, then casts the Spell(s).'",
    "extra_effects": [ { "id": "mon_giant_charge_target_random" }, { "id": "boulder_throw" } ],
    "flags": [ "SILENT", "WONDER" ],
    "valid_targets": [ "ground" ],
    "min_damage": 1,
    "max_damage": 1,
    "effect": "target_attack",
    "min_range": 6,
    "max_range": 6
  },
  {
    "id": "mon_clawer_charge",
    "type": "SPELL",
    "name": "Charge!",
    "description": "Spell casted by a monster. If you're seeing this, then read this one instead:\n'Caster gains momentum, increasing movement speed, hit chance and impact damage as it takes effect.'",
    "flags": [ "SILENT" ],
    "valid_targets": [ "self" ],
    "effect": "projectile_attack",
    "effect_str": "charge_clawer_momentum",
    "min_aoe": 8,
    "max_aoe": 8,
    "min_duration": 100,
    "max_duration": 100,
    "field_id": "fd_charger_stun",
    "min_field_intensity": 1,
    "max_field_intensity": 1
  },
  {
    "id": "mon_clawer_charge_pull",
    "type": "SPELL",
    "name": "Charge",
    "description": "Spell casted by a monster. If you're seeing this, then read this one instead:\n'Caster sprints toward the target. This is casted randomly between 20 to 30 times.'",
    "effect": "area_pull",
    "effect_filter": [ "self" ],
    "flags": [ "SILENT" ],
    "valid_targets": [ "self", "ally", "hostile", "ground" ],
    "extra_effects": [ { "id": "mon_clawer_charge" }, { "id": "mon_charge_push" } ],
    "min_aoe": 15,
    "max_aoe": 15
  },
  {
    "type": "SPELL",
    "id": "mon_clawer_charge_target_random",
    "name": "a spell",
    "description": "Target spell casted by a monster. If you're seeing this, then read this one instead:\n'Caster locks its line of sight onto the target, then casts one of the Spell(s).'",
    "extra_effects": [ { "id": "mon_clawer_charge_pull" } ],
    "flags": [ "SILENT", "WONDER", "RANDOM_DAMAGE" ],
    "valid_targets": [ "self" ],
    "effect": "target_attack",
    "effect_str": "secro_magic_target",
    "min_damage": 20,
    "max_damage": 25,
    "min_range": 8,
    "max_range": 8,
    "min_duration": 1,
    "max_duration": 1
  },
  {
    "id": "scrawler_acidbarf",
    "type": "SPELL",
    "name": "Acid Barf",
    "description": "Spell casted by a monster. If you're seeing this, then read this one instead:\n'Caster barfs at the target, dealing acid damage.'",
    "flags": [ "SILENT", "RANDOM_DAMAGE" ],
    "valid_targets": [ "hostile" ],
    "effect": "projectile_attack",
    "min_damage": 9,
    "max_damage": 10,
    "min_range": 3,
    "max_range": 3,
    "damage_type": "acid"
  },
  {
    "id": "BL9_1_violentwrithe",
    "type": "SPELL",
    "name": "Violent Writhe",
    "description": "Spell casted by a monster. If you're seeing this, then read this one instead:\n'After an accurate slash, caster's bladed tendril becomes wilder in motion, randomly slicing through the air that deals cutting damage to all affected targets.'",
    "flags": [ "SILENT", "RANDOM_TARGET", "RANDOM_DAMAGE" ],
    "valid_targets": [ "hostile", "ground" ],
    "effect": "cone_attack",
    "min_damage": 8,
    "max_damage": 10,
    "min_range": 2,
    "max_range": 2,
    "min_aoe": 90,
    "max_aoe": 90,
    "damage_type": "cut"
  },
  {
    "id": "BL9_1_horizontalslash",
    "type": "SPELL",
    "name": "Horizontal Slash",
    "description": "Spell casted by a monster. If you're seeing this, then read this one instead:\n'Caster swipes its bladed tendril to its target in a cone, dealing cutting damage.'",
    "flags": [ "SILENT", "RANDOM_DAMAGE" ],
    "extra_effects": [ { "id": "BL9_1_violentwrithe" } ],
    "valid_targets": [ "hostile" ],
    "effect": "cone_attack",
    "min_damage": 8,
    "max_damage": 10,
    "min_range": 2,
    "max_range": 2,
    "min_aoe": 50,
    "max_aoe": 50,
    "damage_type": "cut"
  },
  {
    "id": "BL9_3_acidbarf",
    "type": "SPELL",
    "name": "Acid Barf",
    "description": "Spell casted by a monster. If you're seeing this, then read this one instead:\n'Caster barfs at the target, dealing acid damage.'",
    "flags": [ "SILENT", "RANDOM_DAMAGE" ],
    "valid_targets": [ "hostile" ],
    "effect": "projectile_attack",
    "min_damage": 8,
    "max_damage": 10,
    "min_range": 2,
    "max_range": 2,
    "damage_type": "acid"
  },
  {
    "id": "twisted_one_tentwhip",
    "type": "SPELL",
    "name": "Tentacle Whip",
    "description": "Spell casted by a monster. If you're seeing this, then read this one instead:\n'Caster's tentacle slaps the target, dealing bash damage.'",
    "flags": [ "SILENT", "RANDOM_DAMAGE" ],
    "valid_targets": [ "hostile" ],
    "effect": "projectile_attack",
    "min_damage": 22,
    "max_damage": 27,
    "min_range": 4,
    "max_range": 4,
    "damage_type": "bash"
  },
  {
    "id": "BL9_1evo_violentwrithe",
    "type": "SPELL",
    "name": "Violent Writhe",
    "description": "Spell casted by a monster. If you're seeing this, then read this one instead:\n'After an accurate slash, caster's bladed tendril becomes wilder in motion, randomly slicing through the air that deals cutting damage to all affected targets.'",
    "flags": [ "SILENT", "RANDOM_TARGET", "RANDOM_DAMAGE" ],
    "valid_targets": [ "hostile", "ground" ],
    "effect": "cone_attack",
    "min_damage": 8,
    "max_damage": 10,
    "min_range": 2,
    "max_range": 2,
    "min_aoe": 90,
    "max_aoe": 90,
    "damage_type": "cut"
  },
  {
    "id": "BL9_1evo_horizontalslash",
    "type": "SPELL",
    "name": "Horizontal Slash",
    "description": "Spell casted by a monster. If you're seeing this, then read this one instead:\n'Caster swipes its bladed tendril to its target in a cone, dealing cutting damage.'",
    "flags": [ "SILENT", "RANDOM_DAMAGE" ],
    "extra_effects": [ { "id": "BL9_1_violentwrithe" } ],
    "valid_targets": [ "hostile" ],
    "effect": "cone_attack",
    "min_damage": 8,
    "max_damage": 10,
    "min_range": 2,
    "max_range": 2,
    "min_aoe": 50,
    "max_aoe": 50,
    "damage_type": "cut"
  },
  {
    "id": "BL9_3evo_acidbarf",
    "type": "SPELL",
    "name": "Acid Barf",
    "description": "Spell casted by a monster. If you're seeing this, then read this one instead:\n'Caster barfs at the target, dealing acid damage.'",
    "flags": [ "SILENT", "RANDOM_DAMAGE" ],
    "valid_targets": [ "hostile" ],
    "effect": "projectile_attack",
    "min_damage": 14,
    "max_damage": 16,
    "min_range": 2,
    "max_range": 2,
    "damage_type": "acid"
  },
  {
    "id": "scrawlerevo_acidbarf",
    "type": "SPELL",
    "name": "Acid Barf",
    "description": "Spell casted by a monster. If you're seeing this, then read this one instead:\n'Caster barfs at the target, dealing acid damage.'",
    "flags": [ "SILENT", "RANDOM_DAMAGE" ],
    "valid_targets": [ "hostile" ],
    "effect": "projectile_attack",
    "min_damage": 9,
    "max_damage": 10,
    "min_range": 3,
    "max_range": 3,
    "damage_type": "acid"
  },
  {
    "id": "chimera_mutated_pincerpinch",
    "type": "SPELL",
    "name": "Pincer Pinch",
    "description": "Spell casted by a monster. If you're seeing this, then read this one instead:\n'Caster's tentacle strikes the target wth its pincer end, dealing cut damage.'",
    "flags": [ "SILENT", "RANDOM_DAMAGE" ],
    "valid_targets": [ "hostile" ],
    "effect": "projectile_attack",
    "min_damage": 45,
    "max_damage": 48,
    "min_range": 5,
    "max_range": 5,
    "damage_type": "cut"
  },
  {
    "id": "merc_leaping_slash",
    "type": "SPELL",
    "name": "Leaping Slash",
    "description": "Spell casted by a monster. If you're seeing this, then read this one instead:\n'Caster leaps towards its target and slashes them with its arm-blade that deals high cutting damage then the caster leaps back to the same position where he initially was'",
    "flags": [ "SILENT", "RANDOM_DAMAGE" ],
    "valid_targets": [ "hostile" ],
    "effect": "projectile_attack",
    "min_damage": 38,
    "max_damage": 42,
    "min_range": 7,
    "max_range": 7,
    "damage_type": "cut"
  },
  {
    "id": "vile_one_mandiblecrunch",
    "type": "SPELL",
    "name": "Mandible Crunch",
    "description": "Spell casted by a monster. If you're seeing this, then read this one instead:\n'Caster's head stretches towards its target, biting them that deals high cutting damage'",
    "flags": [ "SILENT", "RANDOM_DAMAGE" ],
    "valid_targets": [ "hostile" ],
    "effect": "projectile_attack",
    "min_damage": 65,
    "max_damage": 68,
    "min_range": 4,
    "max_range": 4,
    "damage_type": "cut"
  }
]
