[
  {
    "note": "It's the trail of charger charging towards the target, and it exploits the glitch of it going OVER/ABOVE the player, so that the effect gets applied successfully.",
    "id": "fd_charger_stun",
    "type": "field_type",
    "intensity_levels": [
      {
        "name": "...",
        "color": "black",
        "effects": [ { "effect_id": "stunned", "body_part": "torso", "min_duration": "3 seconds", "max_duration": "6 seconds" } ]
      }
    ],
    "priority": -1,
    "half_life": "1 seconds",
    "phase": "gas",
    "display_items": true,
    "display_field": false
  },
  {
    "id": "fd_clawer_blind_maybe",
    "type": "field_type",
    "intensity_levels": [
      {
        "name": "...",
        "color": "black",
        "effects": [ { "effect_id": "blind", "body_part": "torso", "min_duration": "1 seconds", "max_duration": "1 seconds" } ]
      }
    ],
    "priority": -1,
    "half_life": "1 seconds",
    "phase": "gas",
    "display_items": true,
    "display_field": false
  }
]
