[
  {
    "id": "fd_gud_lava_burn",
    "type": "field_type",
    "intensity_levels": [
      {
        "name": "Pool of lava/acid",
        "color": "red",
        "light_emitted": 65,
        "effects": [
          { "effect_id": "gud_burn", "body_part": "leg_r", "min_duration": "3 seconds", "max_duration": "5 seconds" },
          { "effect_id": "gud_burn", "body_part": "leg_l", "min_duration": "3 seconds", "max_duration": "5 seconds" },
          { "effect_id": "gud_burn", "body_part": "torso", "min_duration": "3 seconds", "max_duration": "5 seconds" }
        ]
      }
    ],
    "priority": -1,
    "half_life": "1 seconds",
    "phase": "liquid",
    "display_items": false,
    "display_field": false
  }
]
