[
  {
    "type": "furniture",
    "id": "f_BL9_long_torch",
    "looks_like": "torch_lit",
    "name": "Elongated torch",
    "description": "A burning torch on an elongated wooden stick",
    "symbol": ".",
    "color": "yellow",
    "move_cost_mod": 1,
    "required_str": -1,
    "move_cost": 1,
    "roof": "t_hole",
    "light_emitted": 375,
    "flags": [
      "TRANSPARENT",
      "FLAMMABLE_ASH",
      "SUPPORTS_ROOF",
      "COLLAPSES",
      "INDOORS",
      "FLAT",
      "ROAD",
      "MINEABLE",
      "MOUNTABLE",
      "PLACE_ITEM"
    ],
    "bash": {
      "sound": "SMASH!",
      "ter_set": "t_null",
      "str_min": 7,
      "str_max": 18,
      "str_min_supported": 18,
      "items": [ { "item": "splinter", "count": [ 2, 3 ] }, { "item": "stick", "count": [ 1, 2 ] } ]
    }
  },
  {
    "type": "furniture",
    "id": "f_big_bell",
    "name": "Big bell",
    "description": "It's a big bell probably used for some strange ceremonies conducted in this castle",
    "symbol": ".",
    "color": "yellow",
    "move_cost_mod": 2,
    "required_str": -1,
    "move_cost": 2,
    "roof": "t_flat_roof",
    "light_emitted": 0,
    "flags": [ "TRANSPARENT", "FLAMMABLE_HARD", "SUPPORTS_ROOF", "COLLAPSES", "INDOORS", "FLAT", "ROAD", "MINEABLE" ],
    "bash": {
      "sound": "CLANG!",
      "ter_set": "t_null",
      "str_min": 50,
      "str_max": 285,
      "str_min_supported": 100,
      "items": [ { "item": "scrap", "count": [ 2, 4 ] }, { "item": "steel_chunk", "count": [ 1, 3 ] } ]
    }
  },
  {
    "type": "furniture",
    "id": "f_BL9_floor_olight",
    "looks_like": "t_thconc_floor_olight",
    "name": "Military overhead lamp",
    "description": "A very bright military lamp hanging from the ceiling",
    "symbol": "0",
    "color": "light_cyan",
    "move_cost_mod": 1,
    "required_str": -1,
    "move_cost": 1,
    "roof": "t_hole",
    "light_emitted": 375,
    "flags": [
      "TRANSPARENT",
      "FLAMMABLE_ASH",
      "SUPPORTS_ROOF",
      "COLLAPSES",
      "INDOORS",
      "FLAT",
      "ROAD",
      "MINEABLE",
      "MOUNTABLE",
      "PLACE_ITEM"
    ],
    "bash": {
      "ter_set": "t_null",
      "str_min": 2,
      "str_max": 38,
      "sound": "ker-rash!",
      "sound_fail": "plunk.",
      "sound_vol": 16,
      "sound_fail_vol": 12,
      "items": [ { "item": "glass_shard", "count": [ 7, 15 ] }, { "item": "scrap", "count": [ 0, 1 ] } ]
    }
  },
  {
    "type": "furniture",
    "id": "f_BL9_lava",
    "looks_like": "t_lava",
    "name": "Strange lava",
    "description": "An extremely hot, glowing liquid, composed of molten rock and/or metal.Less deadly than vanilla so Kevin won't like this",
    "symbol": ".",
    "color": "red",
    "move_cost_mod": 1,
    "required_str": -1,
    "emissions": [ "emit_gud_lava" ],
    "flags": [ "TRANSPARENT", "EMITTER" ]
  },
  {
    "type": "furniture",
    "id": "f_BL9_acid",
    "looks_like": "t_uniqmazing_liq_limegreen",
    "name": "Strange acid",
    "description": "An extremely caustic, glowing liquid, composed of strange barely dissolvable alien or parasitic organisms.More deadly than vanilla so Kevin may probably like this",
    "symbol": ".",
    "color": "green",
    "move_cost_mod": 1,
    "required_str": -1,
    "emissions": [ "emit_gud_lava" ],
    "flags": [ "TRANSPARENT", "EMITTER" ]
  },
  {
    "type": "furniture",
    "id": "f_BL9_teleport",
    "looks_like": "tr_telepad",
    "name": "Teleport Gate",
    "move_cost_mod": 0,
    "symbol": "X",
    "description": "A gate for teleportation",
    "color": "light_gray",
    "required_str": 25,
    "flags": [ "TRANSLOCATOR", "MOUNTABLE", "ALLOW_FIELD_EFFECT" ],
    "examine_action": "translocator"
  },
  {
    "type": "furniture",
    "id": "f_BL9_glowing_tendril",
    "looks_like": "f_alien_tendril",
    "name": "glowing tendril",
    "description": "A willowy tendril growing from the floor, gently waving back and forth.  A bright light spills from it.",
    "symbol": "i",
    "color": "blue",
    "move_cost_mod": 4,
    "coverage": 10,
    "light_emitted": 215,
    "required_str": -1,
    "flags": [ "TRANSPARENT" ],
    "bash": {
      "str_min": 8,
      "str_max": 20,
      "sound": "splorch!",
      "sound_fail": "whump!",
      "furn_set": "f_alien_scar",
      "items": [ { "item": "fetid_goop", "count": [ 3, 5 ], "prob": 100 } ]
    }
  }
]
