[
  {
    "id": "TALK_BL9_TRADER_buy_BL9_survivorhelmet",
    "type": "talk_topic",
    "dynamic_line": {
      "and": [
        {
          "u_has_var": "bl9_trader",
          "type": "general",
          "context": "nocash",
          "value": "yes",
          "no": "That will be 17Gcomb.",
          "yes": "Not enough cash, stranger."
        }
      ]
    },
    "responses": [
      {
        "text": "[17Gcomb] BL9-infused survivor helmet",
        "topic": "TALK_BL9_TRADER_buy",
        "condition": { "u_has_items": { "item": "goldcoincomb", "count": 17 } },
        "effect": [
          { "u_sell_item": "goldcoincomb", "count": 17 },
          { "npc_consume_item": "goldcoincomb", "count": 17 },
          { "u_buy_item": "BL9_survivorhelmet", "count": 1 },
          { "u_add_var": "bl9_trader", "type": "general", "context": "bought", "value": "yes" },
          { "u_add_var": "bl9_trader", "type": "bought", "context": "BL9_survivorhelmet", "value": "yes" }
        ]
      },
      {
        "text": "[17Gcomb] BL9-infused survivor helmet",
        "topic": "TALK_BL9_TRADER_buy_BL9_survivorhelmet",
        "condition": { "not": { "u_has_items": { "item": "goldcoincomb", "count": 17 } } },
        "effect": { "u_add_var": "bl9_trader", "type": "bought", "context": "nocash", "value": "yes" }
      },
      {
        "text": "I need something else.",
        "topic": "TALK_BL9_TRADER_buy",
        "effect": [
          { "u_lose_var": "bl9_trader", "type": "general", "context": "nocash", "value": "yes" },
          { "u_lose_var": "bl9_trader", "type": "general", "context": "bought", "value": "yes" }
        ]
      }
    ]
  },
  {
    "id": "TALK_BL9_TRADER_buy_BL9_survivorpants",
    "type": "talk_topic",
    "dynamic_line": {
      "and": [
        {
          "u_has_var": "bl9_trader",
          "type": "general",
          "context": "nocash",
          "value": "yes",
          "no": "That will be 15Gcomb.",
          "yes": "Not enough cash, stranger."
        }
      ]
    },
    "responses": [
      {
        "text": "[15Gcomb] BL9-infused survivor cargo pants",
        "topic": "TALK_BL9_TRADER_buy",
        "condition": { "u_has_items": { "item": "goldcoincomb", "count": 15 } },
        "effect": [
          { "u_sell_item": "goldcoincomb", "count": 15 },
          { "npc_consume_item": "goldcoincomb", "count": 15 },
          { "u_buy_item": "BL9_survivorpants", "count": 1 },
          { "u_add_var": "bl9_trader", "type": "general", "context": "bought", "value": "yes" },
          { "u_add_var": "bl9_trader", "type": "bought", "context": "BL9_survivorpants", "value": "yes" }
        ]
      },
      {
        "text": "[15Gcomb] BL9-infused survivor cargo pants",
        "topic": "TALK_BL9_TRADER_buy_BL9_survivorpants",
        "condition": { "not": { "u_has_items": { "item": "goldcoincomb", "count": 15 } } },
        "effect": { "u_add_var": "bl9_trader", "type": "bought", "context": "nocash", "value": "yes" }
      },
      {
        "text": "I need something else.",
        "topic": "TALK_BL9_TRADER_buy",
        "effect": [
          { "u_lose_var": "bl9_trader", "type": "general", "context": "nocash", "value": "yes" },
          { "u_lose_var": "bl9_trader", "type": "general", "context": "bought", "value": "yes" }
        ]
      }
    ]
  },
  {
    "id": "TALK_BL9_TRADER_buy_BL9_survivorsuit",
    "type": "talk_topic",
    "dynamic_line": {
      "and": [
        {
          "u_has_var": "bl9_trader",
          "type": "general",
          "context": "nocash",
          "value": "yes",
          "no": "That will be 18Gcomb.",
          "yes": "Not enough cash, stranger."
        }
      ]
    },
    "responses": [
      {
        "text": "[18Gcomb] BL9-infused survivor suit",
        "topic": "TALK_BL9_TRADER_buy",
        "condition": { "u_has_items": { "item": "goldcoincomb", "count": 18 } },
        "effect": [
          { "u_sell_item": "goldcoincomb", "count": 18 },
          { "npc_consume_item": "goldcoincomb", "count": 18 },
          { "u_buy_item": "BL9_survivorsuit", "count": 1 },
          { "u_add_var": "bl9_trader", "type": "general", "context": "bought", "value": "yes" },
          { "u_add_var": "bl9_trader", "type": "bought", "context": "BL9_survivorsuit", "value": "yes" }
        ]
      },
      {
        "text": "[18Gcomb] BL9-infused survivor suit",
        "topic": "TALK_BL9_TRADER_buy_BL9_survivorsuit",
        "condition": { "not": { "u_has_items": { "item": "goldcoincomb", "count": 18 } } },
        "effect": { "u_add_var": "bl9_trader", "type": "bought", "context": "nocash", "value": "yes" }
      },
      {
        "text": "I need something else.",
        "topic": "TALK_BL9_TRADER_buy",
        "effect": [
          { "u_lose_var": "bl9_trader", "type": "general", "context": "nocash", "value": "yes" },
          { "u_lose_var": "bl9_trader", "type": "general", "context": "bought", "value": "yes" }
        ]
      }
    ]
  },
  {
    "id": "TALK_BL9_TRADER_buy_BL9_survivorgloves",
    "type": "talk_topic",
    "dynamic_line": {
      "and": [
        {
          "u_has_var": "bl9_trader",
          "type": "general",
          "context": "nocash",
          "value": "yes",
          "no": "That will be 8Gcomb.",
          "yes": "Not enough cash, stranger."
        }
      ]
    },
    "responses": [
      {
        "text": "[8Gcomb] pair of BL9-infused survivor gloves",
        "topic": "TALK_BL9_TRADER_buy",
        "condition": { "u_has_items": { "item": "goldcoincomb", "count": 8 } },
        "effect": [
          { "u_sell_item": "goldcoincomb", "count": 8 },
          { "npc_consume_item": "goldcoincomb", "count": 8 },
          { "u_buy_item": "BL9_survivorgloves", "count": 1 },
          { "u_add_var": "bl9_trader", "type": "general", "context": "bought", "value": "yes" },
          { "u_add_var": "bl9_trader", "type": "bought", "context": "BL9_survivorgloves", "value": "yes" }
        ]
      },
      {
        "text": "[8Gcomb] pair of BL9-infused survivor gloves",
        "topic": "TALK_BL9_TRADER_buy_BL9_survivorgloves",
        "condition": { "not": { "u_has_items": { "item": "goldcoincomb", "count": 8 } } },
        "effect": { "u_add_var": "bl9_trader", "type": "bought", "context": "nocash", "value": "yes" }
      },
      {
        "text": "I need something else.",
        "topic": "TALK_BL9_TRADER_buy",
        "effect": [
          { "u_lose_var": "bl9_trader", "type": "general", "context": "nocash", "value": "yes" },
          { "u_lose_var": "bl9_trader", "type": "general", "context": "bought", "value": "yes" }
        ]
      }
    ]
  },
  {
    "id": "TALK_BL9_TRADER_buy_BL9_survivorboots",
    "type": "talk_topic",
    "dynamic_line": {
      "and": [
        {
          "u_has_var": "bl9_trader",
          "type": "general",
          "context": "nocash",
          "value": "yes",
          "no": "That will be 12Gcomb.",
          "yes": "Not enough cash, stranger."
        }
      ]
    },
    "responses": [
      {
        "text": "[12Gcomb] pair of BL9-infused survivor boots",
        "topic": "TALK_BL9_TRADER_buy",
        "condition": { "u_has_items": { "item": "goldcoincomb", "count": 12 } },
        "effect": [
          { "u_sell_item": "goldcoincomb", "count": 12 },
          { "npc_consume_item": "goldcoincomb", "count": 12 },
          { "u_buy_item": "BL9_survivorboots", "count": 1 },
          { "u_add_var": "bl9_trader", "type": "general", "context": "bought", "value": "yes" },
          { "u_add_var": "bl9_trader", "type": "bought", "context": "BL9_survivorboots", "value": "yes" }
        ]
      },
      {
        "text": "[12Gcomb] pair of BL9-infused survivor boots",
        "topic": "TALK_BL9_TRADER_buy_BL9_survivorboots",
        "condition": { "not": { "u_has_items": { "item": "goldcoincomb", "count": 12 } } },
        "effect": { "u_add_var": "bl9_trader", "type": "bought", "context": "nocash", "value": "yes" }
      },
      {
        "text": "I need something else.",
        "topic": "TALK_BL9_TRADER_buy",
        "effect": [
          { "u_lose_var": "bl9_trader", "type": "general", "context": "nocash", "value": "yes" },
          { "u_lose_var": "bl9_trader", "type": "general", "context": "bought", "value": "yes" }
        ]
      }
    ]
  },
  {
    "id": "TALK_BL9_TRADER_buy_BL9_bodyarmor",
    "type": "talk_topic",
    "dynamic_line": {
      "and": [
        {
          "u_has_var": "bl9_trader",
          "type": "general",
          "context": "nocash",
          "value": "yes",
          "no": "That will be 20Gcomb.",
          "yes": "Not enough cash, stranger."
        }
      ]
    },
    "responses": [
      {
        "text": "[20Gcomb] BL9-infused body armor",
        "topic": "TALK_BL9_TRADER_buy",
        "condition": { "u_has_items": { "item": "goldcoincomb", "count": 20 } },
        "effect": [
          { "u_sell_item": "goldcoincomb", "count": 20 },
          { "npc_consume_item": "goldcoincomb", "count": 20 },
          { "u_buy_item": "BL9_bodyarmor", "count": 1 },
          { "u_add_var": "bl9_trader", "type": "general", "context": "bought", "value": "yes" },
          { "u_add_var": "bl9_trader", "type": "bought", "context": "BL9_bodyarmor", "value": "yes" }
        ]
      },
      {
        "text": "[20Gcomb] BL9-infused body armor",
        "topic": "TALK_BL9_TRADER_buy_BL9_bodyarmor",
        "condition": { "not": { "u_has_items": { "item": "goldcoincomb", "count": 20 } } },
        "effect": { "u_add_var": "bl9_trader", "type": "bought", "context": "nocash", "value": "yes" }
      },
      {
        "text": "I need something else.",
        "topic": "TALK_BL9_TRADER_buy",
        "effect": [
          { "u_lose_var": "bl9_trader", "type": "general", "context": "nocash", "value": "yes" },
          { "u_lose_var": "bl9_trader", "type": "general", "context": "bought", "value": "yes" }
        ]
      }
    ]
  },
  {
    "id": "TALK_BL9_TRADER_buy_BL9_survivorhelmet_mk2",
    "type": "talk_topic",
    "dynamic_line": {
      "and": [
        {
          "u_has_var": "bl9_trader",
          "type": "general",
          "context": "nocash",
          "value": "yes",
          "no": "That will be 34Pcomb.",
          "yes": "Not enough cash, stranger."
        }
      ]
    },
    "responses": [
      {
        "text": "[34Pcomb] BL9-infused survivor helmet MK ii",
        "topic": "TALK_BL9_TRADER_buy",
        "condition": { "u_has_items": { "item": "platcoincomb", "count": 34 } },
        "effect": [
          { "u_sell_item": "platcoincomb", "count": 34 },
          { "npc_consume_item": "platcoincomb", "count": 34 },
          { "u_sell_item": "BL9_survivorhelmet" },
          { "npc_consume_item": "BL9_survivorhelmet" },
          { "u_buy_item": "BL9_survivorhelmet_mk2", "count": 1 },
          { "u_add_var": "bl9_trader", "type": "general", "context": "bought", "value": "yes" },
          { "u_add_var": "bl9_trader", "type": "bought", "context": "BL9_survivorhelmet_mk2", "value": "yes" }
        ]
      },
      {
        "text": "[34Pcomb] BL9-infused survivor helmet MK ii",
        "topic": "TALK_BL9_TRADER_buy_BL9_survivorhelmet_mk2",
        "condition": { "not": { "u_has_items": { "item": "platcoincomb", "count": 34 } } },
        "effect": { "u_add_var": "bl9_trader", "type": "bought", "context": "nocash", "value": "yes" }
      },
      {
        "text": "I need something else.",
        "topic": "TALK_BL9_TRADER_buy",
        "effect": [
          { "u_lose_var": "bl9_trader", "type": "general", "context": "nocash", "value": "yes" },
          { "u_lose_var": "bl9_trader", "type": "general", "context": "bought", "value": "yes" }
        ]
      }
    ]
  },
  {
    "id": "TALK_BL9_TRADER_buy_BL9_survivorpants_mk2",
    "type": "talk_topic",
    "dynamic_line": {
      "and": [
        {
          "u_has_var": "bl9_trader",
          "type": "general",
          "context": "nocash",
          "value": "yes",
          "no": "That will be 30Pcomb.",
          "yes": "Not enough cash, stranger."
        }
      ]
    },
    "responses": [
      {
        "text": "[30Pcomb] BL9-infused survivor cargo pants MK ii",
        "topic": "TALK_BL9_TRADER_buy",
        "condition": { "u_has_items": { "item": "platcoincomb", "count": 30 } },
        "effect": [
          { "u_sell_item": "platcoincomb", "count": 30 },
          { "npc_consume_item": "platcoincomb", "count": 30 },
          { "u_sell_item": "BL9_survivorpants" },
          { "npc_consume_item": "BL9_survivorpants" },
          { "u_buy_item": "BL9_survivorpants_mk2", "count": 1 },
          { "u_add_var": "bl9_trader", "type": "general", "context": "bought", "value": "yes" },
          { "u_add_var": "bl9_trader", "type": "bought", "context": "BL9_survivorpants_mk2", "value": "yes" }
        ]
      },
      {
        "text": "[30Pcomb] BL9-infused survivor cargo pants MK ii",
        "topic": "TALK_BL9_TRADER_buy_BL9_survivorpants_mk2",
        "condition": { "not": { "u_has_items": { "item": "platcoincomb", "count": 30 } } },
        "effect": { "u_add_var": "bl9_trader", "type": "bought", "context": "nocash", "value": "yes" }
      },
      {
        "text": "I need something else.",
        "topic": "TALK_BL9_TRADER_buy",
        "effect": [
          { "u_lose_var": "bl9_trader", "type": "general", "context": "nocash", "value": "yes" },
          { "u_lose_var": "bl9_trader", "type": "general", "context": "bought", "value": "yes" }
        ]
      }
    ]
  },
  {
    "id": "TALK_BL9_TRADER_buy_BL9_survivorsuit_mk2",
    "type": "talk_topic",
    "dynamic_line": {
      "and": [
        {
          "u_has_var": "bl9_trader",
          "type": "general",
          "context": "nocash",
          "value": "yes",
          "no": "That will be 36Pcomb.",
          "yes": "Not enough cash, stranger."
        }
      ]
    },
    "responses": [
      {
        "text": "[36Pcomb] BL9-infused survivor suit MK ii",
        "topic": "TALK_BL9_TRADER_buy",
        "condition": { "u_has_items": { "item": "platcoincomb", "count": 36 } },
        "effect": [
          { "u_sell_item": "platcoincomb", "count": 36 },
          { "npc_consume_item": "platcoincomb", "count": 36 },
          { "u_sell_item": "BL9_survivorsuit" },
          { "npc_consume_item": "BL9_survivorsuit" },
          { "u_buy_item": "BL9_survivorsuit_mk2", "count": 1 },
          { "u_add_var": "bl9_trader", "type": "general", "context": "bought", "value": "yes" },
          { "u_add_var": "bl9_trader", "type": "bought", "context": "BL9_survivorsuit_mk2", "value": "yes" }
        ]
      },
      {
        "text": "[36Pcomb] BL9-infused survivor suit MK ii",
        "topic": "TALK_BL9_TRADER_buy_BL9_survivorsuit_mk2",
        "condition": { "not": { "u_has_items": { "item": "platcoincomb", "count": 36 } } },
        "effect": { "u_add_var": "bl9_trader", "type": "bought", "context": "nocash", "value": "yes" }
      },
      {
        "text": "I need something else.",
        "topic": "TALK_BL9_TRADER_buy",
        "effect": [
          { "u_lose_var": "bl9_trader", "type": "general", "context": "nocash", "value": "yes" },
          { "u_lose_var": "bl9_trader", "type": "general", "context": "bought", "value": "yes" }
        ]
      }
    ]
  },
  {
    "id": "TALK_BL9_TRADER_buy_BL9_survivorgloves_mk2",
    "type": "talk_topic",
    "dynamic_line": {
      "and": [
        {
          "u_has_var": "bl9_trader",
          "type": "general",
          "context": "nocash",
          "value": "yes",
          "no": "That will be 16Pcomb.",
          "yes": "Not enough cash, stranger."
        }
      ]
    },
    "responses": [
      {
        "text": "[16Pcomb] pair of BL9-infused survivor gloves MK ii",
        "topic": "TALK_BL9_TRADER_buy",
        "condition": { "u_has_items": { "item": "platcoincomb", "count": 16 } },
        "effect": [
          { "u_sell_item": "platcoincomb", "count": 16 },
          { "npc_consume_item": "platcoincomb", "count": 16 },
          { "u_sell_item": "BL9_survivorgloves" },
          { "npc_consume_item": "BL9_survivorgloves" },
          { "u_buy_item": "BL9_survivorgloves_mk2", "count": 1 },
          { "u_add_var": "bl9_trader", "type": "general", "context": "bought", "value": "yes" },
          { "u_add_var": "bl9_trader", "type": "bought", "context": "BL9_survivorgloves_mk2", "value": "yes" }
        ]
      },
      {
        "text": "[16Pcomb] pair of BL9-infused survivor gloves MK ii",
        "topic": "TALK_BL9_TRADER_buy_BL9_survivorgloves_mk2",
        "condition": { "not": { "u_has_items": { "item": "platcoincomb", "count": 16 } } },
        "effect": { "u_add_var": "bl9_trader", "type": "bought", "context": "nocash", "value": "yes" }
      },
      {
        "text": "I need something else.",
        "topic": "TALK_BL9_TRADER_buy",
        "effect": [
          { "u_lose_var": "bl9_trader", "type": "general", "context": "nocash", "value": "yes" },
          { "u_lose_var": "bl9_trader", "type": "general", "context": "bought", "value": "yes" }
        ]
      }
    ]
  },
  {
    "id": "TALK_BL9_TRADER_buy_BL9_survivorboots_mk2",
    "type": "talk_topic",
    "dynamic_line": {
      "and": [
        {
          "u_has_var": "bl9_trader",
          "type": "general",
          "context": "nocash",
          "value": "yes",
          "no": "That will be 24Pcomb.",
          "yes": "Not enough cash, stranger."
        }
      ]
    },
    "responses": [
      {
        "text": "[24Pcomb] Pair of BL9-infused survivor boots MK ii",
        "topic": "TALK_BL9_TRADER_buy",
        "condition": { "u_has_items": { "item": "platcoincomb", "count": 24 } },
        "effect": [
          { "u_sell_item": "platcoincomb", "count": 24 },
          { "npc_consume_item": "platcoincomb", "count": 24 },
          { "u_sell_item": "BL9_survivorboots" },
          { "npc_consume_item": "BL9_survivorboots" },
          { "u_buy_item": "BL9_survivorboots_mk2", "count": 1 },
          { "u_add_var": "bl9_trader", "type": "general", "context": "bought", "value": "yes" },
          { "u_add_var": "bl9_trader", "type": "bought", "context": "BL9_survivorboots_mk2", "value": "yes" }
        ]
      },
      {
        "text": "[24Pcomb] Pair of BL9-infused survivor boots MK ii",
        "topic": "TALK_BL9_TRADER_buy_BL9_survivorboots_mk2",
        "condition": { "not": { "u_has_items": { "item": "platcoincomb", "count": 24 } } },
        "effect": { "u_add_var": "bl9_trader", "type": "bought", "context": "nocash", "value": "yes" }
      },
      {
        "text": "I need something else.",
        "topic": "TALK_BL9_TRADER_buy",
        "effect": [
          { "u_lose_var": "bl9_trader", "type": "general", "context": "nocash", "value": "yes" },
          { "u_lose_var": "bl9_trader", "type": "general", "context": "bought", "value": "yes" }
        ]
      }
    ]
  },
  {
    "id": "TALK_BL9_TRADER_buy_BL9_bodyarmor_mk2",
    "type": "talk_topic",
    "dynamic_line": {
      "and": [
        {
          "u_has_var": "bl9_trader",
          "type": "general",
          "context": "nocash",
          "value": "yes",
          "no": "That will be 40Pcomb.",
          "yes": "Not enough cash, stranger."
        }
      ]
    },
    "responses": [
      {
        "text": "[40Pcomb] BL9-infused body armor MK ii",
        "topic": "TALK_BL9_TRADER_buy",
        "condition": { "u_has_items": { "item": "platcoincomb", "count": 40 } },
        "effect": [
          { "u_sell_item": "platcoincomb", "count": 40 },
          { "npc_consume_item": "platcoincomb", "count": 40 },
          { "u_sell_item": "BL9_bodyarmor" },
          { "npc_consume_item": "BL9_bodyarmor" },
          { "u_buy_item": "BL9_bodyarmor_mk2", "count": 1 },
          { "u_add_var": "bl9_trader", "type": "general", "context": "bought", "value": "yes" },
          { "u_add_var": "bl9_trader", "type": "bought", "context": "BL9_bodyarmor_mk2", "value": "yes" }
        ]
      },
      {
        "text": "[40Pcomb] BL9-infused body armor MK ii",
        "topic": "TALK_BL9_TRADER_buy_BL9_bodyarmor_mk2",
        "condition": { "not": { "u_has_items": { "item": "platcoincomb", "count": 40 } } },
        "effect": { "u_add_var": "bl9_trader", "type": "bought", "context": "nocash", "value": "yes" }
      },
      {
        "text": "I need something else.",
        "topic": "TALK_BL9_TRADER_buy",
        "effect": [
          { "u_lose_var": "bl9_trader", "type": "general", "context": "nocash", "value": "yes" },
          { "u_lose_var": "bl9_trader", "type": "general", "context": "bought", "value": "yes" }
        ]
      }
    ]
  }
]
