[
  {
    "type": "npc",
    "id": "BL9_trader",
    "//": "Mysterious trader with bootlegged stats.",
    "name_unique": "Strange Trader",
    "gender": "male",
    "class": "NC_BONE_SEER",
    "attitude": 7,
    "mission": 3,
    "chat": "TALK_BL9_TRADER",
    "faction": "no_faction"
  },
  {
    "type": "mutation",
    "id": "BL9_TRADER",
    "name": { "str": "BL9" },
    "points": 10,
    "description": "\"Oi stranger, my eyes does mean I'm one with the walkers.\"",
    "valid": false,
    "purifiable": false,
    "ignored_by": [ "ZOMBIE", "MUTANT" ]
  }
]
